ZALACZNIK;LP;GROMADA;RODZINA;NAZWA_PL;NAZWA_LAT;SYNONIM;OCHRONA;OCHRONA_CZYNNA;ADNOTACJE;POZYSKIWANIE;ZRODLO;WERYFIKACJA
1;1;BRUNATNICE (PHAEOPHYTA);morszczynowate (Fucaceae);morszczyn pęcherzykowaty;Fucus vesiculosus;;scisla;;3;;Dz.U. 2014 poz. 1409;
1;2;KRASNOROSTY (RHODOPHYTA);hildenbrandiowate (Hildenbrandiaceae);hildenbrandia rzeczna;Hildenbrandtia rivularis;;scisla;;;;Dz.U. 2014 poz. 1409;
1;3;KRASNOROSTY (RHODOPHYTA);rozróżkowate (Ceramiaceae);rozróżka *;Ceramium diaphanum;;scisla;;3;;Dz.U. 2014 poz. 1409;
1;4;KRASNOROSTY (RHODOPHYTA);rozróżkowate (Ceramiaceae);rozróżka *;Ceramium rubrum;;scisla;;3;;Dz.U. 2014 poz. 1409;
1;5;KRASNOROSTY (RHODOPHYTA);rozróżkowate (Ceramiaceae);rozróżka *;Ceramium tenuicorne;;scisla;;3;;Dz.U. 2014 poz. 1409;
1;6;KRASNOROSTY (RHODOPHYTA);widlikowate (Furcellariaceae);widlik *;Furcellaria fastigiata;;scisla;;3;;Dz.U. 2014 poz. 1409;
1;7;RAMIENICE (CHAROPHYTA);ramienicowate (Characeae);krynicznik ciemny;Nitella opaca;;scisla;;3;;Dz.U. 2014 poz. 1409;
1;8;RAMIENICE (CHAROPHYTA);ramienicowate (Characeae);krynicznik cieniutki;Nitella tenuissima;;scisla;;;;Dz.U. 2014 poz. 1409;
1;9;RAMIENICE (CHAROPHYTA);ramienicowate (Characeae);krynicznik malutki;Nitella confervacea;N. batrachosperma;scisla;;3;;Dz.U. 2014 poz. 1409;
1;10;RAMIENICE (CHAROPHYTA);ramienicowate (Characeae);krynicznik obskubany;Nitella syncarpa;;scisla;;3;;Dz.U. 2014 poz. 1409;
1;11;RAMIENICE (CHAROPHYTA);ramienicowate (Characeae);krynicznik przezroczysty;Nitella translucens;;scisla;;3;;Dz.U. 2014 poz. 1409;
1;12;RAMIENICE (CHAROPHYTA);ramienicowate (Characeae);krynicznik smukły;Nitella gracilis;;scisla;;3;;Dz.U. 2014 poz. 1409;
1;13;RAMIENICE (CHAROPHYTA);ramienicowate (Characeae);krynicznik włosowaty;Nitella capillaris;;scisla;;3;;Dz.U. 2014 poz. 1409;
1;14;RAMIENICE (CHAROPHYTA);ramienicowate (Characeae);lychnotamnus brodaty;Lychnothamnus barbatus;;scisla;;3;;Dz.U. 2014 poz. 1409;
1;15;RAMIENICE (CHAROPHYTA);ramienicowate (Characeae);ramienica cienkokolczasta;Chara tenuispina;;scisla;;3;;Dz.U. 2014 poz. 1409;
1;16;RAMIENICE (CHAROPHYTA);ramienicowate (Characeae);ramienica grzywiasta;Chara crassicaulis;;scisla;;3;;Dz.U. 2014 poz. 1409;
1;17;RAMIENICE (CHAROPHYTA);ramienicowate (Characeae);ramienica grubołodygowa;Chara filiformis;Ch. jubata;scisla;;3;;Dz.U. 2014 poz. 1409;
1;18;RAMIENICE (CHAROPHYTA);ramienicowate (Characeae);ramienica miotlasta;Chara bauerii;Ch. scoparia;scisla;;3;;Dz.U. 2014 poz. 1409;
1;19;RAMIENICE (CHAROPHYTA);ramienicowate (Characeae);ramienica szczeciniasta;Chara strigosa;;scisla;;3;;Dz.U. 2014 poz. 1409;
1;20;RAMIENICE (CHAROPHYTA);ramienicowate (Characeae);ramienica szorstka;Chara aspera;;scisla;;3;;Dz.U. 2014 poz. 1409;
1;21;RAMIENICE (CHAROPHYTA);ramienicowate (Characeae);ramienica wielokolczasta;Chara polyacantha;;scisla;;3;;Dz.U. 2014 poz. 1409;
1;22;RAMIENICE (CHAROPHYTA);ramienicowate (Characeae);ramienica włochata;Chara canescens;Ch. crinita;scisla;;3;;Dz.U. 2014 poz. 1409;
1;23;RAMIENICE (CHAROPHYTA);ramienicowate (Characeae);ramienica zagięta;Chara connivens;;scisla;;3;;Dz.U. 2014 poz. 1409;
1;24;RAMIENICE (CHAROPHYTA);ramienicowate (Characeae);ramienica zwyczajna;Chara rudis;;scisla;;3;;Dz.U. 2014 poz. 1409;
1;25;RAMIENICE (CHAROPHYTA);ramienicowate (Characeae);rozsocha skupiona;Tolypella glomerata;;scisla;;3;;Dz.U. 2014 poz. 1409;
1;26;RAMIENICE (CHAROPHYTA);ramienicowate (Characeae);rozsocha splątana;Tolypella intricata;;scisla;;3;;Dz.U. 2014 poz. 1409;
1;27;RAMIENICE (CHAROPHYTA);ramienicowate (Characeae);rozsocha wielka;Tolypella prolifera;;scisla;;3;;Dz.U. 2014 poz. 1409;
1;28;WĄTROBOWCE (MARCHANTIOPHYTA);beznerwowate (Aneuraceae);lśniątka zakrzywiona;Riccardia incurvata;;scisla;;3;;Dz.U. 2014 poz. 1409;
1;29;WĄTROBOWCE (MARCHANTIOPHYTA);beznerwowate (Aneuraceae);lśniątka zatokowa;Riccardia chamedryfolia;;scisla;;3;;Dz.U. 2014 poz. 1409;
1;30;WĄTROBOWCE (MARCHANTIOPHYTA);czarostkowate (Fossombroniaceae);czarostka drobna;Fossombronia pusilla;;scisla;;;;Dz.U. 2014 poz. 1409;
1;31;WĄTROBOWCE (MARCHANTIOPHYTA);czarostkowate (Fossombroniaceae);czarostka jamkowata;Fossombronia foveolata;;scisla;;;;Dz.U. 2014 poz. 1409;
1;32;WĄTROBOWCE (MARCHANTIOPHYTA);czarostkowate (Fossombroniaceae);czarostka krzywa;Fossombronia incurva;;scisla;;;;Dz.U. 2014 poz. 1409;
1;33;WĄTROBOWCE (MARCHANTIOPHYTA);czubkowate (Lophoziaceae);czubek delikatny;Lophozia laxa;;scisla;;;;Dz.U. 2014 poz. 1409;
1;34;WĄTROBOWCE (MARCHANTIOPHYTA);czubkowate (Lophoziaceae);czubek długozębny;Lophozia longidens;;scisla;;;;Dz.U. 2014 poz. 1409;
1;35;WĄTROBOWCE (MARCHANTIOPHYTA);czubkowate (Lophoziaceae);czubek główkowaty;Lophozia capitata;;scisla;;;;Dz.U. 2014 poz. 1409;
1;36;WĄTROBOWCE (MARCHANTIOPHYTA);czubkowate (Lophoziaceae);czubek;Ruthego Lophozia rutheana;;scisla;;;;Dz.U. 2014 poz. 1409;
1;37;WĄTROBOWCE (MARCHANTIOPHYTA);czubkowate (Lophoziaceae);wieloklap;Kunzego Barbilophozia kunzeana;;scisla;;;;Dz.U. 2014 poz. 1409;
1;38;WĄTROBOWCE (MARCHANTIOPHYTA);czubkowate (Lophoziaceae);zgiętolist nadrzewny;Anastrophyllum hellerianum;;scisla;;;;Dz.U. 2014 poz. 1409;
1;39;WĄTROBOWCE (MARCHANTIOPHYTA);głowiakowate (Cephaloziaceae);bagniczka drobna;Cladopodiella francisci;;scisla;;;;Dz.U. 2014 poz. 1409;
1;40;WĄTROBOWCE (MARCHANTIOPHYTA);głowiakowate (Cephaloziaceae);bagniczka pływająca;Cladopodiella fluitans;;scisla;;;;Dz.U. 2014 poz. 1409;
1;41;WĄTROBOWCE (MARCHANTIOPHYTA);głowiakowate (Cephaloziaceae);głowiak buławkowaty;Cephalozia pleniceps;;scisla;;;;Dz.U. 2014 poz. 1409;
1;42;WĄTROBOWCE (MARCHANTIOPHYTA);głowiakowate (Cephaloziaceae);głowiak;Loitlesbergera Cephalozia loitlesbergeri;;scisla;;;;Dz.U. 2014 poz. 1409;
1;43;WĄTROBOWCE (MARCHANTIOPHYTA);głowiakowate (Cephaloziaceae);głowiak łańcuszkowaty;Cephalozia catenulata;;scisla;;;;Dz.U. 2014 poz. 1409;
1;44;WĄTROBOWCE (MARCHANTIOPHYTA);głowiakowate (Cephaloziaceae);natorfek nagi;Odontoschisma denudatum;;scisla;;;;Dz.U. 2014 poz. 1409;
1;45;WĄTROBOWCE (MARCHANTIOPHYTA);głowiakowate (Cephaloziaceae);natorfek torfowcowy;Odontoschisma sphagni;;scisla;;;;Dz.U. 2014 poz. 1409;
1;46;WĄTROBOWCE (MARCHANTIOPHYTA);jednoczepkowate (Haplomitriaceae);jednoczepek;Hookera Haplomitrium hookeri;;scisla;;;;Dz.U. 2014 poz. 1409;
1;47;WĄTROBOWCE (MARCHANTIOPHYTA);manniowate (Aytoniaceae);gwiaździanka workowata;Asterella saccata;;scisla;1;1;;Dz.U. 2014 poz. 1409;
1;48;WĄTROBOWCE (MARCHANTIOPHYTA);manniowate (Aytoniaceae);mannia pachnąca;Mannia fragrans;;scisla;1;1;;Dz.U. 2014 poz. 1409;
1;49;WĄTROBOWCE (MARCHANTIOPHYTA);manniowate (Aytoniaceae);rebulia półkulista;Reboulia hemisphaerica;;scisla;;;;Dz.U. 2014 poz. 1409;
1;50;WĄTROBOWCE (MARCHANTIOPHYTA);miedzikowate (Frullaniaceae);miedzik krucholistny;Frullania fragilifolia;;scisla;;;;Dz.U. 2014 poz. 1409;
1;51;WĄTROBOWCE (MARCHANTIOPHYTA);miedzikowate (Frullaniaceae);miedzik tamaryszkowy;Frullania tamarisci;;scisla;;;;Dz.U. 2014 poz. 1409;
1;52;WĄTROBOWCE (MARCHANTIOPHYTA);ostroczepkowate (Oxymitraceae);ostroczepek łuskowaty;Oxymitra incrassata;;scisla;1;1;;Dz.U. 2014 poz. 1409;
1;53;WĄTROBOWCE (MARCHANTIOPHYTA);pallawiciniowate (Pallaviciniaceae);merkia irlandzka;Moerckia hibernica;;scisla;;;;Dz.U. 2014 poz. 1409;
1;54;WĄTROBOWCE (MARCHANTIOPHYTA);pallawiciniowate (Pallaviciniaceae);pallawicinia;Lyella Pallavicinia lyellii;;scisla;;;;Dz.U. 2014 poz. 1409;
1;55;WĄTROBOWCE (MARCHANTIOPHYTA);parzochowate (Porellaceae);parzoch pieprzowy;Porella arboris-vitae;;scisla;;;;Dz.U. 2014 poz. 1409;
1;56;WĄTROBOWCE (MARCHANTIOPHYTA);parzochowate (Porellaceae);parzoch szerokolistny;Porella platyphylla;;scisla;;;;Dz.U. 2014 poz. 1409;
1;57;WĄTROBOWCE (MARCHANTIOPHYTA);płożykowate (Geocalycaceae);płozikowiec tarczkowaty;Harpanthus scutatus;;scisla;;;;Dz.U. 2014 poz. 1409;
1;58;WĄTROBOWCE (MARCHANTIOPHYTA);płożykowate (Geocalycaceae);płożyk wonny;Geocalyx graveolens;;scisla;;;;Dz.U. 2014 poz. 1409;
1;59;WĄTROBOWCE (MARCHANTIOPHYTA);wgłębkowate (Ricciaceae);wgłębka Hübenera;Riccia huebeneriana;;scisla;;;;Dz.U. 2014 poz. 1409;
1;60;WĄTROBOWCE (MARCHANTIOPHYTA);wgłębkowate (Ricciaceae);wgłębka rzęsista;Riccia ciliifera;;scisla;1;1;;Dz.U. 2014 poz. 1409;
1;61;WĄTROBOWCE (MARCHANTIOPHYTA);wgłębkowate (Ricciaceae);wgłębka szara;Riccia trichocarpa;;scisla;;;;Dz.U. 2014 poz. 1409;
1;62;WĄTROBOWCE (MARCHANTIOPHYTA);widlikowate (Metzgeriaceae);widlik krzaczkowaty;Metzgeria fruticulosa;;scisla;;;;Dz.U. 2014 poz. 1409;
1;63;WĄTROBOWCE (MARCHANTIOPHYTA);skapankowate (Scapaniaceae);skapanka błotna;Scapania paludicola;;scisla;;;;Dz.U. 2014 poz. 1409;
1;64;WĄTROBOWCE (MARCHANTIOPHYTA);skapankowate (Scapaniaceae);skapanka spiczasta;Scapania apiculata;;scisla;;;;Dz.U. 2014 poz. 1409;
1;65;MCHY (BRYOPHYTA);bezlistowate (Buxbaumiaceae);bezlist okrywowy;Buxbaumia viridis;;scisla;;2,3;;Dz.U. 2014 poz. 1409;
1;66;MCHY (BRYOPHYTA);białozębowate (Leucodontaceae);jeżolist zwyczajny;Antitrichia curtipendula;;scisla;;3;;Dz.U. 2014 poz. 1409;
1;67;MCHY (BRYOPHYTA);błotniszkowate (Helodiaceae);błotniszek wełnisty;Helodium blandowii;;scisla;;3;;Dz.U. 2014 poz. 1409;
1;68;MCHY (BRYOPHYTA);czarnogłowate (Catoscopiaceae);czarnogłów czarniawy;Catoscopium nigitum;;scisla;;;;Dz.U. 2014 poz. 1409;
1;69;MCHY (BRYOPHYTA);drabinowcowate (Cinclidiaceae);drabinowiec mroczny;Cinclidium stygium;;scisla;;;;Dz.U. 2014 poz. 1409;
1;70;MCHY (BRYOPHYTA);krzywoszyjowate (Amblystegiaceae);bagiennik widłakowaty;Pseudocalliergon lycopodioides;;scisla;;3;;Dz.U. 2014 poz. 1409;
1;71;MCHY (BRYOPHYTA);krzywoszyjowate (Amblystegiaceae);bagiennik żmijowaty;Pseudocalliergon trifarium;;scisla;;;;Dz.U. 2014 poz. 1409;
1;72;MCHY (BRYOPHYTA);krzywoszyjowate (Amblystegiaceae);haczykowiec (sierpowiec) błyszczący;Hamatocaulis;;scisla;;2,3;(Drepanocladus) vernicosus;Dz.U. 2014 poz. 1409;
1;73;MCHY (BRYOPHYTA);krzywoszyjowate (Amblystegiaceae);krzywoząb podsadnikowy;Anacamptodon splachnoides;;scisla;;;;Dz.U. 2014 poz. 1409;
1;74;MCHY (BRYOPHYTA);krzywoszyjowate (Amblystegiaceae);mokradłosz;Richardsona Calliergon richardsonii;;scisla;;;;Dz.U. 2014 poz. 1409;
1;75;MCHY (BRYOPHYTA);krzywoszyjowate (Amblystegiaceae);mokradłosz wielkolistny;Calliergon megalophyllum;;scisla;;;;Dz.U. 2014 poz. 1409;
1;76;MCHY (BRYOPHYTA);krzywoszyjowate (Amblystegiaceae);sierpowiec włosolistny;Drepanocladus capillifolius;;scisla;;;;Dz.U. 2014 poz. 1409;
1;77;MCHY (BRYOPHYTA);krzywoszyjowate (Amblystegiaceae);skorpionowiec brunatny;Scorpidium scorpioides;;scisla;;;;Dz.U. 2014 poz. 1409;
1;78;MCHY (BRYOPHYTA);krzywoszyjowate (Amblystegiaceae);warnstorfia włoskolistna;Warnstorfia trichophylla;;scisla;;;;Dz.U. 2014 poz. 1409;
1;79;MCHY (BRYOPHYTA);krótkoszowate (Brachytheciaceae);ostrószek kanaryjski;Rhynchostegiella teneriffae;;scisla;;;;Dz.U. 2014 poz. 1409;
1;80;MCHY (BRYOPHYTA);krótkoszowate (Brachytheciaceae);szydłosz cienki;Cirriphyllum tenuicaule;;scisla;;;;Dz.U. 2014 poz. 1409;
1;81;MCHY (BRYOPHYTA);miecherowate (Neckeraceae);miechera pierzasta;Neckera pennata;;scisla;;;;Dz.U. 2014 poz. 1409;
1;82;MCHY (BRYOPHYTA);miecherowate (Neckeraceae);miechera wysmukła;Neckera pumila;;scisla;;;;Dz.U. 2014 poz. 1409;
1;83;MCHY (BRYOPHYTA);nurzypląsowate (Cinclidotaceae);nurzypląs czarniawy;Cinclidotus riparius;;scisla;;;;Dz.U. 2014 poz. 1409;
1;84;MCHY (BRYOPHYTA);nurzypląsowate (Cinclidotaceae);nurzypląs lancetowaty;Cinclidotus fontinaloides;;scisla;;;;Dz.U. 2014 poz. 1409;
1;85;MCHY (BRYOPHYTA);parzęchlinowate (Meesiaceae);mszar krokiewkowaty;PaludelIa squarrosa;;scisla;;3;;Dz.U. 2014 poz. 1409;
1;86;MCHY (BRYOPHYTA);parzęchlinowate (Meesiaceae);parzęchlin trójrzędowy;Meesia triquetra;;scisla;;3;;Dz.U. 2014 poz. 1409;
1;87;MCHY (BRYOPHYTA);parzęchlinowate (Meesiaceae);parzęchlin trzęsawiskowy;Meesia uliginosa;;scisla;;;;Dz.U. 2014 poz. 1409;
1;88;MCHY (BRYOPHYTA);parzęchlinowate (Meesiaceae);tępoząb białawy;Amblyodon dealbatus;;scisla;;;;Dz.U. 2014 poz. 1409;
1;89;MCHY (BRYOPHYTA);płaskolistowate (Hookeriaceae);płaskolist lśniący;Hookeria lucens;;scisla;;;;Dz.U. 2014 poz. 1409;
1;90;MCHY (BRYOPHYTA);płaskomerzykowate (Plagiomniaceae);nibyprątnik torfowy;Pseudobryum cinclidioides;;scisla;;;;Dz.U. 2014 poz. 1409;
1;91;MCHY (BRYOPHYTA);podsadnikowate (Splachnaceae);podsadnik kulisty;Splachnum sphaericum;;scisla;;;;Dz.U. 2014 poz. 1409;
1;92;MCHY (BRYOPHYTA);prątnikowate (Bryaceae);prątnik brandenburski;Bryum neodamense;;scisla;;;;Dz.U. 2014 poz. 1409;
1;93;MCHY (BRYOPHYTA);prątnikowate (Bryaceae);prątnik jajowaty;Bryum subneodamense;;scisla;;;;Dz.U. 2014 poz. 1409;
1;94;MCHY (BRYOPHYTA);rokietowate (Hypnaceae);rokiet łąkowy;Hypnum pratense;;scisla;;;;Dz.U. 2014 poz. 1409;
1;95;MCHY (BRYOPHYTA);rokietowate (Hypnaceae);rokiet płodny;Hypnum fertile;;scisla;;;;Dz.U. 2014 poz. 1409;
1;96;MCHY (BRYOPHYTA);skrętkowate (Funariaceae);bezrąbek czterokanciasty;Pyramidula tetragona;;scisla;;;;Dz.U. 2014 poz. 1409;
1;97;MCHY (BRYOPHYTA);skrętkowate (Funariaceae);czarecznik zaostrzony;Physcomitrium acuminatum;;scisla;;;;Dz.U. 2014 poz. 1409;
1;98;MCHY (BRYOPHYTA);skrzydlikowate (Fissidentaceae);skrzydlik studziennik;Fissidens fontanus;;scisla;;;;Dz.U. 2014 poz. 1409;
1;99;MCHY (BRYOPHYTA);skrzydlikowate (Fissidentaceae);skrzydlik tęgoszczecinowy;Fissidens crassipes;;scisla;;;;Dz.U. 2014 poz. 1409;
1;100;MCHY (BRYOPHYTA);strzechwowate (Grimmiaceae);rozłupek wiotki;Schistidium flaccidum;;scisla;;;;Dz.U. 2014 poz. 1409;
1;101;MCHY (BRYOPHYTA);szurpkowate (Orthotrichaceae);nastroszek amerykański;Ulota hutchinsiae;;scisla;;;;Dz.U. 2014 poz. 1409;
1;102;MCHY (BRYOPHYTA);szurpkowate (Orthotrichaceae);nastroszek długoszypułkowy;Ulota coarctata;;scisla;;;;Dz.U. 2014 poz. 1409;
1;103;MCHY (BRYOPHYTA);szurpkowate (Orthotrichaceae);nastroszek;Drummonda Ulota drummondii;;scisla;;;;Dz.U. 2014 poz. 1409;
1;104;MCHY (BRYOPHYTA);szurpkowate (Orthotrichaceae);nastroszek morski;Ulota phyllantha;;scisla;;;;Dz.U. 2014 poz. 1409;
1;105;MCHY (BRYOPHYTA);szurpkowate (Orthotrichaceae);szurpek szwedzki;Orthotrichum scanicum;;scisla;;;;Dz.U. 2014 poz. 1409;
1;106;MCHY (BRYOPHYTA);szurpkowate (Orthotrichaceae);zrostniczek wysmukły;Zygodon gracilis;;scisla;;;;Dz.U. 2014 poz. 1409;
1;107;MCHY (BRYOPHYTA);szurpkowate (Orthotrichaceae);zrostniczek skalny;Zygodon rupestris;;scisla;;;;Dz.U. 2014 poz. 1409;
1;108;MCHY (BRYOPHYTA);szurpkowate (Orthotrichaceae);zrostniczek;Stirtona Zygodon stirtonii;;scisla;;;;Dz.U. 2014 poz. 1409;
1;109;MCHY (BRYOPHYTA);szurpkowate (Orthotrichaceae);zrostniczek ząbkowany;Zygodon dentatus;;scisla;;;;Dz.U. 2014 poz. 1409;
1;110;MCHY (BRYOPHYTA);szurpkowate (Orthotrichaceae);zrostniczek zielony;Zygodon viridissimus;;scisla;;;;Dz.U. 2014 poz. 1409;
1;111;MCHY (BRYOPHYTA);torfowcowate (Sphagnaceae);torfowiec;Lindberga Sphagnum lindbergii;;scisla;;;;Dz.U. 2014 poz. 1409;
1;112;MCHY (BRYOPHYTA);widłozębowate (Dicranaceae);krzywoszczeć;Schimpera Campylopus schimperi;;scisla;;;;Dz.U. 2014 poz. 1409;
1;113;MCHY (BRYOPHYTA);widłozębowate (Dicranaceae);widłoząb;Bergera Dicranum undulatum;;scisla;;;;Dz.U. 2014 poz. 1409;
1;114;MCHY (BRYOPHYTA);widłozębowate (Dicranaceae);widłoząb zielony;Dicranum viride;;scisla;;2;;Dz.U. 2014 poz. 1409;
1;115;MCHY (BRYOPHYTA);zdrojkowate (Fontinalaceae);moczara sierpowata;Dichelyma falcatum;;scisla;;3;;Dz.U. 2014 poz. 1409;
1;116;MCHY (BRYOPHYTA);zdrojkowate (Fontinalaceae);moczara włoskowata (żaglik włoskowaty);Dichelyma capillaceum;;scisla;;2,3;;Dz.U. 2014 poz. 1409;
1;117;MCHY (BRYOPHYTA);zdrojkowate (Fontinalaceae);zdrojek rokietowaty;Fontinalis hypnoides;;scisla;;3;;Dz.U. 2014 poz. 1409;
1;118;MCHY (BRYOPHYTA);zdrojkowate (Fontinalaceae);zdrojek szwedzki;Fontinalis dalecarlica;;scisla;;3;;Dz.U. 2014 poz. 1409;
1;119;PAPROTNIKI (PTERIDOPHYTA);długoszowate (Osmundaceae);długosz królewski;Osmunda regalis;;scisla;;3;;Dz.U. 2014 poz. 1409;
1;120;PAPROTNIKI (PTERIDOPHYTA);marsyliowate (Marsileaceae);gałuszka kulecznica;Pilularia globulifera;;scisla;1;1,3;;Dz.U. 2014 poz. 1409;
1;121;PAPROTNIKI (PTERIDOPHYTA);marsyliowate (Marsileaceae);marsylia czterolistna;Marsilea quadrifolia;;scisla;1;1,2,3;;Dz.U. 2014 poz. 1409;
1;122;PAPROTNIKI (PTERIDOPHYTA);narecznicowate (Dryopteridaceae);paprotnik;Brauna Polystichum braunii;;scisla;;;;Dz.U. 2014 poz. 1409;
1;123;PAPROTNIKI (PTERIDOPHYTA);narecznicowate (Dryopteridaceae);paprotnik kolczysty;Polystichum aculeatum;;scisla;;;;Dz.U. 2014 poz. 1409;
1;124;PAPROTNIKI (PTERIDOPHYTA);narecznicowate (Dryopteridaceae);paprotnik ostry;Polystichum lonchitis;;scisla;;;;Dz.U. 2014 poz. 1409;
1;125;PAPROTNIKI (PTERIDOPHYTA);nasięźrzałowate (Ophioglossaceae);nasięźrzał pospolity;Ophioglossum vulgatum;;scisla;1;1;;Dz.U. 2014 poz. 1409;
1;126;PAPROTNIKI (PTERIDOPHYTA);nasięźrzałowate (Ophioglossaceae);podejźrzon księżycowy;Botrychium lunaria;;scisla;1;1;;Dz.U. 2014 poz. 1409;
1;127;PAPROTNIKI (PTERIDOPHYTA);nasięźrzałowate (Ophioglossaceae);podejźrzon marunowy;Botrychium matricariifolium;;scisla;1;1;;Dz.U. 2014 poz. 1409;
1;128;PAPROTNIKI (PTERIDOPHYTA);nasięźrzałowate (Ophioglossaceae);podejźrzon pojedynczy;Botrychium simplex;;scisla;1;1,2,3;;Dz.U. 2014 poz. 1409;
1;129;PAPROTNIKI (PTERIDOPHYTA);nasięźrzałowate (Ophioglossaceae);podejźrzon rutolistny;Botrychium multifidum;;scisla;1;1;;Dz.U. 2014 poz. 1409;
1;130;PAPROTNIKI (PTERIDOPHYTA);nasięźrzałowate (Ophioglossaceae);podejźrzon wirginijski;Botrychium virginianum;;scisla;1;1,3;;Dz.U. 2014 poz. 1409;
1;131;PAPROTNIKI (PTERIDOPHYTA);poryblinowate (Isoëtaceae);poryblin jeziorny;Isoëtes lacustris;;scisla;;3;;Dz.U. 2014 poz. 1409;
1;132;PAPROTNIKI (PTERIDOPHYTA);poryblinowate (Isoëtaceae);poryblin kolczasty;Isoëtes echinospora;;scisla;;3;;Dz.U. 2014 poz. 1409;
1;133;PAPROTNIKI (PTERIDOPHYTA);rozpłochowate (Hymenophyllaceae);włosocień delikatny;Trichomanes speciosum;;scisla;;2,3;;Dz.U. 2014 poz. 1409;
1;134;PAPROTNIKI (PTERIDOPHYTA);salwinowate (Salviniaceae);salwinia pływająca;Salvinia natans;;scisla;;;;Dz.U. 2014 poz. 1409;
1;135;PAPROTNIKI (PTERIDOPHYTA);widłakowate (Lycopodiaceae);widlicz (widłak) alpejski;Diphasiastrum alpinum;;scisla;;3;;Dz.U. 2014 poz. 1409;
1;136;PAPROTNIKI (PTERIDOPHYTA);widłakowate (Lycopodiaceae);widlicz (widłak) cyprysowy;Diphasiastrum tristachyum;;scisla;;;;Dz.U. 2014 poz. 1409;
1;137;PAPROTNIKI (PTERIDOPHYTA);widłakowate (Lycopodiaceae);widlicz (widłak);Isslera Diphasiastrum issleri;;scisla;;;;Dz.U. 2014 poz. 1409;
1;138;PAPROTNIKI (PTERIDOPHYTA);widłakowate (Lycopodiaceae);widlicz (widłak);Zeillera Diphasiastrum zeilleri;;scisla;;;;Dz.U. 2014 poz. 1409;
1;139;PAPROTNIKI (PTERIDOPHYTA);widłakowate (Lycopodiaceae);widłaczek (widłak) torfowy;Lycopodiella inundata;;scisla;;3;;Dz.U. 2014 poz. 1409;
1;140;PAPROTNIKI (PTERIDOPHYTA);wietlicowate (Athyriaceae);rozrzutka brunatna;Woodsia ilvensis;;scisla;1;1,3;;Dz.U. 2014 poz. 1409;
1;141;PAPROTNIKI (PTERIDOPHYTA);zanokcicowate (Aspleniaceae);języcznik zwyczajny;Phyllitis scolopendrium;;scisla;;;;Dz.U. 2014 poz. 1409;
1;142;PAPROTNIKI (PTERIDOPHYTA);zanokcicowate (Aspleniaceae);zanokcica serpentynowa;Asplenium adulterinum;;scisla;;2,3;;Dz.U. 2014 poz. 1409;
1;143;PAPROTNIKI (PTERIDOPHYTA);zanokcicowate (Aspleniaceae);zanokcica klinowata;Asplenium cuneifolium;;scisla;;3;;Dz.U. 2014 poz. 1409;
1;144;PAPROTNIKI (PTERIDOPHYTA);zanokcicowate (Aspleniaceae);zanokcica ciemna;Asplenium adiantum-nigrum;;scisla;;3;;Dz.U. 2014 poz. 1409;
1;145;PAPROTNIKI (PTERIDOPHYTA);zmienkowate (Cryptogrammaceae);zmienka górska;Cryptogramma crispa;;scisla;;3;;Dz.U. 2014 poz. 1409;
1;146;NASIENNE (SPERMATOPHYTA);babkowate (Plantaginaceae);babka górska;Plantago atrata subsp. carpathica;;scisla;;3;;Dz.U. 2014 poz. 1409;
1;147;NASIENNE (SPERMATOPHYTA);babkowate (Plantaginaceae);babka nadmorska (b. morska);Plantago maritima;;scisla;1;1;;Dz.U. 2014 poz. 1409;
1;148;NASIENNE (SPERMATOPHYTA);babkowate (Plantaginaceae);babka pierzasta;Plantago coronopus;;scisla;1;1;;Dz.U. 2014 poz. 1409;
1;149;NASIENNE (SPERMATOPHYTA);babkowate (Plantaginaceae);brzeżyca jednokwiatowa;Littorella uniflora;;scisla;;3;;Dz.U. 2014 poz. 1409;
1;150;NASIENNE (SPERMATOPHYTA);babkowate (Plantaginaceae);przetacznik zwodny (p. wiechowaty);Veronica paniculata;;scisla;1;1;;Dz.U. 2014 poz. 1409;
1;151;NASIENNE (SPERMATOPHYTA);bagnicowate (Scheuchzeriaceae);bagnica torfowa;Scheuchzeria palustris;;scisla;;;;Dz.U. 2014 poz. 1409;
1;152;NASIENNE (SPERMATOPHYTA);baldaszkowate (Apiaceae);cieszynianka wiosenna;Hacquetia epipactis;;scisla;;;;Dz.U. 2014 poz. 1409;
1;153;NASIENNE (SPERMATOPHYTA);baldaszkowate (Apiaceae);mikołajek nadmorski;Eryngium maritimum;;scisla;;;;Dz.U. 2014 poz. 1409;
1;154;NASIENNE (SPERMATOPHYTA);baldaszkowate (Apiaceae);przewiercień cienki;Bupleurum tenuissimum;;scisla;;;;Dz.U. 2014 poz. 1409;
1;155;NASIENNE (SPERMATOPHYTA);baldaszkowate (Apiaceae);przewiercien długolistny;Bupleurum longifolium;;scisla;;;;Dz.U. 2014 poz. 1409;
1;156;NASIENNE (SPERMATOPHYTA);baldaszkowate (Apiaceae);selery (pęczyna) węzłobaldachowe;Apium nodiflorum;;scisla;;3;;Dz.U. 2014 poz. 1409;
1;157;NASIENNE (SPERMATOPHYTA);baldaszkowate (Apiaceae);selery (pęczyna) błotne;Apium repens;;scisla;1;1,2,3;;Dz.U. 2014 poz. 1409;
1;158;NASIENNE (SPERMATOPHYTA);baldaszkowate (Apiaceae);starodub łąkowy;Ostericum palustre;;scisla;1;1,2,3;;Dz.U. 2014 poz. 1409;
1;159;NASIENNE (SPERMATOPHYTA);bobrkowate (Menyanthaceae);grzybieńczyk wodny;Nymphoides peltata;;scisla;;;;Dz.U. 2014 poz. 1409;
1;160;NASIENNE (SPERMATOPHYTA);brzozowate (Betulaceae);brzoza karłowata;Betula nana;;scisla;1;1,3;;Dz.U. 2014 poz. 1409;
1;161;NASIENNE (SPERMATOPHYTA);brzozowate (Betulaceae);brzoza niska;Betula humilis;;scisla;1;1,3;;Dz.U. 2014 poz. 1409;
1;162;NASIENNE (SPERMATOPHYTA);brzozowate (Betulaceae);brzoza ojcowska;Betula x oycoviensis;;scisla;1;1,3;;Dz.U. 2014 poz. 1409;
1;163;NASIENNE (SPERMATOPHYTA);dymnicowate (Fumariaceae);kokorycz drobna;Corydalis pumila;;scisla;;;;Dz.U. 2014 poz. 1409;
1;164;NASIENNE (SPERMATOPHYTA);dziurawcowate (Hypericaceae);dziurawiec nadobny;Hypericum pulchrum;;scisla;;;;Dz.U. 2014 poz. 1409;
1;165;NASIENNE (SPERMATOPHYTA);dziurawcowate (Hypericaceae);dziurawiec wytworny;Hypericum elegans;;scisla;1;1;;Dz.U. 2014 poz. 1409;
1;166;NASIENNE (SPERMATOPHYTA);dzwonkowate (Campanulaceae);dzwonecznik wonny;Adenophora liliifolia;;scisla;1;1,2,3;;Dz.U. 2014 poz. 1409;
1;167;NASIENNE (SPERMATOPHYTA);dzwonkowate (Campanulaceae);dzwonek boloński;Campanula bononiensis;;scisla;1;1;;Dz.U. 2014 poz. 1409;
1;168;NASIENNE (SPERMATOPHYTA);dzwonkowate (Campanulaceae);dzwonek brodaty;Campanula barbata;;scisla;;;;Dz.U. 2014 poz. 1409;
1;169;NASIENNE (SPERMATOPHYTA);dzwonkowate (Campanulaceae);dzwonek karkonoski;Campanula bohemica;;scisla;1;1,2,3;;Dz.U. 2014 poz. 1409;
1;170;NASIENNE (SPERMATOPHYTA);dzwonkowate (Campanulaceae);dzwonek piłkowany (d. lancetowaty);Campanula serrata;;scisla;;2,3;;Dz.U. 2014 poz. 1409;
1;171;NASIENNE (SPERMATOPHYTA);dzwonkowate (Campanulaceae);dzwonek syberyjski;Campanula sibirica;;scisla;1;1;;Dz.U. 2014 poz. 1409;
1;172;NASIENNE (SPERMATOPHYTA);fiołkowate (Violaceae);fiołek bagienny;Viola uliginosa;;scisla;;;;Dz.U. 2014 poz. 1409;
1;173;NASIENNE (SPERMATOPHYTA);fiołkowate (Violaceae);fiołek mokradłowy;Viola stagnina;;scisla;1;1;;Dz.U. 2014 poz. 1409;
1;174;NASIENNE (SPERMATOPHYTA);fiołkowate (Violaceae);fiołek torfowy;Viola epipsila;;scisla;;;;Dz.U. 2014 poz. 1409;
1;175;NASIENNE (SPERMATOPHYTA);goryczkowate (Gentianaceae);centuria nadbrzeżna;Centaurium littorale;;scisla;;;;Dz.U. 2014 poz. 1409;
1;176;NASIENNE (SPERMATOPHYTA);goryczkowate (Gentianaceae);goryczka kropkowana;Gentiana punctata;;scisla;;3;;Dz.U. 2014 poz. 1409;
1;177;NASIENNE (SPERMATOPHYTA);goryczkowate (Gentianaceae);goryczka krótkołodygowa (g. Klusjusa);Gentiana clusii;;scisla;;3;;Dz.U. 2014 poz. 1409;
1;178;NASIENNE (SPERMATOPHYTA);goryczkowate (Gentianaceae);goryczka krzyżowa;Gentiana cruciata;;scisla;1;1;;Dz.U. 2014 poz. 1409;
1;179;NASIENNE (SPERMATOPHYTA);goryczkowate (Gentianaceae);goryczka przeźroczysta;Gentiana frigida;;scisla;;3;;Dz.U. 2014 poz. 1409;
1;180;NASIENNE (SPERMATOPHYTA);goryczkowate (Gentianaceae);goryczka śniegowa;Gentiana nivalis;;scisla;;3;;Dz.U. 2014 poz. 1409;
1;181;NASIENNE (SPERMATOPHYTA);goryczkowate (Gentianaceae);goryczka wąskolistna;Gentiana pneumonanthe;;scisla;1;1;;Dz.U. 2014 poz. 1409;
1;182;NASIENNE (SPERMATOPHYTA);goryczkowate (Gentianaceae);goryczka wiosenna;Gentiana verna;;scisla;;3;;Dz.U. 2014 poz. 1409;
1;183;NASIENNE (SPERMATOPHYTA);goryczkowate (Gentianaceae);goryczuszka (goryczka) bałtycka;Gentianella baltica;;scisla;1;1;;Dz.U. 2014 poz. 1409;
1;184;NASIENNE (SPERMATOPHYTA);goryczkowate (Gentianaceae);goryczuszka (goryczka) błotna;Gentianella uliginosa;;scisla;1;1;;Dz.U. 2014 poz. 1409;
1;185;NASIENNE (SPERMATOPHYTA);goryczkowate (Gentianaceae);goryczuszka (goryczka) czeska;Gentianella bohemica;;scisla;1;1,2,3;;Dz.U. 2014 poz. 1409;
1;186;NASIENNE (SPERMATOPHYTA);goryczkowate (Gentianaceae);goryczuszka (goryczka) gorzkawa;Gentianella amarella;;scisla;;;;Dz.U. 2014 poz. 1409;
1;187;NASIENNE (SPERMATOPHYTA);goryczkowate (Gentianaceae);goryczuszka (goryczka) lodnikowa;Gentianella tenella;;scisla;;3;;Dz.U. 2014 poz. 1409;
1;188;NASIENNE (SPERMATOPHYTA);goryczkowate (Gentianaceae);goryczuszka (goryczka) polna;Gentianella campestris;;scisla;1;1;;Dz.U. 2014 poz. 1409;
1;189;NASIENNE (SPERMATOPHYTA);goryczkowate (Gentianaceae);goryczuszka (goryczka) Wettsteina;Gentianella germanica;;scisla;1;1;;Dz.U. 2014 poz. 1409;
1;190;NASIENNE (SPERMATOPHYTA);goryczkowate (Gentianaceae);niebielistka (swercja) trwała;Swertia perennis;;scisla;1;1;;Dz.U. 2014 poz. 1409;
1;191;NASIENNE (SPERMATOPHYTA);goździkowate (Caryophyllaceae);goździk kosmaty;Dianthus armeria;;scisla;1;1;;Dz.U. 2014 poz. 1409;
1;192;NASIENNE (SPERMATOPHYTA);goździkowate (Caryophyllaceae);goździk lodowcowy (g. lodnikowy);Dianthus glacialis;;scisla;;3;;Dz.U. 2014 poz. 1409;
1;193;NASIENNE (SPERMATOPHYTA);goździkowate (Caryophyllaceae);goździk lśniący;Dianthus nitidus;;scisla;;2,3;;Dz.U. 2014 poz. 1409;
1;194;NASIENNE (SPERMATOPHYTA);goździkowate (Caryophyllaceae);goździk okazały;Dianthus speciosus;;scisla;;3;;Dz.U. 2014 poz. 1409;
1;195;NASIENNE (SPERMATOPHYTA);goździkowate (Caryophyllaceae);goździk pyszny;Dianthus superbus;;scisla;1;1;;Dz.U. 2014 poz. 1409;
1;196;NASIENNE (SPERMATOPHYTA);goździkowate (Caryophyllaceae);goździk siny;Dianthus gratianopolitanus;;scisla;1;1;;Dz.U. 2014 poz. 1409;
1;197;NASIENNE (SPERMATOPHYTA);goździkowate (Caryophyllaceae);gwiazdnica grubolistna;Stellaria crassifolia;;scisla;;;;Dz.U. 2014 poz. 1409;
1;198;NASIENNE (SPERMATOPHYTA);goździkowate (Caryophyllaceae);nadbrzeżyca nadrzeczna;Corrigiola litoralis;;scisla;1;1,3;;Dz.U. 2014 poz. 1409;
1;199;NASIENNE (SPERMATOPHYTA);gruboszowate (Crassulaceae);rojnik górski;Sempervivum montanum;;scisla;;;;Dz.U. 2014 poz. 1409;
1;200;NASIENNE (SPERMATOPHYTA);gruboszowate (Crassulaceae);rojownik (rojnik) pospolity;Jovibarba sobolifera;;scisla;;;;Dz.U. 2014 poz. 1409;
1;201;NASIENNE (SPERMATOPHYTA);gruboszowate (Crassulaceae);rojownik (rojnik) włochaty;Jovibarba hirta;;scisla;;;;Dz.U. 2014 poz. 1409;
1;202;NASIENNE (SPERMATOPHYTA);gruboszowate (Crassulaceae);uwroć wodna;Crassula aquatica;;scisla;;3;;Dz.U. 2014 poz. 1409;
1;203;NASIENNE (SPERMATOPHYTA);grzybieniowate (Nymphaeaceae);grążel drobny;Nuphar pumila;;scisla;;;;Dz.U. 2014 poz. 1409;
1;204;NASIENNE (SPERMATOPHYTA);jaskrowate (Ranunculaceae);ciemiernik czerwonawy (ciemiernik purpurowy);Helleborus purpurascens;;scisla;;3;;Dz.U. 2014 poz. 1409;
1;205;NASIENNE (SPERMATOPHYTA);jaskrowate (Ranunculaceae);jaskier illiryjski;Ranunculus illyricus;;scisla;1;1;;Dz.U. 2014 poz. 1409;
1;206;NASIENNE (SPERMATOPHYTA);jaskrowate (Ranunculaceae);miłek wiosenny;Adonis vernalis;;scisla;1;1;;Dz.U. 2014 poz. 1409;
1;207;NASIENNE (SPERMATOPHYTA);jaskrowate (Ranunculaceae);pełnik alpejski;Trollius altissimus;;scisla;1;1;;Dz.U. 2014 poz. 1409;
1;208;NASIENNE (SPERMATOPHYTA);jaskrowate (Ranunculaceae);pełnik europejski;Trollius europaeus;;scisla;1;1;;Dz.U. 2014 poz. 1409;
1;209;NASIENNE (SPERMATOPHYTA);jaskrowate (Ranunculaceae);powojnik prosty;Clematis recta;;scisla;;;;Dz.U. 2014 poz. 1409;
1;210;NASIENNE (SPERMATOPHYTA);jaskrowate (Ranunculaceae);sasanka alpejska;Pulsatilla alba;;scisla;1;1;;Dz.U. 2014 poz. 1409;
1;211;NASIENNE (SPERMATOPHYTA);jaskrowate (Ranunculaceae);sasanka łąkowa;Pulsatilla pratensis;;scisla;1;1,2;;Dz.U. 2014 poz. 1409;
1;212;NASIENNE (SPERMATOPHYTA);jaskrowate (Ranunculaceae);sasanka otwarta (sasanka dzwonkowata);Pulsatilla patens;;scisla;1;1,2,3;;Dz.U. 2014 poz. 1409;
1;213;NASIENNE (SPERMATOPHYTA);jaskrowate (Ranunculaceae);sasanka słowacka;Pulsatilla slavica;;scisla;1;1,2,3;;Dz.U. 2014 poz. 1409;
1;214;NASIENNE (SPERMATOPHYTA);jaskrowate (Ranunculaceae);sasanka wiosenna;Pulsatilla vernalis;;scisla;1;1;;Dz.U. 2014 poz. 1409;
1;215;NASIENNE (SPERMATOPHYTA);jaskrowate (Ranunculaceae);tojad *;Aconitum lycoctonum;;scisla;;;;Dz.U. 2014 poz. 1409;
1;216;NASIENNE (SPERMATOPHYTA);jaskrowate (Ranunculaceae);tojad lisi;Aconitum vulparia;;scisla;;;;Dz.U. 2014 poz. 1409;
1;217;NASIENNE (SPERMATOPHYTA);jaskrowate (Ranunculaceae);tojad mocny;Aconitum firmum;;scisla;;;;Dz.U. 2014 poz. 1409;
1;218;NASIENNE (SPERMATOPHYTA);jaskrowate (Ranunculaceae);tojad mołdawski;Aconitum moldavicum;;scisla;;;;Dz.U. 2014 poz. 1409;
1;219;NASIENNE (SPERMATOPHYTA);jaskrowate (Ranunculaceae);tojad morawski;Aconitum firmum ssp. Moravicum;;scisla;;2,3;;Dz.U. 2014 poz. 1409;
1;220;NASIENNE (SPERMATOPHYTA);jaskrowate (Ranunculaceae);tojad sudecki;Aconitum callibotryon;;scisla;;;;Dz.U. 2014 poz. 1409;
1;221;NASIENNE (SPERMATOPHYTA);jaskrowate (Ranunculaceae);tojad taurycki;Aconitum tauricum;;scisla;;;;Dz.U. 2014 poz. 1409;
1;222;NASIENNE (SPERMATOPHYTA);jaskrowate (Ranunculaceae);tojad wiechowaty;Aconitum paniculatum;;scisla;;3;;Dz.U. 2014 poz. 1409;
1;223;NASIENNE (SPERMATOPHYTA);jaskrowate (Ranunculaceae);tojad wschodniokarpacki;Aconitum lasiocarpum;;scisla;;;;Dz.U. 2014 poz. 1409;
1;224;NASIENNE (SPERMATOPHYTA);jaskrowate (Ranunculaceae);włosienicznik (jaskier) Baudota;Batrachium baudotii;;scisla;;3;;Dz.U. 2014 poz. 1409;
1;225;NASIENNE (SPERMATOPHYTA);jaskrowate (Ranunculaceae);włosienicznik (jaskier) pędzelkowaty;Batrachium penicillatum;;scisla;;3;;Dz.U. 2014 poz. 1409;
1;226;NASIENNE (SPERMATOPHYTA);jezierzowate (Najadaceae);jezierza giętka;Najas flexilis;;scisla;1;1,2,3;;Dz.U. 2014 poz. 1409;
1;227;NASIENNE (SPERMATOPHYTA);jezierzowate (Najadaceae);jezierza mniejsza;Najas minor;;scisla;;;;Dz.U. 2014 poz. 1409;
1;228;NASIENNE (SPERMATOPHYTA);kłokoczkowate (Staphyleaceae);kłokoczka południowa;Staphylea pinnata;;scisla;;3;;Dz.U. 2014 poz. 1409;
1;229;NASIENNE (SPERMATOPHYTA);komosowate (Chenopodiaceae);łoboda zdobna;Atriplex calotheca;;scisla;;;;Dz.U. 2014 poz. 1409;
1;230;NASIENNE (SPERMATOPHYTA);komosowate (Chenopodiaceae);soliród zielny;Salicornia europaea;;scisla;1;1;;Dz.U. 2014 poz. 1409;
1;231;NASIENNE (SPERMATOPHYTA);kosaćcowate (Iridaceae);kosaciec bezlistny;Iris aphylla;;scisla;1;1,2;;Dz.U. 2014 poz. 1409;
1;232;NASIENNE (SPERMATOPHYTA);kosaćcowate (Iridaceae);kosaciec syberyjski;Iris sibirica;;scisla;1;1;;Dz.U. 2014 poz. 1409;
1;233;NASIENNE (SPERMATOPHYTA);kosaćcowate (Iridaceae);mieczyk błotny;Gladiolus paluster;;scisla;1;1,2,3;;Dz.U. 2014 poz. 1409;
1;234;NASIENNE (SPERMATOPHYTA);kosaćcowate (Iridaceae);mieczyk dachówkowaty;Gladiolus imbricatus;;scisla;1;1;;Dz.U. 2014 poz. 1409;
1;235;NASIENNE (SPERMATOPHYTA);kotewkowate (Trapaceae);kotewka orzech wodny;Trapa natans;;scisla;1;1,3;;Dz.U. 2014 poz. 1409;
1;236;NASIENNE (SPERMATOPHYTA);krwawnicowate (Lythraceae);krwawnica wąskolistna;Lythrum hyssopifolia;;scisla;;;;Dz.U. 2014 poz. 1409;
1;237;NASIENNE (SPERMATOPHYTA);krzyżowe (Brassicaceae);pszonak pieniński;Erysimum pieninicum;;scisla;1;1,2,3;;Dz.U. 2014 poz. 1409;
1;238;NASIENNE (SPERMATOPHYTA);krzyżowe (Brassicaceae);rukiew drobnolistna;Nasturtium microphyllum;;scisla;;3;;Dz.U. 2014 poz. 1409;
1;239;NASIENNE (SPERMATOPHYTA);krzyżowe (Brassicaceae);warzucha polska;Cochlearia polonica;;scisla;1;1,2,3;;Dz.U. 2014 poz. 1409;
1;240;NASIENNE (SPERMATOPHYTA);krzyżowe (Brassicaceae);warzucha tatrzańska;Cochlearia tatrae;;scisla;;2,3;;Dz.U. 2014 poz. 1409;
1;241;NASIENNE (SPERMATOPHYTA);liliowate (Liliaceae);ciemiężyca (ciemierzyca) biała;Veratrum album;;scisla;1;1;;Dz.U. 2014 poz. 1409;
1;242;NASIENNE (SPERMATOPHYTA);liliowate (Liliaceae);ciemiężyca (ciemierzyca) czarna;Veratrum nigrum;;scisla;;3;;Dz.U. 2014 poz. 1409;
1;243;NASIENNE (SPERMATOPHYTA);liliowate (Liliaceae);czosnek syberyjski;Allium sibiricum;;scisla;;;;Dz.U. 2014 poz. 1409;
1;244;NASIENNE (SPERMATOPHYTA);liliowate (Liliaceae);kosatka kielichowa;Tofieldia calyculata;;scisla;1;1;;Dz.U. 2014 poz. 1409;
1;245;NASIENNE (SPERMATOPHYTA);liliowate (Liliaceae);lilia bulwkowata;Lilium bulbiferum;;scisla;1;1;;Dz.U. 2014 poz. 1409;
1;246;NASIENNE (SPERMATOPHYTA);liliowate (Liliaceae);lilia złotogłów;Lilium martagon;;scisla;;;;Dz.U. 2014 poz. 1409;
1;247;NASIENNE (SPERMATOPHYTA);liliowate (Liliaceae);pajęcznica liliowata;Anthericum liliago;;scisla;1;1;;Dz.U. 2014 poz. 1409;
1;248;NASIENNE (SPERMATOPHYTA);liliowate (Liliaceae);szachownica kostkowata;Fritillaria meleagris;;scisla;1;1;;Dz.U. 2014 poz. 1409;
1;249;NASIENNE (SPERMATOPHYTA);liliowate (Liliaceae);szafirek miękkolistny;Muscari comosum;;scisla;1;1;;Dz.U. 2014 poz. 1409;
1;250;NASIENNE (SPERMATOPHYTA);liliowate (Liliaceae);śniedek cienkolistny;Ornithogalum collinum;;scisla;1;1;;Dz.U. 2014 poz. 1409;
1;251;NASIENNE (SPERMATOPHYTA);lnowate (Linaceae);len austriacki;Linum austriacum;;scisla;;;;Dz.U. 2014 poz. 1409;
1;252;NASIENNE (SPERMATOPHYTA);lnowate (Linaceae);len włochaty;Linum hirsutum;;scisla;1;1;;Dz.U. 2014 poz. 1409;
1;253;NASIENNE (SPERMATOPHYTA);lnowate (Linaceae);len złocisty;Linum flavum;;scisla;1;1;;Dz.U. 2014 poz. 1409;
1;254;NASIENNE (SPERMATOPHYTA);lobeliowate (Lobeliaceae);lobelia jeziorna;Lobelia dortmanna;;scisla;;3;;Dz.U. 2014 poz. 1409;
1;255;NASIENNE (SPERMATOPHYTA);marzanowate (Rubiaceae);przytulia krakowska;Galium cracoviense;;scisla;1;1,2,3;;Dz.U. 2014 poz. 1409;
1;256;NASIENNE (SPERMATOPHYTA);marzanowate (Rubiaceae);przytulia stepowa;Galium valdepilosum;;scisla;1;1;;Dz.U. 2014 poz. 1409;
1;257;NASIENNE (SPERMATOPHYTA);marzanowate (Rubiaceae);przytulia sudecka;Galium sudeticum;;scisla;1;1,2,3;;Dz.U. 2014 poz. 1409;
1;258;NASIENNE (SPERMATOPHYTA);motylkowate (Fabaceae);groszek szerokolistny;Lathyrus latifolius;;scisla;1;1;;Dz.U. 2014 poz. 1409;
1;259;NASIENNE (SPERMATOPHYTA);motylkowate (Fabaceae);groszek wielkoprzylistkowy;Lathyrus pisiformis;;scisla;1;1;;Dz.U. 2014 poz. 1409;
1;260;NASIENNE (SPERMATOPHYTA);motylkowate (Fabaceae);ostrołódka kosmata;Oxytropis pilosa;;scisla;1;1;;Dz.U. 2014 poz. 1409;
1;261;NASIENNE (SPERMATOPHYTA);motylkowate (Fabaceae);ostrołódka polna;Oxytropis campestris;;scisla;;3;;Dz.U. 2014 poz. 1409;
1;262;NASIENNE (SPERMATOPHYTA);motylkowate (Fabaceae);szczodrzeniec zmienny;Chamaecytisus albus;;scisla;1;1;;Dz.U. 2014 poz. 1409;
1;263;NASIENNE (SPERMATOPHYTA);motylkowate (Fabaceae);szyplin jedwabisty;Dorycnium germanicum;;scisla;1;1;;Dz.U. 2014 poz. 1409;
1;264;NASIENNE (SPERMATOPHYTA);obrazkowate (Araceae);obrazki plamiste;Arum maculatum;;scisla;;3;;Dz.U. 2014 poz. 1409;
1;265;NASIENNE (SPERMATOPHYTA);pierwiosnkowate (Primulaceae);cyklamen purpurowy;Cyclamen purpurascens;;scisla;;3;;Dz.U. 2014 poz. 1409;
1;266;NASIENNE (SPERMATOPHYTA);pierwiosnkowate (Primulaceae);jarnik solankowy;Samolus valerandi;;scisla;;3;;Dz.U. 2014 poz. 1409;
1;267;NASIENNE (SPERMATOPHYTA);pierwiosnkowate (Primulaceae);mlecznik nadmorski;Glaux maritima;;scisla;1;1;;Dz.U. 2014 poz. 1409;
1;268;NASIENNE (SPERMATOPHYTA);pierwiosnkowate (Primulaceae);pierwiosnek (pierwiosnka) bezłodygowy;Primula vulgaris;;scisla;;;;Dz.U. 2014 poz. 1409;
1;269;NASIENNE (SPERMATOPHYTA);pierwiosnkowate (Primulaceae);pierwiosnek (pierwiosnka) łyszczak;Primula auricula;;scisla;;3;;Dz.U. 2014 poz. 1409;
1;270;NASIENNE (SPERMATOPHYTA);pierwiosnkowate (Primulaceae);pierwiosnek (pierwiosnka) maleńki;Primula minima;;scisla;;2,3;;Dz.U. 2014 poz. 1409;
1;271;NASIENNE (SPERMATOPHYTA);pierwiosnkowate (Primulaceae);pierwiosnek (pierwiosnka) omączony;Primula farinosa;;scisla;;;;Dz.U. 2014 poz. 1409;
1;272;NASIENNE (SPERMATOPHYTA);pływaczowate (Lentibulariaceae);pływacz *;Utricularia stygia;;scisla;;3;;Dz.U. 2014 poz. 1409;
1;273;NASIENNE (SPERMATOPHYTA);pływaczowate (Lentibulariaceae);pływacz Brema;Utricularia bremii;;scisla;;3;;Dz.U. 2014 poz. 1409;
1;274;NASIENNE (SPERMATOPHYTA);pływaczowate (Lentibulariaceae);pływacz drobny (pływacz mniejszy);Utricularia minor;;scisla;;3;;Dz.U. 2014 poz. 1409;
1;275;NASIENNE (SPERMATOPHYTA);pływaczowate (Lentibulariaceae);pływacz krótkoostrogowy (pływacz żółtobiały);Utricularia ochroleuca;;scisla;;;;Dz.U. 2014 poz. 1409;
1;276;NASIENNE (SPERMATOPHYTA);pływaczowate (Lentibulariaceae);pływacz średni (pływacz pośredni);Utricularia intermedia;;scisla;;;;Dz.U. 2014 poz. 1409;
1;277;NASIENNE (SPERMATOPHYTA);pływaczowate (Lentibulariaceae);pływacz zachodni (pływacz zaniedbany);Utricularia australis;;scisla;;;;Dz.U. 2014 poz. 1409;
1;278;NASIENNE (SPERMATOPHYTA);pływaczowate (Lentibulariaceae);tłustosz alpejski;Pinguicula alpina;;scisla;;3;;Dz.U. 2014 poz. 1409;
1;279;NASIENNE (SPERMATOPHYTA);pływaczowate (Lentibulariaceae);tłustosz pospolity;Pinguicula vulgaris;;scisla;;3;;Dz.U. 2014 poz. 1409;
1;280;NASIENNE (SPERMATOPHYTA);portulakowate (Portulacaceae);zdrojek błyszczący;Montia fontana;;scisla;;3;;Dz.U. 2014 poz. 1409;
1;281;NASIENNE (SPERMATOPHYTA);rdestnicowate (Potamogetonaceae);rdestniczka (rdestnica) gęsta;Groenlandia densa;;scisla;1;1,3;;Dz.U. 2014 poz. 1409;
1;282;NASIENNE (SPERMATOPHYTA);rosiczkowate (Droseraceae);aldrowanda pęcherzykowata;Aldrovanda vesiculosa;;scisla;1;1,2,3;;Dz.U. 2014 poz. 1409;
1;283;NASIENNE (SPERMATOPHYTA);rosiczkowate (Droseraceae);rosiczka długolistna;Drosera anglica;;scisla;;3;;Dz.U. 2014 poz. 1409;
1;284;NASIENNE (SPERMATOPHYTA);rosiczkowate (Droseraceae);rosiczka okrągłolistna;Drosera rotundifolia;;scisla;;;;Dz.U. 2014 poz. 1409;
1;285;NASIENNE (SPERMATOPHYTA);rosiczkowate (Droseraceae);rosiczka owalna;Drosera x obovata;;scisla;;;;Dz.U. 2014 poz. 1409;
1;286;NASIENNE (SPERMATOPHYTA);rosiczkowate (Droseraceae);rosiczka pośrednia;Drosera intermedia;;scisla;;;;Dz.U. 2014 poz. 1409;
1;287;NASIENNE (SPERMATOPHYTA);różowate (Rosaceae);jarząb brekinia (brzęk);Sorbus torminalis;;scisla;;3;;Dz.U. 2014 poz. 1409;
1;288;NASIENNE (SPERMATOPHYTA);różowate (Rosaceae);jarząb szwedzki;Sorbus intermedia;;scisla;;3;;Dz.U. 2014 poz. 1409;
1;289;NASIENNE (SPERMATOPHYTA);różowate (Rosaceae);malina moroszka;Rubus chamaemorus;;scisla;;;;Dz.U. 2014 poz. 1409;
1;290;NASIENNE (SPERMATOPHYTA);różowate (Rosaceae);pięciornik drobnokwiatowy;Potentilla mircantha;;scisla;;;;Dz.U. 2014 poz. 1409;
1;291;NASIENNE (SPERMATOPHYTA);różowate (Rosaceae);pięciornik płonny;Potentilla sterilis;;scisla;;3;;Dz.U. 2014 poz. 1409;
1;292;NASIENNE (SPERMATOPHYTA);różowate (Rosaceae);pięciornik skalny;Potentilla rupestris;;scisla;;;;Dz.U. 2014 poz. 1409;
1;293;NASIENNE (SPERMATOPHYTA);różowate (Rosaceae);pięciornik śląski;Potentilla silesiaca;;scisla;1;1,3;;Dz.U. 2014 poz. 1409;
1;294;NASIENNE (SPERMATOPHYTA);różowate (Rosaceae);róża francuska;Rosa gallica;;scisla;1;1;;Dz.U. 2014 poz. 1409;
1;295;NASIENNE (SPERMATOPHYTA);różowate (Rosaceae);rzepik szczeciniasty;Agrimonia pilosa;;scisla;;2,3;;Dz.U. 2014 poz. 1409;
1;296;NASIENNE (SPERMATOPHYTA);różowate (Rosaceae);tawuła średnia;Spiraea media;;scisla;;3;;Dz.U. 2014 poz. 1409;
1;297;NASIENNE (SPERMATOPHYTA);rutowate (Rutaceae);dyptam jesionolistny;Dictamnus albus;;scisla;1;1,3;;Dz.U. 2014 poz. 1409;
1;298;NASIENNE (SPERMATOPHYTA);sandałowcowate (Santalaceae);leniec alpejski;Thesium alpinum;;scisla;;3;;Dz.U. 2014 poz. 1409;
1;299;NASIENNE (SPERMATOPHYTA);sandałowcowate (Santalaceae);leniec bezpodkwiatkowy;Thesium ebracteatum;;scisla;1;1,2,3;;Dz.U. 2014 poz. 1409;
1;300;NASIENNE (SPERMATOPHYTA);skalnicowate (Saxifragaceae);skalnica darniowa bazaltowa;Saxifraga moschata ssp. balsatica;;scisla;;;;Dz.U. 2014 poz. 1409;
1;301;NASIENNE (SPERMATOPHYTA);skalnicowate (Saxifragaceae);skalnica torfowiskowa;Saxifraga hirculus;;scisla;;2,3;;Dz.U. 2014 poz. 1409;
1;302;NASIENNE (SPERMATOPHYTA);sosnowate (Pinaceae);sosna błotna;Pinus x rhaetica;;scisla;;3;;Dz.U. 2014 poz. 1409;
1;303;NASIENNE (SPERMATOPHYTA);storczykowate (Orchidaceae);buławnik czerwony;Cephalanthera rubra;;scisla;;;;Dz.U. 2014 poz. 1409;
1;304;NASIENNE (SPERMATOPHYTA);storczykowate (Orchidaceae);buławnik wielkokwiatowy;Cephalanthera damasonium;;scisla;;;;Dz.U. 2014 poz. 1409;
1;305;NASIENNE (SPERMATOPHYTA);storczykowate (Orchidaceae);buławnik mieczolistny;Cephalanthera longifolia;;scisla;;;;Dz.U. 2014 poz. 1409;
1;306;NASIENNE (SPERMATOPHYTA);storczykowate (Orchidaceae);dwulistnik muszy;Ophrys insectifera;;scisla;1;1;;Dz.U. 2014 poz. 1409;
1;307;NASIENNE (SPERMATOPHYTA);storczykowate (Orchidaceae);gołek białawy;Leucorchis albida;;scisla;;;;Dz.U. 2014 poz. 1409;
1;308;NASIENNE (SPERMATOPHYTA);storczykowate (Orchidaceae);gółka długoostrogowa;Gymnadenia conopsea;;scisla;1;1;;Dz.U. 2014 poz. 1409;
1;309;NASIENNE (SPERMATOPHYTA);storczykowate (Orchidaceae);gółka wonna;Gymnadenia odoratissima;;scisla;;;;Dz.U. 2014 poz. 1409;
1;310;NASIENNE (SPERMATOPHYTA);storczykowate (Orchidaceae);koślaczek stożkowaty;Anacamptis pyramidalis;;scisla;;3;;Dz.U. 2014 poz. 1409;
1;311;NASIENNE (SPERMATOPHYTA);storczykowate (Orchidaceae);kręczynka jesienna;Spiranthes spiralis;;scisla;1;1;;Dz.U. 2014 poz. 1409;
1;312;NASIENNE (SPERMATOPHYTA);storczykowate (Orchidaceae);kruszczyk błotny;Epipactis palustris;;scisla;;;;Dz.U. 2014 poz. 1409;
1;313;NASIENNE (SPERMATOPHYTA);storczykowate (Orchidaceae);kruszczyk drobnolistny;Epipactis microphylla;;scisla;;;;Dz.U. 2014 poz. 1409;
1;314;NASIENNE (SPERMATOPHYTA);storczykowate (Orchidaceae);kruszczyk;Muellera Epipactis muelleri;;scisla;;;;Dz.U. 2014 poz. 1409;
1;315;NASIENNE (SPERMATOPHYTA);storczykowate (Orchidaceae);kruszczyk ostropłatkowy;Epipactis leptochila;;scisla;;;;Dz.U. 2014 poz. 1409;
1;316;NASIENNE (SPERMATOPHYTA);storczykowate (Orchidaceae);kruszczyk połabski;Epipactis albensis;;scisla;;;;Dz.U. 2014 poz. 1409;
1;317;NASIENNE (SPERMATOPHYTA);storczykowate (Orchidaceae);kruszczyk siny;Epipactis purpurata;;scisla;;;;Dz.U. 2014 poz. 1409;
1;318;NASIENNE (SPERMATOPHYTA);storczykowate (Orchidaceae);kukuczka kapturkowata;Neottianthe cucullata;;scisla;;3;;Dz.U. 2014 poz. 1409;
1;319;NASIENNE (SPERMATOPHYTA);storczykowate (Orchidaceae);kukułka (storczyk) bałtycka;Dactylorhiza baltica;;scisla;1;1;;Dz.U. 2014 poz. 1409;
1;320;NASIENNE (SPERMATOPHYTA);storczykowate (Orchidaceae);kukułka (storczyk) bzowa;Dactylorhiza sambucina;;scisla;1;1;;Dz.U. 2014 poz. 1409;
1;321;NASIENNE (SPERMATOPHYTA);storczykowate (Orchidaceae);kukułka (storczyk) Fuchsa;Dactylorhiza fuchsii;;scisla;1;1;;Dz.U. 2014 poz. 1409;
1;322;NASIENNE (SPERMATOPHYTA);storczykowate (Orchidaceae);kukułka (storczyk) Russowa;Dactylorhiza russowii;;scisla;1;1;;Dz.U. 2014 poz. 1409;
1;323;NASIENNE (SPERMATOPHYTA);storczykowate (Orchidaceae);kukułka (storczyk) Ruthego;Dactylorhiza ruthei;;scisla;1;1;;Dz.U. 2014 poz. 1409;
1;324;NASIENNE (SPERMATOPHYTA);storczykowate (Orchidaceae);kukułka (storczyk) Traunsteinera;Dactylorhiza traunsteineri;;scisla;1;1;;Dz.U. 2014 poz. 1409;
1;325;NASIENNE (SPERMATOPHYTA);storczykowate (Orchidaceae);lipiennik Loesela;Liparis loeselii;;scisla;1;1,2,3;;Dz.U. 2014 poz. 1409;
1;326;NASIENNE (SPERMATOPHYTA);storczykowate (Orchidaceae);listera sercowata;Listera cordata;;scisla;;;;Dz.U. 2014 poz. 1409;
1;327;NASIENNE (SPERMATOPHYTA);storczykowate (Orchidaceae);miodokwiat krzyżowy;Herminium monorchis;;scisla;;3;;Dz.U. 2014 poz. 1409;
1;328;NASIENNE (SPERMATOPHYTA);storczykowate (Orchidaceae);obuwik pospolity;Cypripedium calceolus;;scisla;1;1,2,3;;Dz.U. 2014 poz. 1409;
1;329;NASIENNE (SPERMATOPHYTA);storczykowate (Orchidaceae);ozorka zielona;Coeloglossum viride;;scisla;1;1;;Dz.U. 2014 poz. 1409;
1;330;NASIENNE (SPERMATOPHYTA);storczykowate (Orchidaceae);potrostek alpejski;Chamorchis alpina;;scisla;;;;Dz.U. 2014 poz. 1409;
1;331;NASIENNE (SPERMATOPHYTA);storczykowate (Orchidaceae);storczyca kulista;Traunsteinera globosa;;scisla;1;1;;Dz.U. 2014 poz. 1409;
1;332;NASIENNE (SPERMATOPHYTA);storczykowate (Orchidaceae);storczyk blady;Orchis pallens;;scisla;1;1;;Dz.U. 2014 poz. 1409;
1;333;NASIENNE (SPERMATOPHYTA);storczykowate (Orchidaceae);storczyk błotny;Orchis palustris;;scisla;1;1;;Dz.U. 2014 poz. 1409;
1;334;NASIENNE (SPERMATOPHYTA);storczykowate (Orchidaceae);storczyk cuchnący;Orchis coriophora;;scisla;1;1;;Dz.U. 2014 poz. 1409;
1;335;NASIENNE (SPERMATOPHYTA);storczykowate (Orchidaceae);storczyk drobnokwiatowy;Orchis ustulata;;scisla;1;1;;Dz.U. 2014 poz. 1409;
1;336;NASIENNE (SPERMATOPHYTA);storczykowate (Orchidaceae);storczyk kukawka;Orchis militaris;;scisla;1;1;;Dz.U. 2014 poz. 1409;
1;337;NASIENNE (SPERMATOPHYTA);storczykowate (Orchidaceae);storczyk męski;Orchis mascula;;scisla;1;1;;Dz.U. 2014 poz. 1409;
1;338;NASIENNE (SPERMATOPHYTA);storczykowate (Orchidaceae);storczyk purpurowy;Orchis purpurea;;scisla;1;1;;Dz.U. 2014 poz. 1409;
1;339;NASIENNE (SPERMATOPHYTA);storczykowate (Orchidaceae);storczyk samiczy;Orchis morio;;scisla;1;1,3;;Dz.U. 2014 poz. 1409;
1;340;NASIENNE (SPERMATOPHYTA);storczykowate (Orchidaceae);storczyk trójzębny;Orchis tridentata;;scisla;1;1,3;;Dz.U. 2014 poz. 1409;
1;341;NASIENNE (SPERMATOPHYTA);storczykowate (Orchidaceae);storzan bezlistny;Epipogium aphyllum;;scisla;;3;;Dz.U. 2014 poz. 1409;
1;342;NASIENNE (SPERMATOPHYTA);storczykowate (Orchidaceae);tajęża jednostronna;Goodyera repens;;scisla;;;;Dz.U. 2014 poz. 1409;
1;343;NASIENNE (SPERMATOPHYTA);storczykowate (Orchidaceae);wątlik błotny;Hammarbya paludosa;;scisla;;;;Dz.U. 2014 poz. 1409;
1;344;NASIENNE (SPERMATOPHYTA);storczykowate (Orchidaceae);wyblin jednolistny;Malaxis monophyllos;;scisla;;;;Dz.U. 2014 poz. 1409;
1;345;NASIENNE (SPERMATOPHYTA);storczykowate (Orchidaceae);żłobik koralowy;Corallorhiza trifida;;scisla;;;;Dz.U. 2014 poz. 1409;
1;346;NASIENNE (SPERMATOPHYTA);szczeciowate (Dipsacaceae);czarcikęsik Kluka;Succisella inflexa;;scisla;1;1;;Dz.U. 2014 poz. 1409;
1;347;NASIENNE (SPERMATOPHYTA);szorskolistne (Boraginaceae);niezapominajka wczesna;Myosotis praecox;;scisla;;;;Dz.U. 2014 poz. 1409;
1;348;NASIENNE (SPERMATOPHYTA);szorskolistne (Boraginaceae);żmijowiec czerwony;Echium russicum;;scisla;1;1,2,3;;Dz.U. 2014 poz. 1409;
1;349;NASIENNE (SPERMATOPHYTA);trawy (Poaceae);koleantus delikatny;Coleanthus subtilis;;scisla;;2,3;;Dz.U. 2014 poz. 1409;
1;350;NASIENNE (SPERMATOPHYTA);trawy (Poaceae);kostrzewa ametystowa;Festuca amethystina;;scisla;;;;Dz.U. 2014 poz. 1409;
1;351;NASIENNE (SPERMATOPHYTA);trawy (Poaceae);kostrzewa blada;Festuca pallens;;scisla;1;1,3;;Dz.U. 2014 poz. 1409;
1;352;NASIENNE (SPERMATOPHYTA);trawy (Poaceae);ostnica Jana;Stipa joannis;;scisla;1;1;;Dz.U. 2014 poz. 1409;
1;353;NASIENNE (SPERMATOPHYTA);trawy (Poaceae);ostnica piaskowa;Stipa borysthenica;;scisla;1;1;;Dz.U. 2014 poz. 1409;
1;354;NASIENNE (SPERMATOPHYTA);trawy (Poaceae);ostnica powabna;Stipa pulcherrima;;scisla;1;1;;Dz.U. 2014 poz. 1409;
1;355;NASIENNE (SPERMATOPHYTA);trawy (Poaceae);ostnica włosowata;Stipa capillata;;scisla;1;1;;Dz.U. 2014 poz. 1409;
1;356;NASIENNE (SPERMATOPHYTA);trawy (Poaceae);perłówka siedmiogrodzka;Melica transsilvanica;;scisla;;;;Dz.U. 2014 poz. 1409;
1;357;NASIENNE (SPERMATOPHYTA);trawy (Poaceae);wiechlina (wyklina) granitowa;Poa granitica;;scisla;;;;Dz.U. 2014 poz. 1409;
1;358;NASIENNE (SPERMATOPHYTA);trędownikowate (Scrophulariaceae);gnidosz dwubarwny;Pedicularis oederi;;scisla;;3;;Dz.U. 2014 poz. 1409;
1;359;NASIENNE (SPERMATOPHYTA);trędownikowate (Scrophulariaceae);gnidosz Hacqueta;Pedicularis hacquetii;;scisla;;3;;Dz.U. 2014 poz. 1409;
1;360;NASIENNE (SPERMATOPHYTA);trędownikowate (Scrophulariaceae);gnidosz królewski;Pedicularis sceptrum-carolinum;;scisla;;;;Dz.U. 2014 poz. 1409;
1;361;NASIENNE (SPERMATOPHYTA);trędownikowate (Scrophulariaceae);gnidosz okółkowy;Pedicularis verticillata;;scisla;;3;;Dz.U. 2014 poz. 1409;
1;362;NASIENNE (SPERMATOPHYTA);trędownikowate (Scrophulariaceae);gnidosz sudecki;Pedicularis sudetica;;scisla;;2,3;;Dz.U. 2014 poz. 1409;
1;363;NASIENNE (SPERMATOPHYTA);trędownikowate (Scrophulariaceae);lindernia mułowa;Lindernia procumbens;;scisla;;2,3;;Dz.U. 2014 poz. 1409;
1;364;NASIENNE (SPERMATOPHYTA);trędownikowate (Scrophulariaceae);lnica wonna;Linaria odora;;scisla;;2,3;;Dz.U. 2014 poz. 1409;
1;365;NASIENNE (SPERMATOPHYTA);trędownikowate (Scrophulariaceae);pszeniec grzebieniasty;Melampyrum cristatum;;scisla;;;;Dz.U. 2014 poz. 1409;
1;366;NASIENNE (SPERMATOPHYTA);trędownikowate (Scrophulariaceae);tocja alpejska;Tozzia alpina;;scisla;;2,3;;Dz.U. 2014 poz. 1409;
1;367;NASIENNE (SPERMATOPHYTA);turzycowate (Cyperaceae);cibora;Michela Cyperus michelianus;;scisla;;;;Dz.U. 2014 poz. 1409;
1;368;NASIENNE (SPERMATOPHYTA);turzycowate (Cyperaceae);cibora żółta;Cyperus flavescens;;scisla;;3;;Dz.U. 2014 poz. 1409;
1;369;NASIENNE (SPERMATOPHYTA);turzycowate (Cyperaceae);kłoć wiechowata;Caldium mariscus;;scisla;;3;;Dz.U. 2014 poz. 1409;
1;370;NASIENNE (SPERMATOPHYTA);turzycowate (Cyperaceae);marzyca czarniawa;Schoenus nigricans;;scisla;;;;Dz.U. 2014 poz. 1409;
1;371;NASIENNE (SPERMATOPHYTA);turzycowate (Cyperaceae);marzyca ruda;Schoenus ferrugineus;;scisla;;;;Dz.U. 2014 poz. 1409;
1;372;NASIENNE (SPERMATOPHYTA);turzycowate (Cyperaceae);oczeret sztyletowaty;Schoenoplectus mucronatus;;scisla;;;;Dz.U. 2014 poz. 1409;
1;373;NASIENNE (SPERMATOPHYTA);turzycowate (Cyperaceae);ponikło kraińskie;Eleocharis carniolica;;scisla;;2,3;;Dz.U. 2014 poz. 1409;
1;374;NASIENNE (SPERMATOPHYTA);turzycowate (Cyperaceae);ponikło maleńkie;Eleocharis parvula;;scisla;;;;Dz.U. 2014 poz. 1409;
1;375;NASIENNE (SPERMATOPHYTA);turzycowate (Cyperaceae);ponikło wielołodygowe;Eleocharis multicaulis;;scisla;;;;Dz.U. 2014 poz. 1409;
1;376;NASIENNE (SPERMATOPHYTA);turzycowate (Cyperaceae);przygiełka brunatna;Rhynchospora fusca;;scisla;;;;Dz.U. 2014 poz. 1409;
1;377;NASIENNE (SPERMATOPHYTA);turzycowate (Cyperaceae);turzyca;Buxbauma Carex buxbaumii;;scisla;;;;Dz.U. 2014 poz. 1409;
1;378;NASIENNE (SPERMATOPHYTA);turzycowate (Cyperaceae);turzyca Davalla;Carex davalliana;;scisla;1;1;;Dz.U. 2014 poz. 1409;
1;379;NASIENNE (SPERMATOPHYTA);turzycowate (Cyperaceae);turzyca delikatna;Carex supina;;scisla;;;;Dz.U. 2014 poz. 1409;
1;380;NASIENNE (SPERMATOPHYTA);turzycowate (Cyperaceae);turzyca patagońska;Carex magellanica;;scisla;;;;Dz.U. 2014 poz. 1409;
1;381;NASIENNE (SPERMATOPHYTA);turzycowate (Cyperaceae);turzyca pchla;Carex pulicaris;;scisla;1;1;;Dz.U. 2014 poz. 1409;
1;382;NASIENNE (SPERMATOPHYTA);turzycowate (Cyperaceae);turzyca rozsunięta;Carex divulsa;;scisla;;;;Dz.U. 2014 poz. 1409;
1;383;NASIENNE (SPERMATOPHYTA);turzycowate (Cyperaceae);turzyca strunowa;Carex chordorrhiza;;scisla;;;;Dz.U. 2014 poz. 1409;
1;384;NASIENNE (SPERMATOPHYTA);turzycowate (Cyperaceae);turzyca torfowa;Carex heleonastes;;scisla;;3;;Dz.U. 2014 poz. 1409;
1;385;NASIENNE (SPERMATOPHYTA);turzycowate (Cyperaceae);turzyca życicowa;Carex loliacea;;scisla;;;;Dz.U. 2014 poz. 1409;
1;386;NASIENNE (SPERMATOPHYTA);turzycowate (Cyperaceae);turzyca żytowata;Carex secalina;;scisla;1;1;;Dz.U. 2014 poz. 1409;
1;387;NASIENNE (SPERMATOPHYTA);turzycowate (Cyperaceae);wełnianka delikatna;Eriophorum gracile;;scisla;;;;Dz.U. 2014 poz. 1409;
1;388;NASIENNE (SPERMATOPHYTA);wargowe (Lamiaceae);macierzanka wczesna;Thymus praecox;;scisla;1;1;;Dz.U. 2014 poz. 1409;
1;389;NASIENNE (SPERMATOPHYTA);wargowe (Lamiaceae);pszczelnik wąskolistny;Dracocephalum ruyschiana;;scisla;;;;Dz.U. 2014 poz. 1409;
1;390;NASIENNE (SPERMATOPHYTA);wawrzynkowate (Thymelaeaceae);wawrzynek główkowy;Daphne cneorum;;scisla;1;1,3;;Dz.U. 2014 poz. 1409;
1;391;NASIENNE (SPERMATOPHYTA);wielosiłowate (Polemoniaceae);wielosił błękitny;Polemonium coeruleum;;scisla;1;1;;Dz.U. 2014 poz. 1409;
1;392;NASIENNE (SPERMATOPHYTA);wierzbowate (Salicaceae);wierzba borówkolistna;Salix myrtilloides;;scisla;1;1,3;;Dz.U. 2014 poz. 1409;
1;393;NASIENNE (SPERMATOPHYTA);wierzbowate (Salicaceae);wierzba lapońska;Salix lapponum;;scisla;1;1,3;;Dz.U. 2014 poz. 1409;
1;394;NASIENNE (SPERMATOPHYTA);wilczomleczowate (Euphorbiaceae);wilczomlecz (ostromlecz) pstry;Euphorbia epithymoides;;scisla;;3;;Dz.U. 2014 poz. 1409;
1;395;NASIENNE (SPERMATOPHYTA);woskownicowate (Myricaceae);woskownica europejska;Myrica gale;;scisla;1;1,3;;Dz.U. 2014 poz. 1409;
1;396;NASIENNE (SPERMATOPHYTA);wrzosowate (Ericaceae);chamedafne północna;Chamaedaphne calyculata;;scisla;;3;;Dz.U. 2014 poz. 1409;
1;397;NASIENNE (SPERMATOPHYTA);wrzosowate (Ericaceae);mącznica lekarska;Arctostaphylos uva-ursi;;scisla;;;;Dz.U. 2014 poz. 1409;
1;398;NASIENNE (SPERMATOPHYTA);wrzosowate (Ericaceae);różanecznik żółty;Rhododendron luteum;;scisla;1;1,2,3;;Dz.U. 2014 poz. 1409;
1;399;NASIENNE (SPERMATOPHYTA);wrzosowate (Ericaceae);wrzosiec bagienny;Erica tetralix;;scisla;;3;;Dz.U. 2014 poz. 1409;
1;400;NASIENNE (SPERMATOPHYTA);złożone (Asteraceae);arnika górska;Arnica montana;;scisla;1;1;;Dz.U. 2014 poz. 1409;
1;401;NASIENNE (SPERMATOPHYTA);złożone (Asteraceae);aster gawędka;Aster amellus;;scisla;1;1;;Dz.U. 2014 poz. 1409;
1;402;NASIENNE (SPERMATOPHYTA);złożone (Asteraceae);aster solny;Aster tripolium;;scisla;1;1;;Dz.U. 2014 poz. 1409;
1;403;NASIENNE (SPERMATOPHYTA);złożone (Asteraceae);chryzantema (złocień) Zawadzkiego;Dendranthema zawadzkii;;scisla;;3;;Dz.U. 2014 poz. 1409;
1;404;NASIENNE (SPERMATOPHYTA);złożone (Asteraceae);dziewięćsił popłocholistny;Carlina onopordifolia;;scisla;1;1,2,3;;Dz.U. 2014 poz. 1409;
1;405;NASIENNE (SPERMATOPHYTA);złożone (Asteraceae);języczka syberyjska;Ligularia sibirica;;scisla;1;1,2,3;;Dz.U. 2014 poz. 1409;
1;406;NASIENNE (SPERMATOPHYTA);złożone (Asteraceae);mniszek pieniński;Taraxacum pieninicum;;scisla;;3;;Dz.U. 2014 poz. 1409;
1;407;NASIENNE (SPERMATOPHYTA);złożone (Asteraceae);ożota zwyczajna;Linosyris vulgaris;;scisla;;;;Dz.U. 2014 poz. 1409;
1;408;NASIENNE (SPERMATOPHYTA);złożone (Asteraceae);przymiotno węgierskie;Erigeron hungaricus;;scisla;;3;;Dz.U. 2014 poz. 1409;
1;409;NASIENNE (SPERMATOPHYTA);złożone (Asteraceae);sierpik różnolistny;Serratula lycopifolia;;scisla;1;1,2,3;;Dz.U. 2014 poz. 1409;
1;410;NASIENNE (SPERMATOPHYTA);złożone (Asteraceae);szarotka alpejska;Leontopodium alpinum;;scisla;;3;;Dz.U. 2014 poz. 1409;
1;411;NASIENNE (SPERMATOPHYTA);złożone (Asteraceae);wężymord stepowy;Scorzonera purpurea;;scisla;1;1;;Dz.U. 2014 poz. 1409;
1;412;NASIENNE (SPERMATOPHYTA);zosterowate (Zosteraceae);zostera morska;Zostera marina;;scisla;;;;Dz.U. 2014 poz. 1409;
1;413;NASIENNE (SPERMATOPHYTA);żabieńcowate (Alismataceae);elisma wodna;Luronium natans;;scisla;;2,3;;Dz.U. 2014 poz. 1409;
1;414;NASIENNE (SPERMATOPHYTA);żabieńcowate (Alismataceae);kaldezja dziewięciornikowata;Caldesia parnassifolia;;scisla;1;1,2,3;;Dz.U. 2014 poz. 1409;
1;415;NASIENNE (SPERMATOPHYTA);żabiściekowate (Hydrocharitaceae);przesiąkra okółkowa;Hydrilla verticillata;;scisla;;3;Gatunki roślin zostały pogrupowane w wyższe jednostki systematyczne, w następujący sposób:;Dz.U. 2014 poz. 1409;
2;1;KRASNOROSTY (RHODOPHYTA);rozróżkowate (Ceramiaceae);rozróżka *;Ceramium circinatum;;czesciowa;;3;;Dz.U. 2014 poz. 1409;
2;2;RAMIENICE (CHAROPHYTA);ramienicowate (Characeae);krynicznik kolczasty;Nitella mucronata;;czesciowa;;3;;Dz.U. 2014 poz. 1409;
2;3;RAMIENICE (CHAROPHYTA);ramienicowate (Characeae);krynicznik giętki;Nitella flexilis;;czesciowa;;;;Dz.U. 2014 poz. 1409;
2;4;RAMIENICE (CHAROPHYTA);ramienicowate (Characeae);krynicznica tępa;Nitellopsis obtusa;;czesciowa;;;;Dz.U. 2014 poz. 1409;
2;5;RAMIENICE (CHAROPHYTA);ramienicowate (Characeae);ramienica bałtycka;Chara baltica;;czesciowa;;;;Dz.U. 2014 poz. 1409;
2;6;RAMIENICE (CHAROPHYTA);ramienicowate (Characeae);ramienica wieńcowa;Chara braunii;Ch. Coronata;czesciowa;;3;;Dz.U. 2014 poz. 1409;
2;7;RAMIENICE (CHAROPHYTA);ramienicowate (Characeae);ramienica kolczasta;Chara aculeoata;;czesciowa;;3;;Dz.U. 2014 poz. 1409;
2;8;RAMIENICE (CHAROPHYTA);ramienicowate (Characeae);ramienica kosmata;Chara hispida;;czesciowa;;3;;Dz.U. 2014 poz. 1409;
2;9;RAMIENICE (CHAROPHYTA);ramienicowate (Characeae);ramienica omszona;Chara tomentosa;;czesciowa;;;;Dz.U. 2014 poz. 1409;
2;10;RAMIENICE (CHAROPHYTA);ramienicowate (Characeae);rozsocha morska;Tolypella nidifica;;czesciowa;;3;;Dz.U. 2014 poz. 1409;
2;11;WĄTROBOWCE (MARCHANTIOPHYTA);buławniczkowate (Cephaloziellaceae);buławniczka delikatna;Cephaloziella elachista;;czesciowa;;;;Dz.U. 2014 poz. 1409;
2;12;WĄTROBOWCE (MARCHANTIOPHYTA);buławniczkowate (Cephaloziellaceae);buławniczka ząbkowana;Cephaloziella spinigera;;czesciowa;;;;Dz.U. 2014 poz. 1409;
2;13;WĄTROBOWCE (MARCHANTIOPHYTA);czarostkowate (Fossombroniaceae);czarostka;Wondraczekiego Fossombronia wondraczekii;;czesciowa;;;;Dz.U. 2014 poz. 1409;
2;14;WĄTROBOWCE (MARCHANTIOPHYTA);głowiakowate (Cephaloziaceae);głowiak długokłosy;Cephalozia macrostachya;;czesciowa;;;;Dz.U. 2014 poz. 1409;
2;15;WĄTROBOWCE (MARCHANTIOPHYTA);głowiakowate (Cephaloziaceae);nowellia krzywolistna;Nowellia curvifolia;;czesciowa;;;;Dz.U. 2014 poz. 1409;
2;16;WĄTROBOWCE (MARCHANTIOPHYTA);jednoczepkowate (Haplomitriaceae);meszek darenkowy;Jungermannia caespiticia;;czesciowa;;;;Dz.U. 2014 poz. 1409;
2;17;WĄTROBOWCE (MARCHANTIOPHYTA);łuskolistowate (Lepidoziaceae);biczyca trójwrębna;Bazzania trilobata;;czesciowa;;;;Dz.U. 2014 poz. 1409;
2;18;WĄTROBOWCE (MARCHANTIOPHYTA);miedzikowate (Frullaniaceae);miedzik płaski;Frullania dilatata;;czesciowa;;;;Dz.U. 2014 poz. 1409;
2;19;WĄTROBOWCE (MARCHANTIOPHYTA);parzochowate (Porellaceae);parzoch;Bauera Porella baueri;;czesciowa;;;;Dz.U. 2014 poz. 1409;
2;20;WĄTROBOWCE (MARCHANTIOPHYTA);parzochowate (Porellaceae);parzoch sercowaty;Porella cordaeana;;czesciowa;;;;Dz.U. 2014 poz. 1409;
2;21;WĄTROBOWCE (MARCHANTIOPHYTA);piórkowcowate (Trichocoleaceae);piórkowiec kutnerowaty;Trichocolea tomentella;;czesciowa;;;;Dz.U. 2014 poz. 1409;
2;22;WĄTROBOWCE (MARCHANTIOPHYTA);rzęsiakowate (Ptilidiaceae);rzęsiak pospolity;Ptilidium ciliare;;czesciowa;;;;Dz.U. 2014 poz. 1409;
2;23;WĄTROBOWCE (MARCHANTIOPHYTA);skosatkowate (Plagiochilaceae);skosatka zanokcicowata;Plagiochila asplenioides;;czesciowa;;;;Dz.U. 2014 poz. 1409;
2;24;WĄTROBOWCE (MARCHANTIOPHYTA);srebrzykowate (Gymnomitriaceae);miechrza wycięta;Marsupella emarginata;;czesciowa;;;;Dz.U. 2014 poz. 1409;
2;25;WĄTROBOWCE (MARCHANTIOPHYTA);widlikowate (Metzgeriaceae);widlicowiec omszony;Apometzgeria pubescens;;czesciowa;;;;Dz.U. 2014 poz. 1409;
2;26;WĄTROBOWCE (MARCHANTIOPHYTA);widlikowate (Metzgeriaceae);widlik podwójny;Metzgeria conjugata;;czesciowa;;;;Dz.U. 2014 poz. 1409;
2;27;MCHY (BRYOPHYTA);bezlistowate (Buxbaumiaceae);bezlist zwyczajny;Buxbaumia aphylla;;czesciowa;;;;Dz.U. 2014 poz. 1409;
2;28;MCHY (BRYOPHYTA);bielistkowate (Leucobryaceae);bielistka jałowcowata;Leucobryum juniperoideum;;czesciowa;;;;Dz.U. 2014 poz. 1409;
2;29;MCHY (BRYOPHYTA);bielistkowate (Leucobryaceae);bielistka siwa;Leucobryum glaucum;;czesciowa;;;;Dz.U. 2014 poz. 1409;
2;30;MCHY (BRYOPHYTA);błotniszkowate (Helodiaceae);źródliskowiec tujowaty;Palustriella decipiens;;czesciowa;;;;Dz.U. 2014 poz. 1409;
2;31;MCHY (BRYOPHYTA);błotniszkowate (Helodiaceae);źródliskowiec zmienny;Palustriella commutata;;czesciowa;;;;Dz.U. 2014 poz. 1409;
2;32;MCHY (BRYOPHYTA);drabikowate (Climaciaceae);drabik drzewkowaty;Climacium dendroides;;czesciowa;;;;Dz.U. 2014 poz. 1409;
2;33;MCHY (BRYOPHYTA);drobniaczkowate (Seligeriaceae);drobniaczek łukowaty;Seligeria campylopoda;;czesciowa;;;;Dz.U. 2014 poz. 1409;
2;34;MCHY (BRYOPHYTA);drobniaczkowate (Seligeriaceae);drobniaczek rozłożysty;Seligeria patula;;czesciowa;;;;Dz.U. 2014 poz. 1409;
2;35;MCHY (BRYOPHYTA);drobniaczkowate (Seligeriaceae);drobniaczek wapienny;Seligeria calcarea;;czesciowa;;;;Dz.U. 2014 poz. 1409;
2;36;MCHY (BRYOPHYTA);drobniaczkowate (Seligeriaceae);krótkoząb skalny;Brachydontium trichodes;;czesciowa;;;;Dz.U. 2014 poz. 1409;
2;37;MCHY (BRYOPHYTA);fałdźcowate (Rhytidiaceae);fałdziec pomarszczony;Rhytidium rugosum;;czesciowa;;;;Dz.U. 2014 poz. 1409;
2;38;MCHY (BRYOPHYTA);gajnikowate (Hylocomiaceae);fałdownik nastroszony;Rhytidiadelphus squarrosus;;czesciowa;;;;Dz.U. 2014 poz. 1409;
2;39;MCHY (BRYOPHYTA);gajnikowate (Hylocomiaceae);fałdownik trzyrzędowy;Rhytidiadelphus triquetrus;;czesciowa;;;;Dz.U. 2014 poz. 1409;
2;40;MCHY (BRYOPHYTA);gajnikowate (Hylocomiaceae);gajniczek krótkodzióbkowy;Loeskeobryum brevirostre;;czesciowa;;;;Dz.U. 2014 poz. 1409;
2;41;MCHY (BRYOPHYTA);gajnikowate (Hylocomiaceae);gajnik lśniący;Hylocomium splendens;;czesciowa;;;;Dz.U. 2014 poz. 1409;
2;42;MCHY (BRYOPHYTA);gajnikowate (Hylocomiaceae);rokietnik pospolity;Pleurozium schreberi;;czesciowa;;;;Dz.U. 2014 poz. 1409;
2;43;MCHY (BRYOPHYTA);jętniczkowate (Ephemeraceae);jętniczek odgiętolistny;Ephemerum recurvifolium;;czesciowa;;;;Dz.U. 2014 poz. 1409;
2;44;MCHY (BRYOPHYTA);jętniczkowate (Ephemeraceae);jętniczek zbity;Ephemerum cohaerens;;czesciowa;;;;Dz.U. 2014 poz. 1409;
2;45;MCHY (BRYOPHYTA);krótkoszowate (Brachytheciaceae);brodawkowiec czysty;Pseudoscleropodium purum;;czesciowa;;;;Dz.U. 2014 poz. 1409;
2;46;MCHY (BRYOPHYTA);krótkoszowate (Brachytheciaceae);dzióbkowiec bruzdowany;Eurhynchium striatum;;czesciowa;;;;Dz.U. 2014 poz. 1409;
2;47;MCHY (BRYOPHYTA);krótkoszowate (Brachytheciaceae);dzióbkowiec;Zetterstedta Eurhynchium angustirete;;czesciowa;;;;Dz.U. 2014 poz. 1409;
2;48;MCHY (BRYOPHYTA);krótkoszowate (Brachytheciaceae);krótkosz namurnikowy;Brachythecium geheebii;;czesciowa;;;;Dz.U. 2014 poz. 1409;
2;49;MCHY (BRYOPHYTA);krzewinkowate (Thamnobyaceae);krzewik źródliskowy;Thamnobryum alopecurum;;czesciowa;;;;Dz.U. 2014 poz. 1409;
2;50;MCHY (BRYOPHYTA);krzywoszyjowate (Amblystegiaceae);błyszcze włosowate;Tomentypnum nitens;;czesciowa;;3;;Dz.U. 2014 poz. 1409;
2;51;MCHY (BRYOPHYTA);krzywoszyjowate (Amblystegiaceae);krzywoszyj korzeniowy;Amblystegium radicale;;czesciowa;;;;Dz.U. 2014 poz. 1409;
2;52;MCHY (BRYOPHYTA);krzywoszyjowate (Amblystegiaceae);limprichtia długokończysta;Limprichtia revolvens;;czesciowa;;;;Dz.U. 2014 poz. 1409;
2;53;MCHY (BRYOPHYTA);krzywoszyjowate (Amblystegiaceae);limprichtia pośrednia;Limprichtia cossonii;;czesciowa;;;;Dz.U. 2014 poz. 1409;
2;54;MCHY (BRYOPHYTA);krzywoszyjowate (Amblystegiaceae);sierpowiec brudny;Drepanocladus sordidus;;czesciowa;;;;Dz.U. 2014 poz. 1409;
2;55;MCHY (BRYOPHYTA);krzywoszyjowate (Amblystegiaceae);sierpowiec jeziorny;Drepanocladus stagnatus;;czesciowa;;;;Dz.U. 2014 poz. 1409;
2;56;MCHY (BRYOPHYTA);krzywoszyjowate (Amblystegiaceae);sierpowiec moczarowy;Drepanocladus sendtneri;;czesciowa;;;;Dz.U. 2014 poz. 1409;
2;57;MCHY (BRYOPHYTA);krzywoszyjowate (Amblystegiaceae);tęposz niski;Leptodictyum humile;;czesciowa;;;;Dz.U. 2014 poz. 1409;
2;58;MCHY (BRYOPHYTA);krzywoszyjowate (Amblystegiaceae);wodnokrzywoszyj rzeczny;Hygroamblystegium fluviatile;;czesciowa;;;;Dz.U. 2014 poz. 1409;
2;59;MCHY (BRYOPHYTA);krzywoszyjowate (Amblystegiaceae);wodnokrzywoszyj zanurzony;Hygroamblystegium tenax;;czesciowa;;;;Dz.U. 2014 poz. 1409;
2;60;MCHY (BRYOPHYTA);miecherowate (Neckeraceae);gładysz paprociowaty;Homalia trichomanoides;;czesciowa;;;;Dz.U. 2014 poz. 1409;
2;61;MCHY (BRYOPHYTA);miecherowate (Neckeraceae);miechera;Bessera Neckera besseri;;czesciowa;;;;Dz.U. 2014 poz. 1409;
2;62;MCHY (BRYOPHYTA);miecherowate (Neckeraceae);miechera kędzierzawa;Neckera crispa;;czesciowa;;;;Dz.U. 2014 poz. 1409;
2;63;MCHY (BRYOPHYTA);miecherowate (Neckeraceae);miechera spłaszczona;Neckera complanata;;czesciowa;;;;Dz.U. 2014 poz. 1409;
2;64;MCHY (BRYOPHYTA);naleźlinowate (Andreaceae);naleźlina;Blytta Andreaea blyttii;;czesciowa;;;;Dz.U. 2014 poz. 1409;
2;65;MCHY (BRYOPHYTA);naleźlinowate (Andreaceae);naleźlina grubożebrowa;Andreaea crassinervia;;czesciowa;;;;Dz.U. 2014 poz. 1409;
2;66;MCHY (BRYOPHYTA);naleźlinowate (Andreaceae);naleźlina;Rotha Andreaea rothii;;czesciowa;;;;Dz.U. 2014 poz. 1409;
2;67;MCHY (BRYOPHYTA);naleźlinowate (Andreaceae);naleźlina skalna;Andreaea rupestris;;czesciowa;;;;Dz.U. 2014 poz. 1409;
2;68;MCHY (BRYOPHYTA);naleźlinowate (Andreaceae);naleźlina śnieżna;Andreaea nivalis;;czesciowa;;;;Dz.U. 2014 poz. 1409;
2;69;MCHY (BRYOPHYTA);naleźlinowate (Andreaceae);naleźlina zimna;Andreaea frigida;;czesciowa;;;;Dz.U. 2014 poz. 1409;
2;70;MCHY (BRYOPHYTA);osadniczkowate (Disceliaceae);osadniczek goły;Discelium nudum;;czesciowa;;;;Dz.U. 2014 poz. 1409;
2;71;MCHY (BRYOPHYTA);płoniwowate (Pottiaceae);boczeń nastroszony;Pleurochaete squarrosa;;czesciowa;;;;Dz.U. 2014 poz. 1409;
2;72;MCHY (BRYOPHYTA);płoniwowate (Pottiaceae);brodek zwisły;Tortula cernua;;czesciowa;;;;Dz.U. 2014 poz. 1409;
2;73;MCHY (BRYOPHYTA);płoniwowate (Pottiaceae);kędzierzawka krucha;Tortella fragilis;;czesciowa;;;;Dz.U. 2014 poz. 1409;
2;74;MCHY (BRYOPHYTA);płoniwowate (Pottiaceae);kędzierzawka żółtozielona;Tortella flavovirens;;czesciowa;;;;Dz.U. 2014 poz. 1409;
2;75;MCHY (BRYOPHYTA);płoniwowate (Pottiaceae);pędzliczek brodawkowaty;Syntrichia papillosa;;czesciowa;;;;Dz.U. 2014 poz. 1409;
2;76;MCHY (BRYOPHYTA);płoniwowate (Pottiaceae);pędzliczek chiński;Syntrichia sinensis;;czesciowa;;;;Dz.U. 2014 poz. 1409;
2;77;MCHY (BRYOPHYTA);płoniwowate (Pottiaceae);pędzliczek gładkowłoskowy;Syntrichia laevipila;;czesciowa;;;;Dz.U. 2014 poz. 1409;
2;78;MCHY (BRYOPHYTA);płoniwowate (Pottiaceae);pędzliczek szerokolistny;Syntrichia latifolia;;czesciowa;;;;Dz.U. 2014 poz. 1409;
2;79;MCHY (BRYOPHYTA);płoniwowate (Pottiaceae);pędzliczek zielonawy;Syntrichia virescens;;czesciowa;;;;Dz.U. 2014 poz. 1409;
2;80;MCHY (BRYOPHYTA);płoniwowate (Pottiaceae);ślimakobrzeżek lessowy;Hilpertia velenovskyi;;czesciowa;;;Polytrichaceae;Dz.U. 2014 poz. 1409;
2;81;MCHY (BRYOPHYTA);płoniwowate (Pottiaceae);płonnik cienki;Polytrichum strictum;;czesciowa;;;;Dz.U. 2014 poz. 1409;
2;82;MCHY (BRYOPHYTA);płoniwowate (Pottiaceae);płonnik pospolity;Polytrichum commune;;czesciowa;;;;Dz.U. 2014 poz. 1409;
2;83;MCHY (BRYOPHYTA);podsadnikowate (Splachnaceae);długoszyj piłkowany;Tayloria serrata;;czesciowa;;;;Dz.U. 2014 poz. 1409;
2;84;MCHY (BRYOPHYTA);podsadnikowate (Splachnaceae);podsadnik pęcherzykowaty;Splachnum ampullaceum;;czesciowa;;;;Dz.U. 2014 poz. 1409;
2;85;MCHY (BRYOPHYTA);prątnikowate (Bryaceae);prątnik zbiegający;Bryum weigelii;;czesciowa;;;;Dz.U. 2014 poz. 1409;
2;86;MCHY (BRYOPHYTA);próchniczkowate (mochwianowate) (Aulacomniaceae);próchniczek błotny;Aulacomnium palustre;;czesciowa;;;;Dz.U. 2014 poz. 1409;
2;87;MCHY (BRYOPHYTA);rokietowate (Hypnaceae);grzebieniowiec piórkowaty;Ctenidium molluscum;;czesciowa;;;;Dz.U. 2014 poz. 1409;
2;88;MCHY (BRYOPHYTA);rokietowate (Hypnaceae);mokradłoszka zaostrzona;Calliergonella cuspidata;;czesciowa;;;;Dz.U. 2014 poz. 1409;
2;89;MCHY (BRYOPHYTA);rokietowate (Hypnaceae);piórosz pierzasty;Ptilium crista-castrensis;;czesciowa;;;;Dz.U. 2014 poz. 1409;
2;90;MCHY (BRYOPHYTA);rokietowate (Hypnaceae);płaszczeniec marszczony;Buckiella undulata;;czesciowa;;;;Dz.U. 2014 poz. 1409;
2;91;MCHY (BRYOPHYTA);skrzydlikowate (Fissidentaceae);skrzydlik długoszowaty;Fissidens osmundoides;;czesciowa;;;;Dz.U. 2014 poz. 1409;
2;92;MCHY (BRYOPHYTA);strzechwowate (Grimmiaceae);rozłupek brunatny;Schistidium brunnescens;;czesciowa;;;;Dz.U. 2014 poz. 1409;
2;93;MCHY (BRYOPHYTA);strzechwowate (Grimmiaceae);rozłupek czarniawy;Schistidium atrofuscum;;czesciowa;;;;Dz.U. 2014 poz. 1409;
2;94;MCHY (BRYOPHYTA);strzechwowate (Grimmiaceae);rozłupek włoskoząb;Schistidium trichodon;;czesciowa;;;;Dz.U. 2014 poz. 1409;
2;95;MCHY (BRYOPHYTA);strzechwowate (Grimmiaceae);siatkoząb darniowy;Coscinodon cribrosus;;czesciowa;;;;Dz.U. 2014 poz. 1409;
2;96;MCHY (BRYOPHYTA);strzechwowate (Grimmiaceae);strzechewka bruzdowana;Orthogrimmia sessitana;;czesciowa;;;;Dz.U. 2014 poz. 1409;
2;97;MCHY (BRYOPHYTA);strzechwowate (Grimmiaceae);strzechewka darniowa;Orthogrimmia caespiticia;;czesciowa;;;;Dz.U. 2014 poz. 1409;
2;98;MCHY (BRYOPHYTA);strzechwowate (Grimmiaceae);strzechwa bezząb;Grimmia anodon;;czesciowa;;;;Dz.U. 2014 poz. 1409;
2;99;MCHY (BRYOPHYTA);strzechwowate (Grimmiaceae);strzechwa włosista;Grimmia crinita;;czesciowa;;;;Dz.U. 2014 poz. 1409;
2;100;MCHY (BRYOPHYTA);strzechwowate (Grimmiaceae);strzechwowiec okrągły;Dryptodon orbicularis;;czesciowa;;;;Dz.U. 2014 poz. 1409;
2;101;MCHY (BRYOPHYTA);strzechwowate (Grimmiaceae);strzechwowiec zwodniczy;Dryptodon decipiens;;czesciowa;;;;Dz.U. 2014 poz. 1409;
2;102;MCHY (BRYOPHYTA);szmotłochowate (Bartramiaceae);bagniak darniowy;Philonotis caespitosa;;czesciowa;;;;Dz.U. 2014 poz. 1409;
2;103;MCHY (BRYOPHYTA);szmotłochowate (Bartramiaceae);bagniak długokończysty;Philonotis marchica;;czesciowa;;;;Dz.U. 2014 poz. 1409;
2;104;MCHY (BRYOPHYTA);szmotłochowate (Bartramiaceae);bagniak kutnerowaty;Philonotis tomentella;;czesciowa;;;;Dz.U. 2014 poz. 1409;
2;105;MCHY (BRYOPHYTA);szmotłochowate (Bartramiaceae);bagniak spiralny;Philonotis seriata;;czesciowa;;;;Dz.U. 2014 poz. 1409;
2;106;MCHY (BRYOPHYTA);szmotłochowate (Bartramiaceae);bagniak wapienny;Philonotis calcarea;;czesciowa;;;;Dz.U. 2014 poz. 1409;
2;107;MCHY (BRYOPHYTA);szmotłochowate (Bartramiaceae);bagniak włosowaty;Philonotis arnellii;;czesciowa;;;;Dz.U. 2014 poz. 1409;
2;108;MCHY (BRYOPHYTA);szmotłochowate (Bartramiaceae);bagniak zdrojowy;Philonotis fontana;;czesciowa;;;;Dz.U. 2014 poz. 1409;
2;109;MCHY (BRYOPHYTA);szurpkowate (Orthotrichaceae);nastroszek;Brucha Ulota bruchii;;czesciowa;;;;Dz.U. 2014 poz. 1409;
2;110;MCHY (BRYOPHYTA);szurpkowate (Orthotrichaceae);nastroszek kędzierzawy;Ulota crispa;;czesciowa;;;;Dz.U. 2014 poz. 1409;
2;111;MCHY (BRYOPHYTA);szurpkowate (Orthotrichaceae);szurpek bezzębny;Orthotrichum gymnostomum;;czesciowa;;;;Dz.U. 2014 poz. 1409;
2;112;MCHY (BRYOPHYTA);szurpkowate (Orthotrichaceae);szurpek delikatny;Orthotrichum tenellum;;czesciowa;;;;Dz.U. 2014 poz. 1409;
2;113;MCHY (BRYOPHYTA);szurpkowate (Orthotrichaceae);szurpek porosły;Orthotrichum lyellii;;czesciowa;;;;Dz.U. 2014 poz. 1409;
2;114;MCHY (BRYOPHYTA);szurpkowate (Orthotrichaceae);szurpek skalny;Orthotrichum rupestre;;czesciowa;;;;Dz.U. 2014 poz. 1409;
2;115;MCHY (BRYOPHYTA);szurpkowate (Orthotrichaceae);szurpek słoikowaty;Orthotrichum urnigerum;;czesciowa;;;;Dz.U. 2014 poz. 1409;
2;116;MCHY (BRYOPHYTA);torfowcowate (Sphagnaceae);torfowiec bałtycki;Sphagnum balticum;;czesciowa;;;;Dz.U. 2014 poz. 1409;
2;117;MCHY (BRYOPHYTA);torfowcowate (Sphagnaceae);torfowiec błotny;Sphagnum palustre;;czesciowa;;;;Dz.U. 2014 poz. 1409;
2;118;MCHY (BRYOPHYTA);torfowcowate (Sphagnaceae);torfowiec brodawkowaty;Sphagnum papillosum;;czesciowa;;;;Dz.U. 2014 poz. 1409;
2;119;MCHY (BRYOPHYTA);torfowcowate (Sphagnaceae);torfowiec brunatny;Sphagnum fuscum;;czesciowa;;;;Dz.U. 2014 poz. 1409;
2;120;MCHY (BRYOPHYTA);torfowcowate (Sphagnaceae);torfowiec cieniutki;Sphagnum tenellum;;czesciowa;;;;Dz.U. 2014 poz. 1409;
2;121;MCHY (BRYOPHYTA);torfowcowate (Sphagnaceae);torfowiec czerwonawy;Sphagnum rubellum;;czesciowa;;;;Dz.U. 2014 poz. 1409;
2;122;MCHY (BRYOPHYTA);torfowcowate (Sphagnaceae);torfowiec;Dusena Sphagnum majus;;czesciowa;;;;Dz.U. 2014 poz. 1409;
2;123;MCHY (BRYOPHYTA);torfowcowate (Sphagnaceae);torfowiec frędzlowany;Sphagnum fimbriatum;;czesciowa;;;;Dz.U. 2014 poz. 1409;
2;124;MCHY (BRYOPHYTA);torfowcowate (Sphagnaceae);torfowiec;Girgensohna Sphagnum girgensohnii;;czesciowa;;;;Dz.U. 2014 poz. 1409;
2;125;MCHY (BRYOPHYTA);torfowcowate (Sphagnaceae);torfowiec jednoboczny;Sphagnum subsecundum;;czesciowa;;;;Dz.U. 2014 poz. 1409;
2;126;MCHY (BRYOPHYTA);torfowcowate (Sphagnaceae);torfowiec;Jensena Sphagnum jensenii;;czesciowa;;;;Dz.U. 2014 poz. 1409;
2;127;MCHY (BRYOPHYTA);torfowcowate (Sphagnaceae);torfowiec magellański;Sphagnum magellanicum;;czesciowa;;;;Dz.U. 2014 poz. 1409;
2;128;MCHY (BRYOPHYTA);torfowcowate (Sphagnaceae);torfowiec miękki;Sphagnum molle;;czesciowa;;;;Dz.U. 2014 poz. 1409;
2;129;MCHY (BRYOPHYTA);torfowcowate (Sphagnaceae);torfowiec nastroszony;Sphagnum squarrosum;;czesciowa;;;;Dz.U. 2014 poz. 1409;
2;130;MCHY (BRYOPHYTA);torfowcowate (Sphagnaceae);torfowiec obły;Sphagnum teres;;czesciowa;;;;Dz.U. 2014 poz. 1409;
2;131;MCHY (BRYOPHYTA);torfowcowate (Sphagnaceae);torfowiec okazały;Sphagnum riparium;;czesciowa;;;;Dz.U. 2014 poz. 1409;
2;132;MCHY (BRYOPHYTA);torfowcowate (Sphagnaceae);torfowiec ostrolistny;Sphagnum capillifolium;;czesciowa;;;;Dz.U. 2014 poz. 1409;
2;133;MCHY (BRYOPHYTA);torfowcowate (Sphagnaceae);torfowiec pierzasty;Sphagnum subnitens;;czesciowa;;;;Dz.U. 2014 poz. 1409;
2;134;MCHY (BRYOPHYTA);torfowcowate (Sphagnaceae);torfowiec pięciorzędowy;Sphagnum quinquefarium;;czesciowa;;;;Dz.U. 2014 poz. 1409;
2;135;MCHY (BRYOPHYTA);torfowcowate (Sphagnaceae);torfowiec płowy;Sphagnum subfulvum;;czesciowa;;;;Dz.U. 2014 poz. 1409;
2;136;MCHY (BRYOPHYTA);torfowcowate (Sphagnaceae);torfowiec pogięty;Sphagnum flexuosum;;czesciowa;;;;Dz.U. 2014 poz. 1409;
2;137;MCHY (BRYOPHYTA);torfowcowate (Sphagnaceae);torfowiec pokrewny;Sphagnum affine;;czesciowa;;;;Dz.U. 2014 poz. 1409;
2;138;MCHY (BRYOPHYTA);torfowcowate (Sphagnaceae);torfowiec;Russowa Sphagnum russowii;;czesciowa;;;;Dz.U. 2014 poz. 1409;
2;139;MCHY (BRYOPHYTA);torfowcowate (Sphagnaceae);torfowiec skręcony;Sphagnum contortum;;czesciowa;;;;Dz.U. 2014 poz. 1409;
2;140;MCHY (BRYOPHYTA);torfowcowate (Sphagnaceae);torfowiec spiczastolistny;Sphagnum cuspidatum;;czesciowa;;;;Dz.U. 2014 poz. 1409;
2;141;MCHY (BRYOPHYTA);torfowcowate (Sphagnaceae);torfowiec szorstki;Sphagnum compactum;;czesciowa;;;;Dz.U. 2014 poz. 1409;
2;142;MCHY (BRYOPHYTA);torfowcowate (Sphagnaceae);torfowiec środkowy;Sphagnum centrale;;czesciowa;;;;Dz.U. 2014 poz. 1409;
2;143;MCHY (BRYOPHYTA);torfowcowate (Sphagnaceae);torfowiec tępolistny;Sphagnum obtusum;;czesciowa;;;;Dz.U. 2014 poz. 1409;
2;144;MCHY (BRYOPHYTA);torfowcowate (Sphagnaceae);torfowiec;Warnstorfa Sphagnum warnstorfii;;czesciowa;;;;Dz.U. 2014 poz. 1409;
2;145;MCHY (BRYOPHYTA);torfowcowate (Sphagnaceae);torfowiec wąskolistny;Sphagnum angustifolium;;czesciowa;;;;Dz.U. 2014 poz. 1409;
2;146;MCHY (BRYOPHYTA);torfowcowate (Sphagnaceae);torfowiec wklęsłolistny;Sphagnum platyphyllum;;czesciowa;;;;Dz.U. 2014 poz. 1409;
2;147;MCHY (BRYOPHYTA);torfowcowate (Sphagnaceae);torfowiec;Wulfa Sphagnum wulfianum;;czesciowa;;;;Dz.U. 2014 poz. 1409;
2;148;MCHY (BRYOPHYTA);torfowcowate (Sphagnaceae);torfowiec zanurzony;Sphagnum inundatum;;czesciowa;;;;Dz.U. 2014 poz. 1409;
2;149;MCHY (BRYOPHYTA);torfowcowate (Sphagnaceae);torfowiec kończysty;Sphagnum fallax;;czesciowa;;;;Dz.U. 2014 poz. 1409;
2;150;MCHY (BRYOPHYTA);torfowcowate (Sphagnaceae);torfowiec ząbkowany;Sphagnum denticulatum;;czesciowa;;;;Dz.U. 2014 poz. 1409;
2;151;MCHY (BRYOPHYTA);tujowcowate (Thuidiaceae);jodłówka pospolita;Abietinella abietina;;czesciowa;;;;Dz.U. 2014 poz. 1409;
2;152;MCHY (BRYOPHYTA);tujowcowate (Thuidiaceae);tujowiec delikatny;Thuidium delicatulum;;czesciowa;;;;Dz.U. 2014 poz. 1409;
2;153;MCHY (BRYOPHYTA);tujowcowate (Thuidiaceae);tujowiec szerokolistny;Thuidium recognitum;;czesciowa;;;;Dz.U. 2014 poz. 1409;
2;154;MCHY (BRYOPHYTA);tujowcowate (Thuidiaceae);tujowiec tamaryszkowaty;Thuidium tamariscinum;;czesciowa;;;;Dz.U. 2014 poz. 1409;
2;155;MCHY (BRYOPHYTA);tujowcowate (Thuidiaceae);tujowiec włoskolistny;Thuidium philibertii;;czesciowa;;;;Dz.U. 2014 poz. 1409;
2;156;MCHY (BRYOPHYTA);widłozębowate (Dicranaceae);krzywoszczeć krucha;Campylopus fragilis;;czesciowa;;;;Dz.U. 2014 poz. 1409;
2;157;MCHY (BRYOPHYTA);widłozębowate (Dicranaceae);krzywoszczeć pogięta;Campylopus flexuosus;;czesciowa;;;;Dz.U. 2014 poz. 1409;
2;158;MCHY (BRYOPHYTA);widłozębowate (Dicranaceae);krzywoszczeć torfowa;Campylopus pyriformis;;czesciowa;;;;Dz.U. 2014 poz. 1409;
2;159;MCHY (BRYOPHYTA);widłozębowate (Dicranaceae);różnoząb delikatny;Cynodontium tenellum;;czesciowa;;;;Dz.U. 2014 poz. 1409;
2;160;MCHY (BRYOPHYTA);widłozębowate (Dicranaceae);różnoząb smukły;Cynodontium gracilescens;;czesciowa;;;;Dz.U. 2014 poz. 1409;
2;161;MCHY (BRYOPHYTA);widłozębowate (Dicranaceae);różnoząb zwodniczy;Cynodontium fallax;;czesciowa;;;;Dz.U. 2014 poz. 1409;
2;162;MCHY (BRYOPHYTA);widłozębowate (Dicranaceae);widłoząb błotny;Dicranum bonjeanii;;czesciowa;;;;Dz.U. 2014 poz. 1409;
2;163;MCHY (BRYOPHYTA);widłozębowate (Dicranaceae);widłoząb kędzierzawy;Dicranum polysetum;;czesciowa;;;;Dz.U. 2014 poz. 1409;
2;164;MCHY (BRYOPHYTA);widłozębowate (Dicranaceae);widłoząb miotłowy;Dicranum scoparium;;czesciowa;;;;Dz.U. 2014 poz. 1409;
2;165;MCHY (BRYOPHYTA);widłozębowate (Dicranaceae);widłoząb płowy;Dicranum fulvum;;czesciowa;;;;Dz.U. 2014 poz. 1409;
2;166;MCHY (BRYOPHYTA);widłozębowate (Dicranaceae);widłoząb sudecki;Dicranum sendtneri;;czesciowa;;;;Dz.U. 2014 poz. 1409;
2;167;MCHY (BRYOPHYTA);widłozębowate (Dicranaceae);zwiesiniec szorstki;Dicranodontium asperulum;;czesciowa;;;;Dz.U. 2014 poz. 1409;
2;168;MCHY (BRYOPHYTA);zdrojkowate (Fontinalaceae);zdrojek łuseczkowaty;Fontinalis squamosa;;czesciowa;;;;Dz.U. 2014 poz. 1409;
2;169;MCHY (BRYOPHYTA);zwiślikowate (Anomodontaceae);zwiślik długolistny;Anomodon longifolius;;czesciowa;;;;Dz.U. 2014 poz. 1409;
2;170;MCHY (BRYOPHYTA);zwiślikowate (Anomodontaceae);zwiślik krótkokończysty;Anomodon rugelii;;czesciowa;;;;Dz.U. 2014 poz. 1409;
2;171;MCHY (BRYOPHYTA);zwiślikowate (Anomodontaceae);zwiślik maczugowaty;Anomodon attenuatus;;czesciowa;;;;Dz.U. 2014 poz. 1409;
2;172;MCHY (BRYOPHYTA);zwiślikowate (Anomodontaceae);zwiślik wiciowy;Anomodon viticulosus;;czesciowa;;;;Dz.U. 2014 poz. 1409;
2;173;PAPROTNIKI (PTERIDOPHYTA);języcznikowate (Blechnaceae);podrzeń żebrowiec;Blechnum spicant;;czesciowa;;;;Dz.U. 2014 poz. 1409;
2;174;PAPROTNIKI (PTERIDOPHYTA);widliczkowate (Selaginellaceae);widliczka ostrozębna;Selaginella selaginoides;;czesciowa;;3;;Dz.U. 2014 poz. 1409;
2;175;PAPROTNIKI (PTERIDOPHYTA);widłakowate (Lycopodiaceae);widlicz (widłak) spłaszczony;Diphasiastrum complanatum;;czesciowa;;;;Dz.U. 2014 poz. 1409;
2;176;PAPROTNIKI (PTERIDOPHYTA);widłakowate (Lycopodiaceae);widłak goździsty;Lycopodium clavatum;;czesciowa;;;;Dz.U. 2014 poz. 1409;
2;177;PAPROTNIKI (PTERIDOPHYTA);widłakowate (Lycopodiaceae);widłak jałowcowaty;Lycopodium annotinum;;czesciowa;;;;Dz.U. 2014 poz. 1409;
2;178;PAPROTNIKI (PTERIDOPHYTA);widłakowate (Lycopodiaceae);wroniec widlasty (widłak wroniec);Huperzia selago;;czesciowa;;;;Dz.U. 2014 poz. 1409;
2;179;PAPROTNIKI (PTERIDOPHYTA);wietlicowate (Athyriaceae);pióropusznik strusi;Matteucia struthiopteris;;czesciowa;;;;Dz.U. 2014 poz. 1409;
2;180;PAPROTNIKI (PTERIDOPHYTA);zanokcicowate (Aspleniaceae);zanokcica północna;Asplenium septentrionale;;czesciowa;;3;;Dz.U. 2014 poz. 1409;
2;181;NASIENNE (SPERMATOPHYTA);amarylkowate (Amaryllidaceae);śnieżyca wiosenna;Leucoium vernum;;czesciowa;;;;Dz.U. 2014 poz. 1409;
2;182;NASIENNE (SPERMATOPHYTA);amarylkowate (Amaryllidaceae);śnieżyczka przebiśnieg;Galanthus nivalis;;czesciowa;;;;Dz.U. 2014 poz. 1409;
2;183;NASIENNE (SPERMATOPHYTA);babkowate (Plantaginaceae);konitrut błotny;Gratiola officinalis;;czesciowa;;;;Dz.U. 2014 poz. 1409;
2;184;NASIENNE (SPERMATOPHYTA);baldaszkowate (Apiaceae);dzięgiel (arcydzięgiel) litwor;Angelica archangelica;;czesciowa;;;;Dz.U. 2014 poz. 1409;
2;185;NASIENNE (SPERMATOPHYTA);bobrkowate (Menyanthaceae);bobrek trójlistkowy;Menyanthes trifoliata;;czesciowa;;;;Dz.U. 2014 poz. 1409;
2;186;NASIENNE (SPERMATOPHYTA);cisowate (Taxaceae);cis pospolity;Taxus baccata;;czesciowa;;;;Dz.U. 2014 poz. 1409;
2;187;NASIENNE (SPERMATOPHYTA);dzwonkowate (Campanulaceae);dzwonek szerokolistny;Campanula latifolia;;czesciowa;;;;Dz.U. 2014 poz. 1409;
2;188;NASIENNE (SPERMATOPHYTA);dzwonkowate (Campanulaceae);zerwa kulista (zerwa główkowata);Phyteuma orbiculare;;czesciowa;;;;Dz.U. 2014 poz. 1409;
2;189;NASIENNE (SPERMATOPHYTA);goryczkowate (Gentianaceae);centuria nadobna;Centaurium pulchellum;;czesciowa;;;;Dz.U. 2014 poz. 1409;
2;190;NASIENNE (SPERMATOPHYTA);goryczkowate (Gentianaceae);centuria pospolita (centuria zwyczajna);Centaurium erythraea;;czesciowa;;;;Dz.U. 2014 poz. 1409;
2;191;NASIENNE (SPERMATOPHYTA);goryczkowate (Gentianaceae);goryczka trojeściowa (goryczka trojeściowata);Gentiana asclepiadea;;czesciowa;;;;Dz.U. 2014 poz. 1409;
2;192;NASIENNE (SPERMATOPHYTA);goryczkowate (Gentianaceae);goryczuszka (goryczka) orzęsiona;Gentianella ciliata;;czesciowa;;;;Dz.U. 2014 poz. 1409;
2;193;NASIENNE (SPERMATOPHYTA);goryczkowate (Gentianaceae);goryczuszka (goryczka) wczesna;Gentianella lutescens;;czesciowa;;;;Dz.U. 2014 poz. 1409;
2;194;NASIENNE (SPERMATOPHYTA);goździkowate (Caryophyllaceae);goździk piaskowy;Dianthus arenarius;;czesciowa;;;;Dz.U. 2014 poz. 1409;
2;195;NASIENNE (SPERMATOPHYTA);goździkowate (Caryophyllaceae);goździk postrzępiony;Dianthus plumarius;;czesciowa;;3;;Dz.U. 2014 poz. 1409;
2;196;NASIENNE (SPERMATOPHYTA);goździkowate (Caryophyllaceae);goździk skupiony;Dianthus compactus;;czesciowa;;;;Dz.U. 2014 poz. 1409;
2;197;NASIENNE (SPERMATOPHYTA);goździkowate (Caryophyllaceae);łyszczec (gipsówka) wiechowaty;Gypsophila paniculata;;czesciowa;;;;Dz.U. 2014 poz. 1409;
2;198;NASIENNE (SPERMATOPHYTA);gruszyczkowate (Pyrolaceae);pomocnik baldaszkowy;Chimaphila umbellata;;czesciowa;;;;Dz.U. 2014 poz. 1409;
2;199;NASIENNE (SPERMATOPHYTA);grzybieniowate (Nymphaeaceae);grzybienie białe;Nymphaea alba;;czesciowa;;;;Dz.U. 2014 poz. 1409;
2;200;NASIENNE (SPERMATOPHYTA);grzybieniowate (Nymphaeaceae);grzybienie północne (grzybienie zapoznane);Nymphaea candida;;czesciowa;;;;Dz.U. 2014 poz. 1409;
2;201;NASIENNE (SPERMATOPHYTA);jaskrowate (Ranunculaceae);jaskier wielki;Ranunculus lingua;;czesciowa;;;;Dz.U. 2014 poz. 1409;
2;202;NASIENNE (SPERMATOPHYTA);jaskrowate (Ranunculaceae);orlik pospolity;Aquilegia vulgaris;;czesciowa;;;;Dz.U. 2014 poz. 1409;
2;203;NASIENNE (SPERMATOPHYTA);jaskrowate (Ranunculaceae);pluskwica europejska (pluskwica cuchnąca);Cimicifuga europaea;;czesciowa;;;;Dz.U. 2014 poz. 1409;
2;204;NASIENNE (SPERMATOPHYTA);jaskrowate (Ranunculaceae);tojad dzióbaty;Aconitum variegatum;;czesciowa;;;;Dz.U. 2014 poz. 1409;
2;205;NASIENNE (SPERMATOPHYTA);jaskrowate (Ranunculaceae);tojad;Gayera Aconitum x gayeri;;czesciowa;;;;Dz.U. 2014 poz. 1409;
2;206;NASIENNE (SPERMATOPHYTA);jaskrowate (Ranunculaceae);tojad kosmatoowockowy;Aconitum x hebegynum;;czesciowa;;;;Dz.U. 2014 poz. 1409;
2;207;NASIENNE (SPERMATOPHYTA);jaskrowate (Ranunculaceae);tojad;Lengyela Aconitum x lengyelii;;czesciowa;;;;Dz.U. 2014 poz. 1409;
2;208;NASIENNE (SPERMATOPHYTA);jaskrowate (Ranunculaceae);tojad;Pawłowskiego Aconitum x pawlowskii;;czesciowa;;;;Dz.U. 2014 poz. 1409;
2;209;NASIENNE (SPERMATOPHYTA);jaskrowate (Ranunculaceae);włosienicznik rzeczny;Batrachium fluitans;;czesciowa;;;;Dz.U. 2014 poz. 1409;
2;210;NASIENNE (SPERMATOPHYTA);jaskrowate (Ranunculaceae);włosienicznik skapopręcikowy;Batrachium trichophyllum;;czesciowa;;;;Dz.U. 2014 poz. 1409;
2;211;NASIENNE (SPERMATOPHYTA);jaskrowate (Ranunculaceae);zawilec narcyzowy (zawilec narcyzowaty);Anemone narcissifolia;;czesciowa;;;;Dz.U. 2014 poz. 1409;
2;212;NASIENNE (SPERMATOPHYTA);jaskrowate (Ranunculaceae);zawilec wielkokwiatowy (zawilec leśny);Anemone sylvestris;;czesciowa;;;;Dz.U. 2014 poz. 1409;
2;213;NASIENNE (SPERMATOPHYTA);kosaćcowate (Iridaceae);szafran spiski;Crocus scepusiensis;;czesciowa;;;;Dz.U. 2014 poz. 1409;
2;214;NASIENNE (SPERMATOPHYTA);krzyżowe (Brassicaceae);rukiew wodna;Nasturtium officinale;;czesciowa;;;;Dz.U. 2014 poz. 1409;
2;215;NASIENNE (SPERMATOPHYTA);liliowate (Liliaceae);cebulica dwulistna (oszloch);Scilla bifolia;;czesciowa;;;;Dz.U. 2014 poz. 1409;
2;216;NASIENNE (SPERMATOPHYTA);liliowate (Liliaceae);ciemiężyca (ciemierzyca) zielona;Veratrum lobelianum;;czesciowa;;;;Dz.U. 2014 poz. 1409;
2;217;NASIENNE (SPERMATOPHYTA);liliowate (Liliaceae);czosnek kątowaty;Allium angulosum;;czesciowa;;;;Dz.U. 2014 poz. 1409;
2;218;NASIENNE (SPERMATOPHYTA);liliowate (Liliaceae);czosnek niedźwiedzi;Allium ursinum;;czesciowa;;;;Dz.U. 2014 poz. 1409;
2;219;NASIENNE (SPERMATOPHYTA);marzanowate (Rubiaceae);przytulia szorstkoowockowa;Galium pumilum;;czesciowa;;;;Dz.U. 2014 poz. 1409;
2;220;NASIENNE (SPERMATOPHYTA);motylkowate (Fabaceae);groszek błotny;Lathyrus palustris;;czesciowa;;;;Dz.U. 2014 poz. 1409;
2;221;NASIENNE (SPERMATOPHYTA);motylkowate (Fabaceae);groszek wschodniokarpacki;Lathyrus laevigatus;;czesciowa;;;;Dz.U. 2014 poz. 1409;
2;222;NASIENNE (SPERMATOPHYTA);motylkowate (Fabaceae);komonicznik skrzydlastostrąkowy;Tetragonolobus maritimus;;czesciowa;;;;Dz.U. 2014 poz. 1409;
2;223;NASIENNE (SPERMATOPHYTA);motylkowate (Fabaceae);wilżyna ciernista;Ononis spinosa;;czesciowa;;;;Dz.U. 2014 poz. 1409;
2;224;NASIENNE (SPERMATOPHYTA);motylkowate (Fabaceae);wilżyna rozłogowa;Ononis repens;;czesciowa;;;;Dz.U. 2014 poz. 1409;
2;225;NASIENNE (SPERMATOPHYTA);nadwodnikowate (Elatinaceae);nadwodnik naprzeciwlistny;Elatine hydropiper;;czesciowa;;;;Dz.U. 2014 poz. 1409;
2;226;NASIENNE (SPERMATOPHYTA);nadwodnikowate (Elatinaceae);nadwodnik okółkowy;Elatine alsinastrum;;czesciowa;;;;Dz.U. 2014 poz. 1409;
2;227;NASIENNE (SPERMATOPHYTA);nadwodnikowate (Elatinaceae);nadwodnik sześciopręcikowy;Elatine hexandra;;czesciowa;;;;Dz.U. 2014 poz. 1409;
2;228;NASIENNE (SPERMATOPHYTA);nadwodnikowate (Elatinaceae);nadwodnik trójpręcikowy;Elatine triandra;;czesciowa;;;;Dz.U. 2014 poz. 1409;
2;229;NASIENNE (SPERMATOPHYTA);obrazkowate (Araceae);obrazki alpejskie;Arum alpinum;;czesciowa;;;;Dz.U. 2014 poz. 1409;
2;230;NASIENNE (SPERMATOPHYTA);oliwnikowate (Elaeagnaceae);rokitnik zwyczajny;Hippophaë rhamnoides;;czesciowa;;;;Dz.U. 2014 poz. 1409;
2;231;NASIENNE (SPERMATOPHYTA);pierwiosnkowate (Primulaceae);pierwiosnek (pierwiosnka) wyniosły;Primula elatior;;czesciowa;;;;Dz.U. 2014 poz. 1409;
2;232;NASIENNE (SPERMATOPHYTA);pierwiosnkowate (Primulaceae);zarzyczka (kortusa) górska;Cortusa matthioli;;czesciowa;;;;Dz.U. 2014 poz. 1409;
2;233;NASIENNE (SPERMATOPHYTA);przewiertniowate (Caprifoliaceae);wiciokrzew (suchokrzew) pomorski;Lonicera periclymenum;;czesciowa;;;;Dz.U. 2014 poz. 1409;
2;234;NASIENNE (SPERMATOPHYTA);przewiertniowate (Caprifoliaceae);zimoziół (linnea) północny;Linnaea borealis;;czesciowa;;;;Dz.U. 2014 poz. 1409;
2;235;NASIENNE (SPERMATOPHYTA);psiankowate (Solanaceae);lulecznica kraińska;Scopolia carniolica;;czesciowa;;;;Dz.U. 2014 poz. 1409;
2;236;NASIENNE (SPERMATOPHYTA);psiankowate (Solanaceae);pokrzyk wilcza-jagoda;Atropa belladonna;;czesciowa;;;;Dz.U. 2014 poz. 1409;
2;237;NASIENNE (SPERMATOPHYTA);różowate (Rosaceae);parzydło leśne;Aruncus sylvestris;;czesciowa;;;;Dz.U. 2014 poz. 1409;
2;238;NASIENNE (SPERMATOPHYTA);różowate (Rosaceae);wiśnia karłowata;Cerasus fruticosa;;czesciowa;;;;Dz.U. 2014 poz. 1409;
2;239;NASIENNE (SPERMATOPHYTA);sitowate (Juncaceae);sit tępokwiatowy;Juncus subnodulosus;;czesciowa;;;;Dz.U. 2014 poz. 1409;
2;240;NASIENNE (SPERMATOPHYTA);skalnicowate (Saxifragaceae);skalnica gronkowa;Saxifraga paniculata;;czesciowa;;;;Dz.U. 2014 poz. 1409;
2;241;NASIENNE (SPERMATOPHYTA);sosnowate (Pinaceae);sosna kosa (kosodrzewina, kosodrzew);Pinus mugo;;czesciowa;;3;;Dz.U. 2014 poz. 1409;
2;242;NASIENNE (SPERMATOPHYTA);sosnowate (Pinaceae);sosna limba (limba);Pinus cembra;;czesciowa;;3;;Dz.U. 2014 poz. 1409;
2;243;NASIENNE (SPERMATOPHYTA);storczykowate (Orchidaceae);gnieźnik leśny;Neottia nidus-avis;;czesciowa;;;;Dz.U. 2014 poz. 1409;
2;244;NASIENNE (SPERMATOPHYTA);storczykowate (Orchidaceae);kruszczyk rdzawoczerwony;Epipactis atrorubens;;czesciowa;;;;Dz.U. 2014 poz. 1409;
2;245;NASIENNE (SPERMATOPHYTA);storczykowate (Orchidaceae);kruszczyk szerokolistny;Epipactis helleborine;;czesciowa;;;;Dz.U. 2014 poz. 1409;
2;246;NASIENNE (SPERMATOPHYTA);storczykowate (Orchidaceae);kukułka (storczyk) krwista;Dactylorhiza incarnata;;czesciowa;;;;Dz.U. 2014 poz. 1409;
2;247;NASIENNE (SPERMATOPHYTA);storczykowate (Orchidaceae);kukułka (storczyk) plamista;Dactylorhiza maculata;;czesciowa;;;;Dz.U. 2014 poz. 1409;
2;248;NASIENNE (SPERMATOPHYTA);storczykowate (Orchidaceae);kukułka (storczyk) szerokolistna;Dactylorhiza majalis;;czesciowa;;;;Dz.U. 2014 poz. 1409;
2;249;NASIENNE (SPERMATOPHYTA);storczykowate (Orchidaceae);listera jajowata;Listera ovata;;czesciowa;;;;Dz.U. 2014 poz. 1409;
2;250;NASIENNE (SPERMATOPHYTA);storczykowate (Orchidaceae);podkolan biały;Platanthera bifolia;;czesciowa;;;;Dz.U. 2014 poz. 1409;
2;251;NASIENNE (SPERMATOPHYTA);storczykowate (Orchidaceae);podkolan zielonawy;Platanthera chlorantha;;czesciowa;;;;Dz.U. 2014 poz. 1409;
2;252;NASIENNE (SPERMATOPHYTA);świbkowate (Juncaginaceae);świbka morska;Triglochin maritimum;;czesciowa;;;;Dz.U. 2014 poz. 1409;
2;253;NASIENNE (SPERMATOPHYTA);tamaryszkowate (Tamaricaceae);września pobrzeżna;Myricaria germanica;;czesciowa;;;;Dz.U. 2014 poz. 1409;
2;254;NASIENNE (SPERMATOPHYTA);trawy (Poaceae);sesleria błotna;Sesleria uliginosa;;czesciowa;;;;Dz.U. 2014 poz. 1409;
2;255;NASIENNE (SPERMATOPHYTA);trawy (Poaceae);turówka leśna;Hierochloë australis;;czesciowa;;;;Dz.U. 2014 poz. 1409;
2;256;NASIENNE (SPERMATOPHYTA);trawy (Poaceae);turówka wonna;Hierochloë odorata;;czesciowa;;;;Dz.U. 2014 poz. 1409;
2;257;NASIENNE (SPERMATOPHYTA);trędownikowate (Scrophulariaceae);dziewanna fioletowa;Verbascum phoeniceum;;czesciowa;;;;Dz.U. 2014 poz. 1409;
2;258;NASIENNE (SPERMATOPHYTA);trędownikowate (Scrophulariaceae);gnidosz błotny;Pedicularis palustris;;czesciowa;;;;Dz.U. 2014 poz. 1409;
2;259;NASIENNE (SPERMATOPHYTA);trędownikowate (Scrophulariaceae);gnidosz rozesłany;Pedicularis sylvatica;;czesciowa;;;;Dz.U. 2014 poz. 1409;
2;260;NASIENNE (SPERMATOPHYTA);trędownikowate (Scrophulariaceae);naparstnica zwyczajna;Digitalis grandiflora;;czesciowa;;;;Dz.U. 2014 poz. 1409;
2;261;NASIENNE (SPERMATOPHYTA);turzycowate (Cyperaceae);turzyca dwupienna;Carex dioica;;czesciowa;;;;Dz.U. 2014 poz. 1409;
2;262;NASIENNE (SPERMATOPHYTA);turzycowate (Cyperaceae);turzyca kulista;Carex globularis;;czesciowa;;;;Dz.U. 2014 poz. 1409;
2;263;NASIENNE (SPERMATOPHYTA);turzycowate (Cyperaceae);turzyca loarska;Carex ligerica;;czesciowa;;;;Dz.U. 2014 poz. 1409;
2;264;NASIENNE (SPERMATOPHYTA);turzycowate (Cyperaceae);turzyca;Michela Carex michelii;;czesciowa;;;;Dz.U. 2014 poz. 1409;
2;265;NASIENNE (SPERMATOPHYTA);turzycowate (Cyperaceae);turzyca piaskowa;Carex arenaria;;czesciowa;;;;Dz.U. 2014 poz. 1409;
2;266;NASIENNE (SPERMATOPHYTA);turzycowate (Cyperaceae);turzyca;Reichenbacha Carex pseudo-brizoides;;czesciowa;;;;Dz.U. 2014 poz. 1409;
2;267;NASIENNE (SPERMATOPHYTA);turzycowate (Cyperaceae);wełnianeczka alpejska;Baeothryon alpinum;;czesciowa;;;;Dz.U. 2014 poz. 1409;
2;268;NASIENNE (SPERMATOPHYTA);turzycowate (Cyperaceae);wełnianeczka darniowa;Baeothryon caespitosum;;czesciowa;;;;Dz.U. 2014 poz. 1409;
2;269;NASIENNE (SPERMATOPHYTA);wargowe (Lamiaceae);miodownik melisowaty (miodownik;Melittis melissophyllum;;czesciowa;;;wielkokwiatowy);Dz.U. 2014 poz. 1409;
2;270;NASIENNE (SPERMATOPHYTA);wawrzynkowate (Thymelaeaceae);wawrzynek wilczełyko;Daphne mezereum;;czesciowa;;;;Dz.U. 2014 poz. 1409;
2;271;NASIENNE (SPERMATOPHYTA);wrzosowate (Ericaceae);bagno zwyczajne;Ledum palustre;;czesciowa;;;;Dz.U. 2014 poz. 1409;
2;272;NASIENNE (SPERMATOPHYTA);wrzosowate (Ericaceae);bażyna czarna;Empetrum nigrum;;czesciowa;;;;Dz.U. 2014 poz. 1409;
2;273;NASIENNE (SPERMATOPHYTA);wrzosowate (Ericaceae);gruszyczka mniejsza;Pyrola minor;;czesciowa;;;;Dz.U. 2014 poz. 1409;
2;274;NASIENNE (SPERMATOPHYTA);wrzosowate (Ericaceae);gruszyczka okrągłolistna;Pyrola rotundifolia;;czesciowa;;;;Dz.U. 2014 poz. 1409;
2;275;NASIENNE (SPERMATOPHYTA);wrzosowate (Ericaceae);gruszyczka średnia;Pyrola media;;czesciowa;;;;Dz.U. 2014 poz. 1409;
2;276;NASIENNE (SPERMATOPHYTA);wrzosowate (Ericaceae);gruszyczka zielonawa;Pyrola chlorantha;;czesciowa;;;;Dz.U. 2014 poz. 1409;
2;277;NASIENNE (SPERMATOPHYTA);wrzosowate (Ericaceae);gruszycznik jednokwiatowy;Moneses uniflora;;czesciowa;;;;Dz.U. 2014 poz. 1409;
2;278;NASIENNE (SPERMATOPHYTA);wrzosowate (Ericaceae);modrzewnica zwyczajna;Andromeda polifolia;;czesciowa;;;;Dz.U. 2014 poz. 1409;
2;279;NASIENNE (SPERMATOPHYTA);zarazowate (Orobanchaceae);zaraza*;Orobanche bohemica;;czesciowa;;;;Dz.U. 2014 poz. 1409;
2;280;NASIENNE (SPERMATOPHYTA);zarazowate (Orobanchaceae);zaraza*;Orobanche kochi;;czesciowa;;;;Dz.U. 2014 poz. 1409;
2;281;NASIENNE (SPERMATOPHYTA);zarazowate (Orobanchaceae);zaraza*;Orobanche mayeri;;czesciowa;;;;Dz.U. 2014 poz. 1409;
2;282;NASIENNE (SPERMATOPHYTA);zarazowate (Orobanchaceae);zaraza alzacka;Orobanche alsatica;;czesciowa;;;;Dz.U. 2014 poz. 1409;
2;283;NASIENNE (SPERMATOPHYTA);zarazowate (Orobanchaceae);zaraza;Bartlinga Orobanche bartlingii;;czesciowa;;;;Dz.U. 2014 poz. 1409;
2;284;NASIENNE (SPERMATOPHYTA);zarazowate (Orobanchaceae);zaraza bladokwiatowa;Orobanche pallidiflora;;czesciowa;;;;Dz.U. 2014 poz. 1409;
2;285;NASIENNE (SPERMATOPHYTA);zarazowate (Orobanchaceae);zaraza bluszczowa;Orobanche hederae;;czesciowa;;;;Dz.U. 2014 poz. 1409;
2;286;NASIENNE (SPERMATOPHYTA);zarazowate (Orobanchaceae);zaraza błękitnawa;Orobanche coerulescens;;czesciowa;;;;Dz.U. 2014 poz. 1409;
2;287;NASIENNE (SPERMATOPHYTA);zarazowate (Orobanchaceae);zaraza czerwonawa;Orobanche lutea;;czesciowa;;;;Dz.U. 2014 poz. 1409;
2;288;NASIENNE (SPERMATOPHYTA);zarazowate (Orobanchaceae);zaraza gałęzista;Orobanche ramosa;;czesciowa;;;;Dz.U. 2014 poz. 1409;
2;289;NASIENNE (SPERMATOPHYTA);zarazowate (Orobanchaceae);zaraza goryczelowa;Orobanche picridis;;czesciowa;;;;Dz.U. 2014 poz. 1409;
2;290;NASIENNE (SPERMATOPHYTA);zarazowate (Orobanchaceae);zaraza macierzankowa;Orobanche alba;;czesciowa;;;;Dz.U. 2014 poz. 1409;
2;291;NASIENNE (SPERMATOPHYTA);zarazowate (Orobanchaceae);zaraza niebieska;Orobanche purpurea;;czesciowa;;;;Dz.U. 2014 poz. 1409;
2;292;NASIENNE (SPERMATOPHYTA);zarazowate (Orobanchaceae);zaraza piaskowa;Orobanche arenaria;;czesciowa;;;;Dz.U. 2014 poz. 1409;
2;293;NASIENNE (SPERMATOPHYTA);zarazowate (Orobanchaceae);zaraza przytuliowa (zaraza pospolita);Orobanche caryophyllacea;;czesciowa;;;;Dz.U. 2014 poz. 1409;
2;294;NASIENNE (SPERMATOPHYTA);zarazowate (Orobanchaceae);zaraza wielka;Orobanche elatior;;czesciowa;;;;Dz.U. 2014 poz. 1409;
2;295;NASIENNE (SPERMATOPHYTA);zarazowate (Orobanchaceae);zaraza żółta;Orobanche flava;;czesciowa;;;;Dz.U. 2014 poz. 1409;
2;296;NASIENNE (SPERMATOPHYTA);zimowitowate (Colchicaceae);zimowit jesienny;Colchicum autumnale;;czesciowa;;;;Dz.U. 2014 poz. 1409;
2;297;NASIENNE (SPERMATOPHYTA);złożone (Asteraceae);dziewięćsił bezłodygowy;Carlina acaulis;;czesciowa;;;;Dz.U. 2014 poz. 1409;
2;298;NASIENNE (SPERMATOPHYTA);złożone (Asteraceae);kocanki piaskowe;Helichrysum arenarium;;czesciowa;;;;Dz.U. 2014 poz. 1409;
2;299;NASIENNE (SPERMATOPHYTA);złożone (Asteraceae);ostrożeń pannoński;Cirsium pannonicum;;czesciowa;;;;Dz.U. 2014 poz. 1409;
2;300;NASIENNE (SPERMATOPHYTA);złożone (Asteraceae);ostrożeń siedmiogrodzki;Cirsium decussatum;;czesciowa;;;INNE GATUNKI;Dz.U. 2014 poz. 1409;
2;301;NASIENNE (SPERMATOPHYTA);złożone (Asteraceae);gatunki wymienione w załączniku;IV dyrektywy;;czesciowa;;;Rady 92/43/EWG z dnia 21 maja 1992 r. w sprawie ochrony siedlisk przyrodniczych oraz dzikiej fauny i flory (Dz. Urz. WE L 206 z 22.07.1992, str. 7, z późn. zm.) – inne niż gatunki objęte ochroną ścisłą na podstawie załącznika nr 1 do rozporządzenia Gatunki roślin zostały pogrupowane w wyższe jednostki systematyczne, w następujący sposób:;Dz.U. 2014 poz. 1409;
3;1;MCHY (BRYOPHYTA);gajnikowate (Hylocomiaceae);fałdownik nastroszony;Rhytidiadelphus squarrosus;;czesciowa_pozyskiwanie;;;Zbiór ręczny. Zostawić nie mniej niż 75% każdego płata i zbierać nie częściej niż raz na 5 lat w tym samym miejscu.;Dz.U. 2014 poz. 1409;
3;2;MCHY (BRYOPHYTA);gajnikowate (Hylocomiaceae);rokietnik pospolity;Pleurozium schreberi;;czesciowa_pozyskiwanie;;;Zbiór ręczny. Zostawić nie mniej niż 75% każdego płata i zbierać nie częściej niż raz na 5 lat w tym samym miejscu.;Dz.U. 2014 poz. 1409;
3;3;MCHY (BRYOPHYTA);krótkoszowate (Brachytheciaceae);brodawkowiec czysty;Pseudoscleropodium purum;;czesciowa_pozyskiwanie;;;każdego płata i zbierać nie częściej niż raz na 5 lat w tym samym miejscu.;Dz.U. 2014 poz. 1409;
3;4;MCHY (BRYOPHYTA);widłozębowate (Dicranaceae);widłoząb kędzierzawy;Dicranum polysetum;;czesciowa_pozyskiwanie;;;Zbiór ręczny. Zostawić nie mniej niż 75% każdego płata i zbierać nie częściej niż raz na 5 lat w tym samym miejscu.;Dz.U. 2014 poz. 1409;
3;5;MCHY (BRYOPHYTA);widłozębowate (Dicranaceae);widłoząb miotłowy;Dicranum scoparium;;czesciowa_pozyskiwanie;;;Zbiór ręczny. Zostawić nie mniej niż 75% każdego płata i zbierać nie częściej niż raz na 5 lat w tym samym miejscu.;Dz.U. 2014 poz. 1409;
3;6;MCHY (BRYOPHYTA);torfowcowate (Sphagnaceae);torfowiec kończysty;Sphagnum fallax;;czesciowa_pozyskiwanie;;;każdego płata i zbierać nie częściej niż raz na 5 lat w tym samym miejscu.;Dz.U. 2014 poz. 1409;
3;7;NASIENNE (SPERMATOPHYTA);bobrkowate (Menyanthaceae);bobrek trójlistkowy;Menyanthes trifoliata;;czesciowa_pozyskiwanie;;;Ścinanie ziela narzędziami ręcznymi bez uszkadzania części podwodnych lub podziemnych. Zostawić nie mniej niż 75% populacji i zbierać nie częściej niż raz na 5 lat w tym samym miejscu.;Dz.U. 2014 poz. 1409;
3;8;NASIENNE (SPERMATOPHYTA);liliowate (Liliaceae);czosnek niedźwiedzi;Allium ursinum;;czesciowa_pozyskiwanie;;;Zbiór ręczny z licznych populacji, wyłącznie na obszarze województw: ślaskiego, małopolskiego i podkarpackiego. Zostawić nie mniej niż 75% populacji. Nie należy uszkadzać części podziemnych.;Dz.U. 2014 poz. 1409;
3;9;NASIENNE (SPERMATOPHYTA);oliwnikowate (Elaeagnaceae);rokitnik zwyczajny;Hippophaë rhamnoides;;czesciowa_pozyskiwanie;;;poza siedliskami wydmowymi i klifowymi.;Dz.U. 2014 poz. 1409;
3;10;NASIENNE (SPERMATOPHYTA);trawy (Poaceae);turówka leśna;Hierochloë;;czesciowa_pozyskiwanie;;;Australis Ścinanie ziela narzędziami ręcznymi bez uszkadzania części podziemnych.;Dz.U. 2014 poz. 1409;
3;11;NASIENNE (SPERMATOPHYTA);trawy (Poaceae);turówka wonna;Hierochloë odorata;;czesciowa_pozyskiwanie;;;Ścinanie ziela narzędziami ręcznymi bez uszkadzania części podziemnych.;Dz.U. 2014 poz. 1409;
3;12;NASIENNE (SPERMATOPHYTA);złożone (Asteraceae);kocanki piaskowe Helichrysum arenarium Zbiór ręczny koszyczków.;Zostawić nie;;czesciowa_pozyskiwanie;;;mniej niż 75% populacji. Gatunki roślin zostały pogrupowane w wyższe jednostki systematyczne, w następujący sposób:;Dz.U. 2014 poz. 1409;
