ZALACZNIK;LP;GROMADA;RZAD;NAZWA_PL;NAZWA_LAT;SYNONIM;OCHRONA;OCHRONA_CZYNNA;ADNOTACJE;ZRODLO;WERYFIKACJA
1;1;SSAKI (MAMMALIA);PARZYSTOKOPYTNE (ARTIODACTYLA);kozica;Rupicapra rupicapra;;scisla;1;1;Dz.U. 2016 poz. 2183;
1;2;SSAKI (MAMMALIA);PARZYSTOKOPYTNE (ARTIODACTYLA);żubr;Bison bonasus;;scisla;1;1;Dz.U. 2016 poz. 2183;
1;3;SSAKI (MAMMALIA);DRAPIEŻNE (CARNIVORA);wilk;Canis lupus;;scisla;1;1;Dz.U. 2016 poz. 2183;
1;4;SSAKI (MAMMALIA);DRAPIEŻNE (CARNIVORA);żbik;Felis silvestris;;scisla;1;1;Dz.U. 2016 poz. 2183;
1;5;SSAKI (MAMMALIA);DRAPIEŻNE (CARNIVORA);ryś;Lynx lynx;;scisla;1;1;Dz.U. 2016 poz. 2183;
1;6;SSAKI (MAMMALIA);DRAPIEŻNE (CARNIVORA);tchórz stepowy;Mustela eversmanni;;scisla;;1;Dz.U. 2016 poz. 2183;
1;7;SSAKI (MAMMALIA);DRAPIEŻNE (CARNIVORA);norka europejska;Mustela lutreola;;scisla;;1;Dz.U. 2016 poz. 2183;
1;8;SSAKI (MAMMALIA);DRAPIEŻNE (CARNIVORA);niedźwiedź brunatny;Ursus arctos;;scisla;1;1;Dz.U. 2016 poz. 2183;
1;9;SSAKI (MAMMALIA);DRAPIEŻNE (CARNIVORA);foka szara;Halichoerus grypus;;scisla;;1;Dz.U. 2016 poz. 2183;
1;10;SSAKI (MAMMALIA);DRAPIEŻNE (CARNIVORA);foka obrączkowana;Phoca hispida;;scisla;;1;Dz.U. 2016 poz. 2183;
1;11;SSAKI (MAMMALIA);DRAPIEŻNE (CARNIVORA);foka pospolita;Phoca vitulina;;scisla;;1;Dz.U. 2016 poz. 2183;
1;12;SSAKI (MAMMALIA);WALENIE (CETACEA);morświn;Phocoena phocoena;;scisla;1;1;Dz.U. 2016 poz. 2183;
1;13;SSAKI (MAMMALIA);WALENIE (CETACEA);WALENIE - pozostałe gatunki;;;scisla;;1;Dz.U. 2016 poz. 2183;pozycja zbiorcza, brak nazwy naukowej w akcie
1;14;SSAKI (MAMMALIA);NIETOPERZE (CHIROPTERA);podkowiec duży;Rhinolophus ferrumequinum;;scisla;1;13;Dz.U. 2016 poz. 2183;
1;15;SSAKI (MAMMALIA);NIETOPERZE (CHIROPTERA);podkowiec mały;Rhinolophus hipposideros;;scisla;1;13;Dz.U. 2016 poz. 2183;
1;16;SSAKI (MAMMALIA);NIETOPERZE (CHIROPTERA);mopek zachodni;Barbastella barbastellus;;scisla;1;13;Dz.U. 2016 poz. 2183;
1;17;SSAKI (MAMMALIA);NIETOPERZE (CHIROPTERA);mroczek pozłocisty;Eptesicus nilssonii;;scisla;1;13;Dz.U. 2016 poz. 2183;
1;18;SSAKI (MAMMALIA);NIETOPERZE (CHIROPTERA);mroczek późny;Eptesicus serotinus;;scisla;1;13;Dz.U. 2016 poz. 2183;
1;19;SSAKI (MAMMALIA);NIETOPERZE (CHIROPTERA);przymroczek Saviego;Hypsugo savii;;scisla;1;13;Dz.U. 2016 poz. 2183;
1;20;SSAKI (MAMMALIA);NIETOPERZE (CHIROPTERA);nocek Alkatoe;Myotis alcathoe;;scisla;1;13;Dz.U. 2016 poz. 2183;
1;21;SSAKI (MAMMALIA);NIETOPERZE (CHIROPTERA);nocek Bechsteina;Myotis bechsteinii;;scisla;1;13;Dz.U. 2016 poz. 2183;
1;22;SSAKI (MAMMALIA);NIETOPERZE (CHIROPTERA);nocek Brandta;Myotis brandtii;;scisla;1;13;Dz.U. 2016 poz. 2183;
1;23;SSAKI (MAMMALIA);NIETOPERZE (CHIROPTERA);nocek łydkowłosy;Myotis dasycneme;;scisla;1;13;Dz.U. 2016 poz. 2183;
1;24;SSAKI (MAMMALIA);NIETOPERZE (CHIROPTERA);nocek rudy;Myotis daubentonii;;scisla;1;13;Dz.U. 2016 poz. 2183;
1;25;SSAKI (MAMMALIA);NIETOPERZE (CHIROPTERA);nocek orzęsiony;Myotis emarginatus;;scisla;1;13;Dz.U. 2016 poz. 2183;
1;26;SSAKI (MAMMALIA);NIETOPERZE (CHIROPTERA);nocek duży;Myotis myotis;;scisla;1;13;Dz.U. 2016 poz. 2183;
1;27;SSAKI (MAMMALIA);NIETOPERZE (CHIROPTERA);nocek wąsatek;Myotis mystacinus;;scisla;1;13;Dz.U. 2016 poz. 2183;
1;28;SSAKI (MAMMALIA);NIETOPERZE (CHIROPTERA);nocek Natterera;Myotis nattereri;;scisla;1;13;Dz.U. 2016 poz. 2183;
1;29;SSAKI (MAMMALIA);NIETOPERZE (CHIROPTERA);nocek ostrouszny;Myotis oxygnathus;;scisla;1;13;Dz.U. 2016 poz. 2183;
1;30;SSAKI (MAMMALIA);NIETOPERZE (CHIROPTERA);borowiec olbrzymi;Nyctalus lasiopterus;;scisla;;13;Dz.U. 2016 poz. 2183;
1;31;SSAKI (MAMMALIA);NIETOPERZE (CHIROPTERA);borowiaczek;Nyctalus leisleri;;scisla;1;13;Dz.U. 2016 poz. 2183;
1;32;SSAKI (MAMMALIA);NIETOPERZE (CHIROPTERA);borowiec wielki;Nyctalus noctula;;scisla;1;13;Dz.U. 2016 poz. 2183;
1;33;SSAKI (MAMMALIA);NIETOPERZE (CHIROPTERA);karlik średni;Pipistrellus kuhlii;;scisla;1;13;Dz.U. 2016 poz. 2183;
1;34;SSAKI (MAMMALIA);NIETOPERZE (CHIROPTERA);karlik większy;Pipistrellus nathusii;;scisla;1;13;Dz.U. 2016 poz. 2183;
1;35;SSAKI (MAMMALIA);NIETOPERZE (CHIROPTERA);karlik malutki;Pipistrellus pipistrellus;;scisla;1;13;Dz.U. 2016 poz. 2183;
1;36;SSAKI (MAMMALIA);NIETOPERZE (CHIROPTERA);karlik drobny;Pipistrellus pygmaeus;;scisla;1;13;Dz.U. 2016 poz. 2183;
1;37;SSAKI (MAMMALIA);NIETOPERZE (CHIROPTERA);gacek brunatny;Plecotus auritus;;scisla;1;13;Dz.U. 2016 poz. 2183;
1;38;SSAKI (MAMMALIA);NIETOPERZE (CHIROPTERA);gacek szary;Plecotus austriacus;;scisla;1;13;Dz.U. 2016 poz. 2183;
1;39;SSAKI (MAMMALIA);NIETOPERZE (CHIROPTERA);mroczek posrebrzany;Vespertilio murinus;;scisla;1;13;Dz.U. 2016 poz. 2183;
1;40;SSAKI (MAMMALIA);ZAJĄCOKSZTAŁTNE (LAGOMORPHA);bielak;Lepus timidus;;scisla;;1;Dz.U. 2016 poz. 2183;
1;41;SSAKI (MAMMALIA);GRYZONIE (RODENTIA);nornik śnieżny;Chionomys nivalis;;scisla;;1;Dz.U. 2016 poz. 2183;
1;42;SSAKI (MAMMALIA);GRYZONIE (RODENTIA);darniówka tatrzańska;Microtus tatricus;;scisla;;1;Dz.U. 2016 poz. 2183;
1;43;SSAKI (MAMMALIA);GRYZONIE (RODENTIA);chomik europejski;Cricetus cricetus;;scisla;1;1;Dz.U. 2016 poz. 2183;
1;44;SSAKI (MAMMALIA);GRYZONIE (RODENTIA);smużka leśna;Sicista betulina;;scisla;;1;Dz.U. 2016 poz. 2183;
1;45;SSAKI (MAMMALIA);GRYZONIE (RODENTIA);smużka stepowa;Sicista subtilis;;scisla;;1;Dz.U. 2016 poz. 2183;
1;46;SSAKI (MAMMALIA);GRYZONIE (RODENTIA);koszatka;Dryomys nitedula;;scisla;1;1;Dz.U. 2016 poz. 2183;
1;47;SSAKI (MAMMALIA);GRYZONIE (RODENTIA);żołędnica;Eliomys quercinus;;scisla;1;1;Dz.U. 2016 poz. 2183;
1;48;SSAKI (MAMMALIA);GRYZONIE (RODENTIA);orzesznica;Muscardinus avellanarius;;scisla;;1;Dz.U. 2016 poz. 2183;
1;49;SSAKI (MAMMALIA);GRYZONIE (RODENTIA);świstak tatrzański;Marmota marmota latirostris;;scisla;;1;Dz.U. 2016 poz. 2183;
1;50;SSAKI (MAMMALIA);GRYZONIE (RODENTIA);suseł moręgowany;Spermophilus citellus;;scisla;1;1;Dz.U. 2016 poz. 2183;
1;51;SSAKI (MAMMALIA);GRYZONIE (RODENTIA);suseł perełkowany;Spermophilus suslicus;;scisla;1;1;Dz.U. 2016 poz. 2183;
1;52;PTAKI (AVES);BLASZKODZIOBE (ANSERIFORMES);sterniczka;Oxyura leucocephala;;scisla;;2;Dz.U. 2016 poz. 2183;
1;53;PTAKI (AVES);BLASZKODZIOBE (ANSERIFORMES);łabędź niemy;Cygnus olor;;scisla;;2;Dz.U. 2016 poz. 2183;
1;54;PTAKI (AVES);BLASZKODZIOBE (ANSERIFORMES);łabędź czarnodzioby;Cygnus columbianus;;scisla;;2;Dz.U. 2016 poz. 2183;
1;55;PTAKI (AVES);BLASZKODZIOBE (ANSERIFORMES);łabędź krzykliwy;Cygnus cygnus;;scisla;;2;Dz.U. 2016 poz. 2183;
1;56;PTAKI (AVES);BLASZKODZIOBE (ANSERIFORMES);bernikla obrożna;Branta bernicla;;scisla;;2;Dz.U. 2016 poz. 2183;
1;57;PTAKI (AVES);BLASZKODZIOBE (ANSERIFORMES);bernikla białolica;Branta leucopsis;;scisla;;2;Dz.U. 2016 poz. 2183;
1;58;PTAKI (AVES);BLASZKODZIOBE (ANSERIFORMES);bernikla rdzawoszyja;Branta ruficollis;;scisla;;2;Dz.U. 2016 poz. 2183;
1;59;PTAKI (AVES);BLASZKODZIOBE (ANSERIFORMES);gęś krótkodzioba;Anser brachyrhynchus;;scisla;;2;Dz.U. 2016 poz. 2183;
1;60;PTAKI (AVES);BLASZKODZIOBE (ANSERIFORMES);gęś mała;Anser erythropus;;scisla;;2;Dz.U. 2016 poz. 2183;
1;61;PTAKI (AVES);BLASZKODZIOBE (ANSERIFORMES);lodówka;Clangula hyemalis;;scisla;;2;Dz.U. 2016 poz. 2183;
1;62;PTAKI (AVES);BLASZKODZIOBE (ANSERIFORMES);turkan;Somateria spectabilis;;scisla;;2;Dz.U. 2016 poz. 2183;
1;63;PTAKI (AVES);BLASZKODZIOBE (ANSERIFORMES);edredon;Somateria mollissima;;scisla;;23;Dz.U. 2016 poz. 2183;
1;64;PTAKI (AVES);BLASZKODZIOBE (ANSERIFORMES);birginiak;Polysticta stelleri;;scisla;;2;Dz.U. 2016 poz. 2183;
1;65;PTAKI (AVES);BLASZKODZIOBE (ANSERIFORMES);uhla;Melanitta fusca;;scisla;;2;Dz.U. 2016 poz. 2183;
1;66;PTAKI (AVES);BLASZKODZIOBE (ANSERIFORMES);uhla garbonosa;Melanitta deglandi;;scisla;;2;Dz.U. 2016 poz. 2183;
1;67;PTAKI (AVES);BLASZKODZIOBE (ANSERIFORMES);markaczka;Melanitta nigra;;scisla;;2;Dz.U. 2016 poz. 2183;
1;68;PTAKI (AVES);BLASZKODZIOBE (ANSERIFORMES);markaczka amerykańska;Melanitta americana;;scisla;;2;Dz.U. 2016 poz. 2183;
1;69;PTAKI (AVES);BLASZKODZIOBE (ANSERIFORMES);gągoł;Bucephala clangula;;scisla;1;2;Dz.U. 2016 poz. 2183;
1;70;PTAKI (AVES);BLASZKODZIOBE (ANSERIFORMES);bielaczek;Mergellus albellus;;scisla;;2;Dz.U. 2016 poz. 2183;
1;71;PTAKI (AVES);BLASZKODZIOBE (ANSERIFORMES);nurogęś;Mergus merganser;;scisla;1;2;Dz.U. 2016 poz. 2183;
1;72;PTAKI (AVES);BLASZKODZIOBE (ANSERIFORMES);szlachar;Mergus serrator;;scisla;1;2;Dz.U. 2016 poz. 2183;
1;73;PTAKI (AVES);BLASZKODZIOBE (ANSERIFORMES);kamieniuszka;Histrionicus histrionicus;;scisla;;2;Dz.U. 2016 poz. 2183;
1;74;PTAKI (AVES);BLASZKODZIOBE (ANSERIFORMES);ohar;Tadorna tadorna;;scisla;1;2;Dz.U. 2016 poz. 2183;
1;75;PTAKI (AVES);BLASZKODZIOBE (ANSERIFORMES);kazarka rdzawa;Tadorna ferruginea;;scisla;;2;Dz.U. 2016 poz. 2183;
1;76;PTAKI (AVES);BLASZKODZIOBE (ANSERIFORMES);hełmiatka;Netta rufina;;scisla;;2;Dz.U. 2016 poz. 2183;
1;77;PTAKI (AVES);BLASZKODZIOBE (ANSERIFORMES);podgorzałka;Aythya nyroca;;scisla;1;2;Dz.U. 2016 poz. 2183;
1;78;PTAKI (AVES);BLASZKODZIOBE (ANSERIFORMES);czerniczka;Aythya collaris;;scisla;;2;Dz.U. 2016 poz. 2183;
1;79;PTAKI (AVES);BLASZKODZIOBE (ANSERIFORMES);ogorzałka;Aythya marila;;scisla;;2;Dz.U. 2016 poz. 2183;
1;80;PTAKI (AVES);BLASZKODZIOBE (ANSERIFORMES);ogorzałka mała;Aythya affinis;;scisla;;2;Dz.U. 2016 poz. 2183;
1;81;PTAKI (AVES);BLASZKODZIOBE (ANSERIFORMES);cyranka;Anas querquedula;;scisla;1;2;Dz.U. 2016 poz. 2183;
1;82;PTAKI (AVES);BLASZKODZIOBE (ANSERIFORMES);płaskonos;Anas clypeata;;scisla;1;2;Dz.U. 2016 poz. 2183;
1;83;PTAKI (AVES);BLASZKODZIOBE (ANSERIFORMES);cyranka modroskrzydła;Anas discors;;scisla;;2;Dz.U. 2016 poz. 2183;
1;84;PTAKI (AVES);BLASZKODZIOBE (ANSERIFORMES);krakwa;Anas strepera;;scisla;1;2;Dz.U. 2016 poz. 2183;
1;85;PTAKI (AVES);BLASZKODZIOBE (ANSERIFORMES);świstun;Anas penelope;;scisla;;2;Dz.U. 2016 poz. 2183;
1;86;PTAKI (AVES);BLASZKODZIOBE (ANSERIFORMES);świstun amerykański;Anas americana;;scisla;;2;Dz.U. 2016 poz. 2183;
1;87;PTAKI (AVES);BLASZKODZIOBE (ANSERIFORMES);rożeniec;Anas acuta;;scisla;1;2;Dz.U. 2016 poz. 2183;
1;88;PTAKI (AVES);BLASZKODZIOBE (ANSERIFORMES);cyraneczka karolińska;Anas carolinensis;;scisla;;2;Dz.U. 2016 poz. 2183;
1;89;PTAKI (AVES);GRZEBIĄCE (GALLIFORMES);przepiórka;Coturnix coturnix;;scisla;;2;Dz.U. 2016 poz. 2183;
1;90;PTAKI (AVES);GRZEBIĄCE (GALLIFORMES);pardwa mszarna;Lagopus lagopus;;scisla;;2;Dz.U. 2016 poz. 2183;
1;91;PTAKI (AVES);GRZEBIĄCE (GALLIFORMES);głuszec;Tetrao urogallus;;scisla;1;13;Dz.U. 2016 poz. 2183;
1;92;PTAKI (AVES);GRZEBIĄCE (GALLIFORMES);cietrzew;Lyrurus tetrix;;scisla;1;13;Dz.U. 2016 poz. 2183;
1;93;PTAKI (AVES);FLAMINGOWE (PHOENICOPTERIFORMES);flaming różowy;Phoenicopterus roseus;;scisla;;2;Dz.U. 2016 poz. 2183;
1;94;PTAKI (AVES);PERKOZOWE (PODICIPEDIFORMES);perkoz grubodzioby;Podilymbus podiceps;;scisla;;2;Dz.U. 2016 poz. 2183;
1;95;PTAKI (AVES);PERKOZOWE (PODICIPEDIFORMES);perkozek;Tachybaptus ruficollis;;scisla;;2;Dz.U. 2016 poz. 2183;
1;96;PTAKI (AVES);PERKOZOWE (PODICIPEDIFORMES);perkoz rdzawoszyi;Podiceps grisegena;;scisla;;2;Dz.U. 2016 poz. 2183;
1;97;PTAKI (AVES);PERKOZOWE (PODICIPEDIFORMES);perkoz dwuczuby;Podiceps cristatus;;scisla;;2;Dz.U. 2016 poz. 2183;
1;98;PTAKI (AVES);PERKOZOWE (PODICIPEDIFORMES);perkoz rogaty;Podiceps auritus;;scisla;;2;Dz.U. 2016 poz. 2183;
1;99;PTAKI (AVES);PERKOZOWE (PODICIPEDIFORMES);zausznik;Podiceps nigricollis;;scisla;;2;Dz.U. 2016 poz. 2183;
1;100;PTAKI (AVES);GOŁĘBIOWE (COLUMBIFORMES);siniak;Columba oenas;;scisla;;2;Dz.U. 2016 poz. 2183;
1;101;PTAKI (AVES);GOŁĘBIOWE (COLUMBIFORMES);turkawka;Streptopelia turtur;;scisla;;2;Dz.U. 2016 poz. 2183;
1;102;PTAKI (AVES);GOŁĘBIOWE (COLUMBIFORMES);turkawka wschodnia;Streptopelia orientalis;;scisla;;2;Dz.U. 2016 poz. 2183;
1;103;PTAKI (AVES);GOŁĘBIOWE (COLUMBIFORMES);sierpówka;Streptopelia decaocto;;scisla;;2;Dz.U. 2016 poz. 2183;
1;104;PTAKI (AVES);STEPÓWKI (PTEROCLIFORMES);pustynnik;Syrrhaptes paradoxus;;scisla;;2;Dz.U. 2016 poz. 2183;
1;105;PTAKI (AVES);LELKOWE (CAPRIMULIGIFORMES);lelek;Caprimulgus europaeus;;scisla;;2;Dz.U. 2016 poz. 2183;
1;106;PTAKI (AVES);JERZYKOWE (APODIFORMES);jerzyk alpejski;Tachymarptis melba;;scisla;;2;Dz.U. 2016 poz. 2183;
1;107;PTAKI (AVES);JERZYKOWE (APODIFORMES);jerzyk blady;Apus pallidus;;scisla;;2;Dz.U. 2016 poz. 2183;
1;108;PTAKI (AVES);JERZYKOWE (APODIFORMES);jerzyk;Apus apus;;scisla;1;2;Dz.U. 2016 poz. 2183;
1;109;PTAKI (AVES);KUKUŁKOWE (CUCULIFORMES);kukułka;Cuculus canorus;;scisla;;2;Dz.U. 2016 poz. 2183;
1;110;PTAKI (AVES);ŻURAWIOWE (GRUIFORMES);wodnik;Rallus aquaticus;;scisla;;2;Dz.U. 2016 poz. 2183;
1;111;PTAKI (AVES);ŻURAWIOWE (GRUIFORMES);derkacz;Crex crex;;scisla;1;2;Dz.U. 2016 poz. 2183;
1;112;PTAKI (AVES);ŻURAWIOWE (GRUIFORMES);kropiatka;Porzana porzana;;scisla;1;2;Dz.U. 2016 poz. 2183;
1;113;PTAKI (AVES);ŻURAWIOWE (GRUIFORMES);zielonka;Porzana parva;;scisla;;2;Dz.U. 2016 poz. 2183;
1;114;PTAKI (AVES);ŻURAWIOWE (GRUIFORMES);karliczka;Porzana pusilla;;scisla;;2;Dz.U. 2016 poz. 2183;
1;115;PTAKI (AVES);ŻURAWIOWE (GRUIFORMES);kokoszka;Gallinula chloropus;;scisla;;2;Dz.U. 2016 poz. 2183;
1;116;PTAKI (AVES);ŻURAWIOWE (GRUIFORMES);żuraw stepowy;Grus virgo;;scisla;;2;Dz.U. 2016 poz. 2183;
1;117;PTAKI (AVES);ŻURAWIOWE (GRUIFORMES);żuraw;Grus grus;;scisla;;2;Dz.U. 2016 poz. 2183;
1;118;PTAKI (AVES);DROPIE (OTIDIFORMES);strepet;Tetrax tetrax;;scisla;;2;Dz.U. 2016 poz. 2183;
1;119;PTAKI (AVES);DROPIE (OTIDIFORMES);drop;Otis tarda;;scisla;1;23;Dz.U. 2016 poz. 2183;
1;120;PTAKI (AVES);DROPIE (OTIDIFORMES);hubara arabska;Chlamydotis macqueenii;;scisla;;2;Dz.U. 2016 poz. 2183;
1;121;PTAKI (AVES);SIEWKOWE (CHARADRIIFORMES);kulon;Burhinus oedicnemus;;scisla;1;13;Dz.U. 2016 poz. 2183;
1;122;PTAKI (AVES);SIEWKOWE (CHARADRIIFORMES);ostrygojad;Haematopus ostralegus;;scisla;;23;Dz.U. 2016 poz. 2183;
1;123;PTAKI (AVES);SIEWKOWE (CHARADRIIFORMES);szczudłak;Himantopus himantopus;;scisla;;23;Dz.U. 2016 poz. 2183;
1;124;PTAKI (AVES);SIEWKOWE (CHARADRIIFORMES);szablodziób;Recurvirostra avosetta;;scisla;;23;Dz.U. 2016 poz. 2183;
1;125;PTAKI (AVES);SIEWKOWE (CHARADRIIFORMES);siewnica;Pluvialis squatarola;;scisla;;2;Dz.U. 2016 poz. 2183;
1;126;PTAKI (AVES);SIEWKOWE (CHARADRIIFORMES);siewka złota;Pluvialis apricaria;;scisla;;2;Dz.U. 2016 poz. 2183;
1;127;PTAKI (AVES);SIEWKOWE (CHARADRIIFORMES);siewka złotawa;Pluvialis fulva;;scisla;;2;Dz.U. 2016 poz. 2183;
1;128;PTAKI (AVES);SIEWKOWE (CHARADRIIFORMES);siewka szara;Pluvialis dominica;;scisla;;2;Dz.U. 2016 poz. 2183;
1;129;PTAKI (AVES);SIEWKOWE (CHARADRIIFORMES);mornel;Charadrius morinellus;;scisla;;23;Dz.U. 2016 poz. 2183;
1;130;PTAKI (AVES);SIEWKOWE (CHARADRIIFORMES);sieweczka obrożna;Charadrius hiaticula;;scisla;1;23;Dz.U. 2016 poz. 2183;
1;131;PTAKI (AVES);SIEWKOWE (CHARADRIIFORMES);sieweczka rzeczna;Charadrius dubius;;scisla;;2;Dz.U. 2016 poz. 2183;
1;132;PTAKI (AVES);SIEWKOWE (CHARADRIIFORMES);sieweczka morska;Charadrius alexandrinus;;scisla;;23;Dz.U. 2016 poz. 2183;
1;133;PTAKI (AVES);SIEWKOWE (CHARADRIIFORMES);sieweczka mongolska;Charadrius mongolus;;scisla;;2;Dz.U. 2016 poz. 2183;
1;134;PTAKI (AVES);SIEWKOWE (CHARADRIIFORMES);sieweczka pustynna;Charadrius leschenaultii;;scisla;;2;Dz.U. 2016 poz. 2183;
1;135;PTAKI (AVES);SIEWKOWE (CHARADRIIFORMES);czajka;Vanellus yanellus;;scisla;1;2;Dz.U. 2016 poz. 2183;
1;136;PTAKI (AVES);SIEWKOWE (CHARADRIIFORMES);czajka towarzyska;Vanellus gregarius;;scisla;;2;Dz.U. 2016 poz. 2183;
1;137;PTAKI (AVES);SIEWKOWE (CHARADRIIFORMES);czajka stepowa;Vanellus leucurus;;scisla;;2;Dz.U. 2016 poz. 2183;
1;138;PTAKI (AVES);SIEWKOWE (CHARADRIIFORMES);kulik mniejszy;Numenius phaeopus;;scisla;;2;Dz.U. 2016 poz. 2183;
1;139;PTAKI (AVES);SIEWKOWE (CHARADRIIFORMES);kulik cienkodzioby;Numenius tenuirostris;;scisla;;2;Dz.U. 2016 poz. 2183;
1;140;PTAKI (AVES);SIEWKOWE (CHARADRIIFORMES);kulik wielki;Numenius arquata;;scisla;1;23;Dz.U. 2016 poz. 2183;
1;141;PTAKI (AVES);SIEWKOWE (CHARADRIIFORMES);szlamnik;Limosa lapponica;;scisla;;2;Dz.U. 2016 poz. 2183;
1;142;PTAKI (AVES);SIEWKOWE (CHARADRIIFORMES);rycyk;Limosa limosa;;scisla;1;23;Dz.U. 2016 poz. 2183;
1;143;PTAKI (AVES);SIEWKOWE (CHARADRIIFORMES);kamusznik;Arenaria interpres;;scisla;;2;Dz.U. 2016 poz. 2183;
1;144;PTAKI (AVES);SIEWKOWE (CHARADRIIFORMES);biegus wielki;Calidris tenuirostris;;scisla;;2;Dz.U. 2016 poz. 2183;
1;145;PTAKI (AVES);SIEWKOWE (CHARADRIIFORMES);biegus rdzawy;Calidris canutus;;scisla;;2;Dz.U. 2016 poz. 2183;
1;146;PTAKI (AVES);SIEWKOWE (CHARADRIIFORMES);batalion;Calidris pugnax;;scisla;1;23;Dz.U. 2016 poz. 2183;
1;147;PTAKI (AVES);SIEWKOWE (CHARADRIIFORMES);biegus płaskodzioby;Calidris falcinellus;;scisla;;2;Dz.U. 2016 poz. 2183;
1;148;PTAKI (AVES);SIEWKOWE (CHARADRIIFORMES);biegus krzywodzioby;Calidris ferruginea;;scisla;;2;Dz.U. 2016 poz. 2183;
1;149;PTAKI (AVES);SIEWKOWE (CHARADRIIFORMES);biegus mały;Calidris temminckii;;scisla;;2;Dz.U. 2016 poz. 2183;
1;150;PTAKI (AVES);SIEWKOWE (CHARADRIIFORMES);piaskowiec;Calidris alba;;scisla;;2;Dz.U. 2016 poz. 2183;
1;151;PTAKI (AVES);SIEWKOWE (CHARADRIIFORMES);biegus zmienny;Calidris alpina;;scisla;1;2;Dz.U. 2016 poz. 2183;
1;152;PTAKI (AVES);SIEWKOWE (CHARADRIIFORMES);biegus morski;Calidris maritima;;scisla;;2;Dz.U. 2016 poz. 2183;
1;153;PTAKI (AVES);SIEWKOWE (CHARADRIIFORMES);biegus długoskrzydły;Calidris bairdii;;scisla;;2;Dz.U. 2016 poz. 2183;
1;154;PTAKI (AVES);SIEWKOWE (CHARADRIIFORMES);biegus malutki;Calidris minuta;;scisla;;2;Dz.U. 2016 poz. 2183;
1;155;PTAKI (AVES);SIEWKOWE (CHARADRIIFORMES);biegus karłowaty;Calidris minutilla;;scisla;;2;Dz.U. 2016 poz. 2183;
1;156;PTAKI (AVES);SIEWKOWE (CHARADRIIFORMES);biegus białorzytny;Calidris fuscicollis;;scisla;;2;Dz.U. 2016 poz. 2183;
1;157;PTAKI (AVES);SIEWKOWE (CHARADRIIFORMES);biegus płowy;Calidris subruficollis;;scisla;;2;Dz.U. 2016 poz. 2183;
1;158;PTAKI (AVES);SIEWKOWE (CHARADRIIFORMES);biegus arktyczny;Calidris melanotos;;scisla;;2;Dz.U. 2016 poz. 2183;
1;159;PTAKI (AVES);SIEWKOWE (CHARADRIIFORMES);biegus tundrowy;Calidris pusilla;;scisla;;2;Dz.U. 2016 poz. 2183;
1;160;PTAKI (AVES);SIEWKOWE (CHARADRIIFORMES);szlamiec długodzioby;Limnodromus scolopaceus;;scisla;;2;Dz.U. 2016 poz. 2183;
1;161;PTAKI (AVES);SIEWKOWE (CHARADRIIFORMES);dubelt;Gallinago media;;scisla;;23;Dz.U. 2016 poz. 2183;
1;162;PTAKI (AVES);SIEWKOWE (CHARADRIIFORMES);kszyk;Gallinago gallinago;;scisla;;23;Dz.U. 2016 poz. 2183;
1;163;PTAKI (AVES);SIEWKOWE (CHARADRIIFORMES);bekasik;Lymnocryptes minimus;;scisla;;23;Dz.U. 2016 poz. 2183;
1;164;PTAKI (AVES);SIEWKOWE (CHARADRIIFORMES);terekia;Xenus cinereus;;scisla;;2;Dz.U. 2016 poz. 2183;
1;165;PTAKI (AVES);SIEWKOWE (CHARADRIIFORMES);brodziec piskliwy;Actitis hypoleucos;;scisla;;23;Dz.U. 2016 poz. 2183;
1;166;PTAKI (AVES);SIEWKOWE (CHARADRIIFORMES);brodziec plamisty;Actitis macularius;;scisla;;2;Dz.U. 2016 poz. 2183;
1;167;PTAKI (AVES);SIEWKOWE (CHARADRIIFORMES);samotnik;Tringa ochropus;;scisla;1;23;Dz.U. 2016 poz. 2183;
1;168;PTAKI (AVES);SIEWKOWE (CHARADRIIFORMES);brodziec żółtonogi;Tringa flavipes;;scisla;;2;Dz.U. 2016 poz. 2183;
1;169;PTAKI (AVES);SIEWKOWE (CHARADRIIFORMES);brodziec śniady;Tringa erythropus;;scisla;;2;Dz.U. 2016 poz. 2183;
1;170;PTAKI (AVES);SIEWKOWE (CHARADRIIFORMES);kwokacz;Tringa nebularia;;scisla;;2;Dz.U. 2016 poz. 2183;
1;171;PTAKI (AVES);SIEWKOWE (CHARADRIIFORMES);brodziec piegowaty;Tringa melanoleuca;;scisla;;2;Dz.U. 2016 poz. 2183;
1;172;PTAKI (AVES);SIEWKOWE (CHARADRIIFORMES);krwawodziób;Tringa totanus;;scisla;1;23;Dz.U. 2016 poz. 2183;
1;173;PTAKI (AVES);SIEWKOWE (CHARADRIIFORMES);łęczak;Tringa glareola;;scisla;1;23;Dz.U. 2016 poz. 2183;
1;174;PTAKI (AVES);SIEWKOWE (CHARADRIIFORMES);brodziec pławny;Tringa stagnatilis;;scisla;;23;Dz.U. 2016 poz. 2183;
1;175;PTAKI (AVES);SIEWKOWE (CHARADRIIFORMES);płatkonóg szydłodzioby;Phalaropus lobatus;;scisla;;2;Dz.U. 2016 poz. 2183;
1;176;PTAKI (AVES);SIEWKOWE (CHARADRIIFORMES);płatkonóg płaskodzioby;Phalaropus fulicarius;;scisla;;2;Dz.U. 2016 poz. 2183;
1;177;PTAKI (AVES);SIEWKOWE (CHARADRIIFORMES);żwirowiec łąkowy;Glareola pratincola;;scisla;;2;Dz.U. 2016 poz. 2183;
1;178;PTAKI (AVES);SIEWKOWE (CHARADRIIFORMES);żwirowiec stepowy;Glareola nordmanni;;scisla;;2;Dz.U. 2016 poz. 2183;
1;179;PTAKI (AVES);SIEWKOWE (CHARADRIIFORMES);maskonur;Fratercula arctica;;scisla;;2;Dz.U. 2016 poz. 2183;
1;180;PTAKI (AVES);SIEWKOWE (CHARADRIIFORMES);nurnik;Cepphus grylle;;scisla;;2;Dz.U. 2016 poz. 2183;
1;181;PTAKI (AVES);SIEWKOWE (CHARADRIIFORMES);alka;Alca torda;;scisla;;2;Dz.U. 2016 poz. 2183;
1;182;PTAKI (AVES);SIEWKOWE (CHARADRIIFORMES);alczyk;Alle alle;;scisla;;2;Dz.U. 2016 poz. 2183;
1;183;PTAKI (AVES);SIEWKOWE (CHARADRIIFORMES);nurzyk polarny;Uria lomvia;;scisla;;2;Dz.U. 2016 poz. 2183;
1;184;PTAKI (AVES);SIEWKOWE (CHARADRIIFORMES);nurzyk;Uria aalge;;scisla;;2;Dz.U. 2016 poz. 2183;
1;185;PTAKI (AVES);SIEWKOWE (CHARADRIIFORMES);wydrzyk długosterny;Stercorarius longicaudus;;scisla;;2;Dz.U. 2016 poz. 2183;
1;186;PTAKI (AVES);SIEWKOWE (CHARADRIIFORMES);wydrzyk ostrosterny;Stercorarius parasiticus;;scisla;;2;Dz.U. 2016 poz. 2183;
1;187;PTAKI (AVES);SIEWKOWE (CHARADRIIFORMES);wydrzyk tęposterny;Stercorarius pomarinus;;scisla;;2;Dz.U. 2016 poz. 2183;
1;188;PTAKI (AVES);SIEWKOWE (CHARADRIIFORMES);wydrzyk wielki;Stercorarius skua;;scisla;;2;Dz.U. 2016 poz. 2183;
1;189;PTAKI (AVES);SIEWKOWE (CHARADRIIFORMES);mewa modrodzioba;Pagophila eburnea;;scisla;;2;Dz.U. 2016 poz. 2183;
1;190;PTAKI (AVES);SIEWKOWE (CHARADRIIFORMES);mewa obrożna;Xema sabini;;scisla;;2;Dz.U. 2016 poz. 2183;
1;191;PTAKI (AVES);SIEWKOWE (CHARADRIIFORMES);mewa trójpalczasta;Rissa tridactyla;;scisla;;2;Dz.U. 2016 poz. 2183;
1;192;PTAKI (AVES);SIEWKOWE (CHARADRIIFORMES);mewa cienkodzioba;Chroicocephalus genei;;scisla;;2;Dz.U. 2016 poz. 2183;
1;193;PTAKI (AVES);SIEWKOWE (CHARADRIIFORMES);śmieszka;Chroicocephalus ridibundus;;scisla;;2;Dz.U. 2016 poz. 2183;
1;194;PTAKI (AVES);SIEWKOWE (CHARADRIIFORMES);mewa mała;Hydrocoloeus minutus;;scisla;1;23;Dz.U. 2016 poz. 2183;
1;195;PTAKI (AVES);SIEWKOWE (CHARADRIIFORMES);mewa różowa;Rhodostethia rosea;;scisla;;2;Dz.U. 2016 poz. 2183;
1;196;PTAKI (AVES);SIEWKOWE (CHARADRIIFORMES);mewa karaibska;Larus atricilla;;scisla;;2;Dz.U. 2016 poz. 2183;
1;197;PTAKI (AVES);SIEWKOWE (CHARADRIIFORMES);mewa czarnogłowa;Larus melanocephalus;;scisla;1;23;Dz.U. 2016 poz. 2183;
1;198;PTAKI (AVES);SIEWKOWE (CHARADRIIFORMES);orlica;Larus ichthyaetus;;scisla;;2;Dz.U. 2016 poz. 2183;
1;199;PTAKI (AVES);SIEWKOWE (CHARADRIIFORMES);mewa siwa;Larus canus;;scisla;1;2;Dz.U. 2016 poz. 2183;
1;200;PTAKI (AVES);SIEWKOWE (CHARADRIIFORMES);mewa delawarska;Larus delawarensis;;scisla;;2;Dz.U. 2016 poz. 2183;
1;201;PTAKI (AVES);SIEWKOWE (CHARADRIIFORMES);mewa żółtonoga;Larus fuscus;;scisla;;2;Dz.U. 2016 poz. 2183;
1;202;PTAKI (AVES);SIEWKOWE (CHARADRIIFORMES);mewa romańska;Larus michahellis;;scisla;;2;Dz.U. 2016 poz. 2183;
1;203;PTAKI (AVES);SIEWKOWE (CHARADRIIFORMES);mewa blada;Larus hyperboreus;;scisla;;2;Dz.U. 2016 poz. 2183;
1;204;PTAKI (AVES);SIEWKOWE (CHARADRIIFORMES);mewa polarna;Larus glaucoides;;scisla;;2;Dz.U. 2016 poz. 2183;
1;205;PTAKI (AVES);SIEWKOWE (CHARADRIIFORMES);mewa siodłata;Larus marinus;;scisla;;2;Dz.U. 2016 poz. 2183;
1;206;PTAKI (AVES);SIEWKOWE (CHARADRIIFORMES);rybitwa krótkodzioba;Gelochelidon nilotica;;scisla;;2;Dz.U. 2016 poz. 2183;
1;207;PTAKI (AVES);SIEWKOWE (CHARADRIIFORMES);rybitwa wielkodzioba;Hydroprogne caspia;;scisla;;2;Dz.U. 2016 poz. 2183;
1;208;PTAKI (AVES);SIEWKOWE (CHARADRIIFORMES);rybitwa czubata;Sterna sandvicensis;;scisla;1;23;Dz.U. 2016 poz. 2183;
1;209;PTAKI (AVES);SIEWKOWE (CHARADRIIFORMES);rybitwa różowa;Sterna dougallii;;scisla;;2;Dz.U. 2016 poz. 2183;
1;210;PTAKI (AVES);SIEWKOWE (CHARADRIIFORMES);rybitwa rzeczna;Sterna hirundo;;scisla;1;23;Dz.U. 2016 poz. 2183;
1;211;PTAKI (AVES);SIEWKOWE (CHARADRIIFORMES);rybitwa popielata;Sterna paradisaea;;scisla;1;23;Dz.U. 2016 poz. 2183;
1;212;PTAKI (AVES);SIEWKOWE (CHARADRIIFORMES);rybitwa białoczelna;Sternula albifrons;;scisla;1;23;Dz.U. 2016 poz. 2183;
1;213;PTAKI (AVES);SIEWKOWE (CHARADRIIFORMES);rybitwa białowąsa;Chlidonias hybrida;;scisla;1;23;Dz.U. 2016 poz. 2183;
1;214;PTAKI (AVES);SIEWKOWE (CHARADRIIFORMES);rybitwa czarna;Chlidonias niger;;scisla;1;23;Dz.U. 2016 poz. 2183;
1;215;PTAKI (AVES);SIEWKOWE (CHARADRIIFORMES);rybitwa białoskrzydła;Chlidonias leucopterus;;scisla;1;23;Dz.U. 2016 poz. 2183;
1;216;PTAKI (AVES);NURY (GAVIIFORMES);nur rdzawoszyi;Gavia stellata;;scisla;;2;Dz.U. 2016 poz. 2183;
1;217;PTAKI (AVES);NURY (GAVIIFORMES);nur czarnoszyi;Gavia arctica;;scisla;;2;Dz.U. 2016 poz. 2183;
1;218;PTAKI (AVES);NURY (GAVIIFORMES);lodowiec;Gavia immer;;scisla;;2;Dz.U. 2016 poz. 2183;
1;219;PTAKI (AVES);NURY (GAVIIFORMES);nur białodzioby;Gavia adamsii;;scisla;;2;Dz.U. 2016 poz. 2183;
1;220;PTAKI (AVES);RURKONOSE (PROCELLARIIFORMES);oceannik żółtopłetwy;Oceanites oceanicus;;scisla;;2;Dz.U. 2016 poz. 2183;
1;221;PTAKI (AVES);RURKONOSE (PROCELLARIIFORMES);nawałnik burzowy;Hydrobates pelagicus;;scisla;;2;Dz.U. 2016 poz. 2183;
1;222;PTAKI (AVES);RURKONOSE (PROCELLARIIFORMES);nawałnik duży;Oceanodroma leucorhoa;;scisla;;2;Dz.U. 2016 poz. 2183;
1;223;PTAKI (AVES);RURKONOSE (PROCELLARIIFORMES);fulmar;Fulmarus glacialis;;scisla;;2;Dz.U. 2016 poz. 2183;
1;224;PTAKI (AVES);RURKONOSE (PROCELLARIIFORMES);burzyk żółtodzioby;Calonectris diomedea;;scisla;;2;Dz.U. 2016 poz. 2183;
1;225;PTAKI (AVES);RURKONOSE (PROCELLARIIFORMES);burzyk szary;Puffinus griseus;;scisla;;2;Dz.U. 2016 poz. 2183;
1;226;PTAKI (AVES);RURKONOSE (PROCELLARIIFORMES);burzyk północny;Puffinus puffinus;;scisla;;2;Dz.U. 2016 poz. 2183;
1;227;PTAKI (AVES);RURKONOSE (PROCELLARIIFORMES);burzyk balearski;Puffinus mauretanicus;;scisla;;2;Dz.U. 2016 poz. 2183;
1;228;PTAKI (AVES);PELIKANOWE (PELECANIFORMES);bocian czarny;Ciconia nigra;;scisla;1;23;Dz.U. 2016 poz. 2183;
1;229;PTAKI (AVES);PELIKANOWE (PELECANIFORMES);bocian biały;Ciconia ciconia;;scisla;1;2;Dz.U. 2016 poz. 2183;
1;230;PTAKI (AVES);PELIKANOWE (PELECANIFORMES);pelikan różowy;Pelecanus onocrotalus;;scisla;;2;Dz.U. 2016 poz. 2183;
1;231;PTAKI (AVES);PELIKANOWE (PELECANIFORMES);pelikan kędzierzawy;Pelecanus crispus;;scisla;;2;Dz.U. 2016 poz. 2183;
1;232;PTAKI (AVES);PELIKANOWE (PELECANIFORMES);bąk;Botaurus stellaris;;scisla;;2;Dz.U. 2016 poz. 2183;
1;233;PTAKI (AVES);PELIKANOWE (PELECANIFORMES);bączek;Ixobrychus minutus;;scisla;1;2;Dz.U. 2016 poz. 2183;
1;234;PTAKI (AVES);PELIKANOWE (PELECANIFORMES);ślepowron;Nycticorax nycticorax;;scisla;1;23;Dz.U. 2016 poz. 2183;
1;235;PTAKI (AVES);PELIKANOWE (PELECANIFORMES);czapla modronosa;Ardeola ralloides;;scisla;;2;Dz.U. 2016 poz. 2183;
1;236;PTAKI (AVES);PELIKANOWE (PELECANIFORMES);czapla złotawa;Bubulcus ibis;;scisla;;2;Dz.U. 2016 poz. 2183;
1;237;PTAKI (AVES);PELIKANOWE (PELECANIFORMES);czapla purpurowa;Ardea purpurea;;scisla;;23;Dz.U. 2016 poz. 2183;
1;238;PTAKI (AVES);PELIKANOWE (PELECANIFORMES);czapla biała;Ardea alba;;scisla;;2;Dz.U. 2016 poz. 2183;
1;239;PTAKI (AVES);PELIKANOWE (PELECANIFORMES);czapla nadobna;Egretta garzetta;;scisla;;23;Dz.U. 2016 poz. 2183;
1;240;PTAKI (AVES);PELIKANOWE (PELECANIFORMES);warzęcha;Platalea leucorodia;;scisla;;2;Dz.U. 2016 poz. 2183;
1;241;PTAKI (AVES);PELIKANOWE (PELECANIFORMES);ibis kasztanowaty;Plegadis falcinellus;;scisla;;2;Dz.U. 2016 poz. 2183;
1;242;PTAKI (AVES);PELIKANOWE (PELECANIFORMES);głuptak;Morus bassanus;;scisla;;2;Dz.U. 2016 poz. 2183;
1;243;PTAKI (AVES);PELIKANOWE (PELECANIFORMES);kormoran mały;Phalacrocorax pygmeus;;scisla;;2;Dz.U. 2016 poz. 2183;
1;244;PTAKI (AVES);PELIKANOWE (PELECANIFORMES);kormoran czubaty;Phalacrocorax aristotelis;;scisla;;2;Dz.U. 2016 poz. 2183;
1;245;PTAKI (AVES);SZPONIASTE (ACCIPITRIFORMES);rybołów;Pandion haliaetus;;scisla;1;13;Dz.U. 2016 poz. 2183;
1;246;PTAKI (AVES);SZPONIASTE (ACCIPITRIFORMES);kaniuk;Elanus caeruleus;;scisla;;2;Dz.U. 2016 poz. 2183;
1;247;PTAKI (AVES);SZPONIASTE (ACCIPITRIFORMES);trzmielojad;Pernis apivorus;;scisla;;23;Dz.U. 2016 poz. 2183;
1;248;PTAKI (AVES);SZPONIASTE (ACCIPITRIFORMES);orłosęp;Gypaetus barbatus;;scisla;;2;Dz.U. 2016 poz. 2183;
1;249;PTAKI (AVES);SZPONIASTE (ACCIPITRIFORMES);ścierwnik;Neophron percnopterus;;scisla;;2;Dz.U. 2016 poz. 2183;
1;250;PTAKI (AVES);SZPONIASTE (ACCIPITRIFORMES);gadożer;Circaetus gallicus;;scisla;1;13;Dz.U. 2016 poz. 2183;
1;251;PTAKI (AVES);SZPONIASTE (ACCIPITRIFORMES);sęp płowy;Gyps fulvus;;scisla;;2;Dz.U. 2016 poz. 2183;
1;252;PTAKI (AVES);SZPONIASTE (ACCIPITRIFORMES);sęp kasztanowaty;Aegypius monachus;;scisla;;2;Dz.U. 2016 poz. 2183;
1;253;PTAKI (AVES);SZPONIASTE (ACCIPITRIFORMES);orlik krzykliwy;Clanga pomarina;;scisla;1;23;Dz.U. 2016 poz. 2183;
1;254;PTAKI (AVES);SZPONIASTE (ACCIPITRIFORMES);orlik grubodzioby;Clanga clanga;;scisla;1;13;Dz.U. 2016 poz. 2183;
1;255;PTAKI (AVES);SZPONIASTE (ACCIPITRIFORMES);orzeł stepowy;Aquila nipalensis;;scisla;;2;Dz.U. 2016 poz. 2183;
1;256;PTAKI (AVES);SZPONIASTE (ACCIPITRIFORMES);orzeł cesarski;Aquila heliaca;;scisla;;2;Dz.U. 2016 poz. 2183;
1;257;PTAKI (AVES);SZPONIASTE (ACCIPITRIFORMES);orzeł przedni;Aquila chrysaetos;;scisla;1;13;Dz.U. 2016 poz. 2183;
1;258;PTAKI (AVES);SZPONIASTE (ACCIPITRIFORMES);orzełek;Hieraaetus pennatus;;scisla;1;23;Dz.U. 2016 poz. 2183;
1;259;PTAKI (AVES);SZPONIASTE (ACCIPITRIFORMES);błotniak stawowy;Circus aeruginosus;;scisla;1;23;Dz.U. 2016 poz. 2183;
1;260;PTAKI (AVES);SZPONIASTE (ACCIPITRIFORMES);błotniak zbożowy;Circus cyaneus;;scisla;1;23;Dz.U. 2016 poz. 2183;
1;261;PTAKI (AVES);SZPONIASTE (ACCIPITRIFORMES);błotniak stepowy;Circus macrourus;;scisla;;2;Dz.U. 2016 poz. 2183;
1;262;PTAKI (AVES);SZPONIASTE (ACCIPITRIFORMES);błotniak łąkowy;Circus pygargus;;scisla;1;23;Dz.U. 2016 poz. 2183;
1;263;PTAKI (AVES);SZPONIASTE (ACCIPITRIFORMES);krogulec krótkonogi;Accipiter brevipes;;scisla;;2;Dz.U. 2016 poz. 2183;
1;264;PTAKI (AVES);SZPONIASTE (ACCIPITRIFORMES);krogulec;Accipiter nisus;;scisla;;23;Dz.U. 2016 poz. 2183;
1;265;PTAKI (AVES);SZPONIASTE (ACCIPITRIFORMES);jastrząb;Accipiter gentilis;;scisla;;23;Dz.U. 2016 poz. 2183;
1;266;PTAKI (AVES);SZPONIASTE (ACCIPITRIFORMES);bielik wschodni;Haliaeetus leucoryphus;;scisla;;2;Dz.U. 2016 poz. 2183;
1;267;PTAKI (AVES);SZPONIASTE (ACCIPITRIFORMES);bielik;Haliaeetus albicilla;;scisla;;23;Dz.U. 2016 poz. 2183;
1;268;PTAKI (AVES);SZPONIASTE (ACCIPITRIFORMES);kania ruda;Milvus milvus;;scisla;1;23;Dz.U. 2016 poz. 2183;
1;269;PTAKI (AVES);SZPONIASTE (ACCIPITRIFORMES);kania czarna;Milvus migrans;;scisla;1;23;Dz.U. 2016 poz. 2183;
1;270;PTAKI (AVES);SZPONIASTE (ACCIPITRIFORMES);myszołów włochaty;Buteo lagopus;;scisla;;2;Dz.U. 2016 poz. 2183;
1;271;PTAKI (AVES);SZPONIASTE (ACCIPITRIFORMES);myszołów;Buteo buteo;;scisla;;23;Dz.U. 2016 poz. 2183;
1;272;PTAKI (AVES);SZPONIASTE (ACCIPITRIFORMES);kurhannik;Buteo rufinus;;scisla;;2;Dz.U. 2016 poz. 2183;
1;273;PTAKI (AVES);SOWY (STRIGIFORMES);płomykówka;Tyto alba;;scisla;1;23;Dz.U. 2016 poz. 2183;
1;274;PTAKI (AVES);SOWY (STRIGIFORMES);sowa jarzębata;Surnia ulula;;scisla;;2;Dz.U. 2016 poz. 2183;
1;275;PTAKI (AVES);SOWY (STRIGIFORMES);sóweczka;Glaucidium passerinum;;scisla;1;23;Dz.U. 2016 poz. 2183;
1;276;PTAKI (AVES);SOWY (STRIGIFORMES);pójdźka;Athene noctua;;scisla;1;23;Dz.U. 2016 poz. 2183;
1;277;PTAKI (AVES);SOWY (STRIGIFORMES);włochatka;Aegolius funereus;;scisla;1;23;Dz.U. 2016 poz. 2183;
1;278;PTAKI (AVES);SOWY (STRIGIFORMES);syczek;Otus scops;;scisla;;13;Dz.U. 2016 poz. 2183;
1;279;PTAKI (AVES);SOWY (STRIGIFORMES);uszatka;Asio otus;;scisla;;2;Dz.U. 2016 poz. 2183;
1;280;PTAKI (AVES);SOWY (STRIGIFORMES);uszatka błotna;Asio flammeus;;scisla;1;23;Dz.U. 2016 poz. 2183;
1;281;PTAKI (AVES);SOWY (STRIGIFORMES);puszczyk;Strix aluco;;scisla;;2;Dz.U. 2016 poz. 2183;
1;282;PTAKI (AVES);SOWY (STRIGIFORMES);puszczyk uralski;Strix uralensis;;scisla;;23;Dz.U. 2016 poz. 2183;
1;283;PTAKI (AVES);SOWY (STRIGIFORMES);puszczyk mszarny;Strix nebulosa;;scisla;1;13;Dz.U. 2016 poz. 2183;
1;284;PTAKI (AVES);SOWY (STRIGIFORMES);sowa śnieżna;Bubo scandiacus;;scisla;;2;Dz.U. 2016 poz. 2183;
1;285;PTAKI (AVES);SOWY (STRIGIFORMES);puchacz;Bubo bubo;;scisla;1;23;Dz.U. 2016 poz. 2183;
1;286;PTAKI (AVES);DZIOBOROŻCOWE (BUCEROTIFORMES);dudek;Upupa epops;;scisla;1;2;Dz.U. 2016 poz. 2183;
1;287;PTAKI (AVES);DZIĘCIOŁOWE (PICIFORMES);krętogłów;Jynx torquilla;;scisla;;2;Dz.U. 2016 poz. 2183;
1;288;PTAKI (AVES);DZIĘCIOŁOWE (PICIFORMES);dzięcioł zielonosiwy;Picus canus;;scisla;1;2;Dz.U. 2016 poz. 2183;
1;289;PTAKI (AVES);DZIĘCIOŁOWE (PICIFORMES);dzięcioł zielony;Picus viridis;;scisla;1;2;Dz.U. 2016 poz. 2183;
1;290;PTAKI (AVES);DZIĘCIOŁOWE (PICIFORMES);dzięcioł czarny;Dryocopus martius;;scisla;1;2;Dz.U. 2016 poz. 2183;
1;291;PTAKI (AVES);DZIĘCIOŁOWE (PICIFORMES);dzięcioł duży;Dendrocopos major;;scisla;;2;Dz.U. 2016 poz. 2183;
1;292;PTAKI (AVES);DZIĘCIOŁOWE (PICIFORMES);dzięcioł białoszyi;Dendrocopos syriacus;;scisla;;2;Dz.U. 2016 poz. 2183;
1;293;PTAKI (AVES);DZIĘCIOŁOWE (PICIFORMES);dzięcioł średni;Dendrocopos medius;;scisla;1;2;Dz.U. 2016 poz. 2183;
1;294;PTAKI (AVES);DZIĘCIOŁOWE (PICIFORMES);dzięcioł białogrzbiety;Dendrocopos leucotos;;scisla;1;23;Dz.U. 2016 poz. 2183;
1;295;PTAKI (AVES);DZIĘCIOŁOWE (PICIFORMES);dzięciołek;Dendrocopos minor;;scisla;;2;Dz.U. 2016 poz. 2183;
1;296;PTAKI (AVES);DZIĘCIOŁOWE (PICIFORMES);dzięcioł trójpalczasty;Picoides tridactylus;;scisla;1;23;Dz.U. 2016 poz. 2183;
1;297;PTAKI (AVES);KRASKOWE (CORACIIFORMES);żołna;Merops apiaster;;scisla;1;23;Dz.U. 2016 poz. 2183;
1;298;PTAKI (AVES);KRASKOWE (CORACIIFORMES);kraska;Coracias garrulus;;scisla;1;23;Dz.U. 2016 poz. 2183;
1;299;PTAKI (AVES);KRASKOWE (CORACIIFORMES);zimorodek;Alcedo atthis;;scisla;;2;Dz.U. 2016 poz. 2183;
1;300;PTAKI (AVES);KRASKOWE (CORACIIFORMES);rybaczek srokaty;Ceryle rudis;;scisla;;2;Dz.U. 2016 poz. 2183;
1;301;PTAKI (AVES);SOKOŁOWE (FALCONIFORMES);pustułeczka;Falco naumanni;;scisla;;2;Dz.U. 2016 poz. 2183;
1;302;PTAKI (AVES);SOKOŁOWE (FALCONIFORMES);pustułka;Falco tinnunculus;;scisla;1;2;Dz.U. 2016 poz. 2183;
1;303;PTAKI (AVES);SOKOŁOWE (FALCONIFORMES);kobczyk;Falco vespertinus;;scisla;;2;Dz.U. 2016 poz. 2183;
1;304;PTAKI (AVES);SOKOŁOWE (FALCONIFORMES);drzemlik;Falco columbarius;;scisla;;2;Dz.U. 2016 poz. 2183;
1;305;PTAKI (AVES);SOKOŁOWE (FALCONIFORMES);kobuz;Falco subbuteo;;scisla;1;23;Dz.U. 2016 poz. 2183;
1;306;PTAKI (AVES);SOKOŁOWE (FALCONIFORMES);sokół skalny;Falco eleonorae;;scisla;;2;Dz.U. 2016 poz. 2183;
1;307;PTAKI (AVES);SOKOŁOWE (FALCONIFORMES);raróg;Falco cherrug;;scisla;;23;Dz.U. 2016 poz. 2183;
1;308;PTAKI (AVES);SOKOŁOWE (FALCONIFORMES);białozór;Falco rusticolus;;scisla;;2;Dz.U. 2016 poz. 2183;
1;309;PTAKI (AVES);SOKOŁOWE (FALCONIFORMES);sokół wędrowny;Falco peregrinus;;scisla;1;23;Dz.U. 2016 poz. 2183;
1;310;PTAKI (AVES);WRÓBLOWE (PASSERIFORMES);wireonek czerwonooki;Vireo olivaceus;;scisla;;2;Dz.U. 2016 poz. 2183;
1;311;PTAKI (AVES);WRÓBLOWE (PASSERIFORMES);wilga;Oriolus oriolus;;scisla;;2;Dz.U. 2016 poz. 2183;
1;312;PTAKI (AVES);WRÓBLOWE (PASSERIFORMES);gąsiorek;Lanius collurio;;scisla;;2;Dz.U. 2016 poz. 2183;
1;313;PTAKI (AVES);WRÓBLOWE (PASSERIFORMES);dzierzba rdzawosterna;Lanius phoenicuroides;;scisla;;2;Dz.U. 2016 poz. 2183;
1;314;PTAKI (AVES);WRÓBLOWE (PASSERIFORMES);dzierzba pustynna;Lanius isabellinus;;scisla;;2;Dz.U. 2016 poz. 2183;
1;315;PTAKI (AVES);WRÓBLOWE (PASSERIFORMES);dzierzba czarnoczelna;Lanius minor;;scisla;1;23;Dz.U. 2016 poz. 2183;
1;316;PTAKI (AVES);WRÓBLOWE (PASSERIFORMES);srokosz;Lanius excubitor;;scisla;;2;Dz.U. 2016 poz. 2183;
1;317;PTAKI (AVES);WRÓBLOWE (PASSERIFORMES);dzierzba rudogłowa;Lanius senator;;scisla;1;23;Dz.U. 2016 poz. 2183;
1;318;PTAKI (AVES);WRÓBLOWE (PASSERIFORMES);wieszczek;Pyrrhocorax graculus;;scisla;;2;Dz.U. 2016 poz. 2183;
1;319;PTAKI (AVES);WRÓBLOWE (PASSERIFORMES);sójka syberyjska;Perisoreus infaustus;;scisla;;2;Dz.U. 2016 poz. 2183;
1;320;PTAKI (AVES);WRÓBLOWE (PASSERIFORMES);sójka;Garrulus glandarius;;scisla;;2;Dz.U. 2016 poz. 2183;
1;321;PTAKI (AVES);WRÓBLOWE (PASSERIFORMES);orzechówka;Nucifraga caryocatactes;;scisla;;2;Dz.U. 2016 poz. 2183;
1;322;PTAKI (AVES);WRÓBLOWE (PASSERIFORMES);kawka;Corvus monedula;;scisla;;2;Dz.U. 2016 poz. 2183;
1;323;PTAKI (AVES);WRÓBLOWE (PASSERIFORMES);gawron - osobniki poza obszarem;Corvus frugilegus;;scisla;;2;Dz.U. 2016 poz. 2183;
1;324;PTAKI (AVES);WRÓBLOWE (PASSERIFORMES);czarnowron;Corvus corone;;scisla;;2;Dz.U. 2016 poz. 2183;
1;325;PTAKI (AVES);WRÓBLOWE (PASSERIFORMES);płochacz halny;Prunella collaris;;scisla;;2;Dz.U. 2016 poz. 2183;
1;326;PTAKI (AVES);WRÓBLOWE (PASSERIFORMES);płochacz syberyjski;Prunella montanella;;scisla;;2;Dz.U. 2016 poz. 2183;
1;327;PTAKI (AVES);WRÓBLOWE (PASSERIFORMES);pokrzywnica;Prunella modularis;;scisla;;2;Dz.U. 2016 poz. 2183;
1;328;PTAKI (AVES);WRÓBLOWE (PASSERIFORMES);wróbel;Passer domesticus;;scisla;1;2;Dz.U. 2016 poz. 2183;
1;329;PTAKI (AVES);WRÓBLOWE (PASSERIFORMES);mazurek;Passer montanus;;scisla;;2;Dz.U. 2016 poz. 2183;
1;330;PTAKI (AVES);WRÓBLOWE (PASSERIFORMES);wróbel skalny;Petronia petronia;;scisla;;2;Dz.U. 2016 poz. 2183;
1;331;PTAKI (AVES);WRÓBLOWE (PASSERIFORMES);śnieżka;Montifringilla nivalis;;scisla;;2;Dz.U. 2016 poz. 2183;
1;332;PTAKI (AVES);WRÓBLOWE (PASSERIFORMES);świergotek drzewny;Anthus trivialis;;scisla;;2;Dz.U. 2016 poz. 2183;
1;333;PTAKI (AVES);WRÓBLOWE (PASSERIFORMES);świergotek tajgowy;Anthus hodgsoni;;scisla;;2;Dz.U. 2016 poz. 2183;
1;334;PTAKI (AVES);WRÓBLOWE (PASSERIFORMES);świergotek rdzawogardły;Anthus cervinus;;scisla;;2;Dz.U. 2016 poz. 2183;
1;335;PTAKI (AVES);WRÓBLOWE (PASSERIFORMES);świergotek łąkowy;Anthus pratensis;;scisla;;2;Dz.U. 2016 poz. 2183;
1;336;PTAKI (AVES);WRÓBLOWE (PASSERIFORMES);siwerniak;Anthus spinoletta;;scisla;;2;Dz.U. 2016 poz. 2183;
1;337;PTAKI (AVES);WRÓBLOWE (PASSERIFORMES);świergotek nadmorski;Anthus petrosus;;scisla;;2;Dz.U. 2016 poz. 2183;
1;338;PTAKI (AVES);WRÓBLOWE (PASSERIFORMES);świergotek szponiasty;Anthus richardi;;scisla;;2;Dz.U. 2016 poz. 2183;
1;339;PTAKI (AVES);WRÓBLOWE (PASSERIFORMES);świergotek polny;Anthus campestris;;scisla;;2;Dz.U. 2016 poz. 2183;
1;340;PTAKI (AVES);WRÓBLOWE (PASSERIFORMES);pliszka żółta;Motacilla flava;;scisla;;2;Dz.U. 2016 poz. 2183;
1;341;PTAKI (AVES);WRÓBLOWE (PASSERIFORMES);pliszka górska;Motacilla cinerea;;scisla;;2;Dz.U. 2016 poz. 2183;
1;342;PTAKI (AVES);WRÓBLOWE (PASSERIFORMES);pliszka cytrynowa;Motacilla citreola;;scisla;;23;Dz.U. 2016 poz. 2183;
1;343;PTAKI (AVES);WRÓBLOWE (PASSERIFORMES);pliszka siwa;Motacilla alba;;scisla;;2;Dz.U. 2016 poz. 2183;
1;344;PTAKI (AVES);WRÓBLOWE (PASSERIFORMES);zięba;Fringilla coelebs;;scisla;;2;Dz.U. 2016 poz. 2183;
1;345;PTAKI (AVES);WRÓBLOWE (PASSERIFORMES);jer;Fringilla montifringilla;;scisla;;2;Dz.U. 2016 poz. 2183;
1;346;PTAKI (AVES);WRÓBLOWE (PASSERIFORMES);grubodziób;Coccothraustes coccothraustes;;scisla;;2;Dz.U. 2016 poz. 2183;
1;347;PTAKI (AVES);WRÓBLOWE (PASSERIFORMES);dziwonia;Erythrina erythrina;;scisla;;2;Dz.U. 2016 poz. 2183;
1;348;PTAKI (AVES);WRÓBLOWE (PASSERIFORMES);łuskowiec;Pinicola enucleator;;scisla;;2;Dz.U. 2016 poz. 2183;
1;349;PTAKI (AVES);WRÓBLOWE (PASSERIFORMES);gil;Pyrrhula pyrrhula;;scisla;;2;Dz.U. 2016 poz. 2183;
1;350;PTAKI (AVES);WRÓBLOWE (PASSERIFORMES);dzwoniec;Chloris chloris;;scisla;;2;Dz.U. 2016 poz. 2183;
1;351;PTAKI (AVES);WRÓBLOWE (PASSERIFORMES);makolągwa;Linaria cannabina;;scisla;;2;Dz.U. 2016 poz. 2183;
1;352;PTAKI (AVES);WRÓBLOWE (PASSERIFORMES);rzepołuch;Linaria flavirostris;;scisla;;2;Dz.U. 2016 poz. 2183;
1;353;PTAKI (AVES);WRÓBLOWE (PASSERIFORMES);czeczotka;Acanthis flammea;;scisla;;2;Dz.U. 2016 poz. 2183;
1;354;PTAKI (AVES);WRÓBLOWE (PASSERIFORMES);czeczotka tundrowa;Acanthis hornemanni;;scisla;;2;Dz.U. 2016 poz. 2183;
1;355;PTAKI (AVES);WRÓBLOWE (PASSERIFORMES);krzyżodziób sosnowy;Loxia pytyopsittacus;;scisla;;2;Dz.U. 2016 poz. 2183;
1;356;PTAKI (AVES);WRÓBLOWE (PASSERIFORMES);krzyżodziób świerkowy;Loxia curvirostra;;scisla;;2;Dz.U. 2016 poz. 2183;
1;357;PTAKI (AVES);WRÓBLOWE (PASSERIFORMES);krzyżodziób modrzewiowy;Loxia leucoptera;;scisla;;2;Dz.U. 2016 poz. 2183;
1;358;PTAKI (AVES);WRÓBLOWE (PASSERIFORMES);szczygieł;Carduelis carduelis;;scisla;;2;Dz.U. 2016 poz. 2183;
1;359;PTAKI (AVES);WRÓBLOWE (PASSERIFORMES);osetnik;Carduelis citrinella;;scisla;;2;Dz.U. 2016 poz. 2183;
1;360;PTAKI (AVES);WRÓBLOWE (PASSERIFORMES);kulczyk;Serinus serinus;;scisla;;2;Dz.U. 2016 poz. 2183;
1;361;PTAKI (AVES);WRÓBLOWE (PASSERIFORMES);czyż;Spinus spinus;;scisla;;2;Dz.U. 2016 poz. 2183;
1;362;PTAKI (AVES);WRÓBLOWE (PASSERIFORMES);poświerka;Calcarius lapponicus;;scisla;;2;Dz.U. 2016 poz. 2183;
1;363;PTAKI (AVES);WRÓBLOWE (PASSERIFORMES);śnieguła;Plectrophenax nivalis;;scisla;;2;Dz.U. 2016 poz. 2183;
1;364;PTAKI (AVES);WRÓBLOWE (PASSERIFORMES);junko;Junco hyemalis;;scisla;;2;Dz.U. 2016 poz. 2183;
1;365;PTAKI (AVES);WRÓBLOWE (PASSERIFORMES);trznadel czarnogłowy;Emberiza melanocephala;;scisla;;2;Dz.U. 2016 poz. 2183;
1;366;PTAKI (AVES);WRÓBLOWE (PASSERIFORMES);potrzeszcz;Emberiza calandra;;scisla;;2;Dz.U. 2016 poz. 2183;
1;367;PTAKI (AVES);WRÓBLOWE (PASSERIFORMES);głuszek;Emberiza cia;;scisla;;2;Dz.U. 2016 poz. 2183;
1;368;PTAKI (AVES);WRÓBLOWE (PASSERIFORMES);ortolan;Emberiza hortulana;;scisla;;2;Dz.U. 2016 poz. 2183;
1;369;PTAKI (AVES);WRÓBLOWE (PASSERIFORMES);cierlik;Emberiza cirlus;;scisla;;2;Dz.U. 2016 poz. 2183;
1;370;PTAKI (AVES);WRÓBLOWE (PASSERIFORMES);trznadel;Emberiza citrinella;;scisla;;2;Dz.U. 2016 poz. 2183;
1;371;PTAKI (AVES);WRÓBLOWE (PASSERIFORMES);trznadel białogłowy;Emberiza leucocephalos;;scisla;;2;Dz.U. 2016 poz. 2183;
1;372;PTAKI (AVES);WRÓBLOWE (PASSERIFORMES);potrzos;Emberiza schoeniclus;;scisla;;2;Dz.U. 2016 poz. 2183;
1;373;PTAKI (AVES);WRÓBLOWE (PASSERIFORMES);trznadel czubaty;Emberiza rustica;;scisla;;2;Dz.U. 2016 poz. 2183;
1;374;PTAKI (AVES);WRÓBLOWE (PASSERIFORMES);trznadelek;Emberiza pusilla;;scisla;;2;Dz.U. 2016 poz. 2183;
1;375;PTAKI (AVES);WRÓBLOWE (PASSERIFORMES);trznadel złotawy;Emberiza aureola;;scisla;;2;Dz.U. 2016 poz. 2183;
1;376;PTAKI (AVES);WRÓBLOWE (PASSERIFORMES);trznadel złotobrewy;Emberiza chrysophrys;;scisla;;2;Dz.U. 2016 poz. 2183;
1;377;PTAKI (AVES);WRÓBLOWE (PASSERIFORMES);sosnówka;Periparus ater;;scisla;;2;Dz.U. 2016 poz. 2183;
1;378;PTAKI (AVES);WRÓBLOWE (PASSERIFORMES);czubatka;Lophophanes cristatus;;scisla;;2;Dz.U. 2016 poz. 2183;
1;379;PTAKI (AVES);WRÓBLOWE (PASSERIFORMES);sikora uboga;Poecile palustris;;scisla;;2;Dz.U. 2016 poz. 2183;
1;380;PTAKI (AVES);WRÓBLOWE (PASSERIFORMES);czarnogłówka;Poecile montanus;;scisla;;2;Dz.U. 2016 poz. 2183;
1;381;PTAKI (AVES);WRÓBLOWE (PASSERIFORMES);modraszka;Cyanistes caeruleus;;scisla;;2;Dz.U. 2016 poz. 2183;
1;382;PTAKI (AVES);WRÓBLOWE (PASSERIFORMES);sikora lazurowa;Cyanistes cyanus;;scisla;;2;Dz.U. 2016 poz. 2183;
1;383;PTAKI (AVES);WRÓBLOWE (PASSERIFORMES);bogatka;Parus major;;scisla;;2;Dz.U. 2016 poz. 2183;
1;384;PTAKI (AVES);WRÓBLOWE (PASSERIFORMES);remiz;Remiz pendulinus;;scisla;;2;Dz.U. 2016 poz. 2183;
1;385;PTAKI (AVES);WRÓBLOWE (PASSERIFORMES);kalandra szara;Melanocorypha calandra;;scisla;;2;Dz.U. 2016 poz. 2183;
1;386;PTAKI (AVES);WRÓBLOWE (PASSERIFORMES);kalandra czarna;Melanocorypha yeltoniensis;;scisla;;2;Dz.U. 2016 poz. 2183;
1;387;PTAKI (AVES);WRÓBLOWE (PASSERIFORMES);skowrończyk krótkopalcowy;Calandrella brachydactyla;;scisla;;2;Dz.U. 2016 poz. 2183;
1;388;PTAKI (AVES);WRÓBLOWE (PASSERIFORMES);górniczek;Eremophila alpestris;;scisla;;2;Dz.U. 2016 poz. 2183;
1;389;PTAKI (AVES);WRÓBLOWE (PASSERIFORMES);lerka;Lullula arborea;;scisla;;2;Dz.U. 2016 poz. 2183;
1;390;PTAKI (AVES);WRÓBLOWE (PASSERIFORMES);skowronek białoskrzydły;Alauda leucoptera;;scisla;;2;Dz.U. 2016 poz. 2183;
1;391;PTAKI (AVES);WRÓBLOWE (PASSERIFORMES);skowronek;Alauda arvensis;;scisla;;2;Dz.U. 2016 poz. 2183;
1;392;PTAKI (AVES);WRÓBLOWE (PASSERIFORMES);dzierlatka;Galerida cristata;;scisla;;2;Dz.U. 2016 poz. 2183;
1;393;PTAKI (AVES);WRÓBLOWE (PASSERIFORMES);wąsatka;Panurus biarmicus;;scisla;;2;Dz.U. 2016 poz. 2183;
1;394;PTAKI (AVES);WRÓBLOWE (PASSERIFORMES);świerszczak melodyjny;Locustella certhiola;;scisla;;2;Dz.U. 2016 poz. 2183;
1;395;PTAKI (AVES);WRÓBLOWE (PASSERIFORMES);brzęczka;Locustella luscinioides;;scisla;;2;Dz.U. 2016 poz. 2183;
1;396;PTAKI (AVES);WRÓBLOWE (PASSERIFORMES);strumieniówka;Locustella fluviatilis;;scisla;;2;Dz.U. 2016 poz. 2183;
1;397;PTAKI (AVES);WRÓBLOWE (PASSERIFORMES);świerszczak;Locustella naevia;;scisla;;2;Dz.U. 2016 poz. 2183;
1;398;PTAKI (AVES);WRÓBLOWE (PASSERIFORMES);zaganiacz mały;Iduna caligata;;scisla;;2;Dz.U. 2016 poz. 2183;
1;399;PTAKI (AVES);WRÓBLOWE (PASSERIFORMES);zaganiacz szczebiotliwy;Hippolais polyglotta;;scisla;;2;Dz.U. 2016 poz. 2183;
1;400;PTAKI (AVES);WRÓBLOWE (PASSERIFORMES);zaganiacz;Hippolais icterina;;scisla;;2;Dz.U. 2016 poz. 2183;
1;401;PTAKI (AVES);WRÓBLOWE (PASSERIFORMES);wodniczka;Acrocephalus paludicola;;scisla;1;23;Dz.U. 2016 poz. 2183;
1;402;PTAKI (AVES);WRÓBLOWE (PASSERIFORMES);tamaryszka;Acrocephalus melanopogon;;scisla;;2;Dz.U. 2016 poz. 2183;
1;403;PTAKI (AVES);WRÓBLOWE (PASSERIFORMES);rokitniczka;Acrocephalus schoenobaenus;;scisla;;2;Dz.U. 2016 poz. 2183;
1;404;PTAKI (AVES);WRÓBLOWE (PASSERIFORMES);zaroślówka;Acrocephalus dumetorum;;scisla;;23;Dz.U. 2016 poz. 2183;
1;405;PTAKI (AVES);WRÓBLOWE (PASSERIFORMES);łozówka;Acrocephalus palustris;;scisla;;2;Dz.U. 2016 poz. 2183;
1;406;PTAKI (AVES);WRÓBLOWE (PASSERIFORMES);trzcinniczek;Acrocephalus scirpaceus;;scisla;;2;Dz.U. 2016 poz. 2183;
1;407;PTAKI (AVES);WRÓBLOWE (PASSERIFORMES);trzcinniczek kaspijski;Acrocephalus agricola;;scisla;;2;Dz.U. 2016 poz. 2183;
1;408;PTAKI (AVES);WRÓBLOWE (PASSERIFORMES);trzciniak;Acrocephalus arundinaceus;;scisla;;2;Dz.U. 2016 poz. 2183;
1;409;PTAKI (AVES);WRÓBLOWE (PASSERIFORMES);oknówka;Delichon urbicum;;scisla;;2;Dz.U. 2016 poz. 2183;
1;410;PTAKI (AVES);WRÓBLOWE (PASSERIFORMES);jaskółka rudawa;Cecropis daurica;;scisla;;2;Dz.U. 2016 poz. 2183;
1;411;PTAKI (AVES);WRÓBLOWE (PASSERIFORMES);dymówka;Hirundo rustica;;scisla;;2;Dz.U. 2016 poz. 2183;
1;412;PTAKI (AVES);WRÓBLOWE (PASSERIFORMES);brzegówka;Riparia riparia;;scisla;;2;Dz.U. 2016 poz. 2183;
1;413;PTAKI (AVES);WRÓBLOWE (PASSERIFORMES);świstunka górska;Phylloscopus bonelli;;scisla;;2;Dz.U. 2016 poz. 2183;
1;414;PTAKI (AVES);WRÓBLOWE (PASSERIFORMES);świstunka leśna;Phylloscopus sibilatrix;;scisla;;2;Dz.U. 2016 poz. 2183;
1;415;PTAKI (AVES);WRÓBLOWE (PASSERIFORMES);świstunka żółtawa;Phylloscopus inornatus;;scisla;;2;Dz.U. 2016 poz. 2183;
1;416;PTAKI (AVES);WRÓBLOWE (PASSERIFORMES);świstunka ałtajska;Phylloscopus humei;;scisla;;2;Dz.U. 2016 poz. 2183;
1;417;PTAKI (AVES);WRÓBLOWE (PASSERIFORMES);świstunka złotawa;Phylloscopus proregulus;;scisla;;2;Dz.U. 2016 poz. 2183;
1;418;PTAKI (AVES);WRÓBLOWE (PASSERIFORMES);świstunka brunatna;Phylloscopus fuscatus;;scisla;;2;Dz.U. 2016 poz. 2183;
1;419;PTAKI (AVES);WRÓBLOWE (PASSERIFORMES);piecuszek;Phylloscopus trochilus;;scisla;;2;Dz.U. 2016 poz. 2183;
1;420;PTAKI (AVES);WRÓBLOWE (PASSERIFORMES);świstunka iberyjska;Phylloscopus ibericus;;scisla;;2;Dz.U. 2016 poz. 2183;
1;421;PTAKI (AVES);WRÓBLOWE (PASSERIFORMES);pierwiosnek;Phylloscopus collybita;;scisla;;2;Dz.U. 2016 poz. 2183;
1;422;PTAKI (AVES);WRÓBLOWE (PASSERIFORMES);świstunka grubodzioba;Phylloscopus schwarzi;;scisla;;2;Dz.U. 2016 poz. 2183;
1;423;PTAKI (AVES);WRÓBLOWE (PASSERIFORMES);wójcik;Phylloscopus trochiloides;;scisla;;23;Dz.U. 2016 poz. 2183;
1;424;PTAKI (AVES);WRÓBLOWE (PASSERIFORMES);świstunka północna;Phylloscopus borealis;;scisla;;2;Dz.U. 2016 poz. 2183;
1;425;PTAKI (AVES);WRÓBLOWE (PASSERIFORMES);raniuszek;Aegithalos caudatus;;scisla;;2;Dz.U. 2016 poz. 2183;
1;426;PTAKI (AVES);WRÓBLOWE (PASSERIFORMES);kapturka;Sylvia atricapilla;;scisla;;2;Dz.U. 2016 poz. 2183;
1;427;PTAKI (AVES);WRÓBLOWE (PASSERIFORMES);gajówka;Sylvia borin;;scisla;;2;Dz.U. 2016 poz. 2183;
1;428;PTAKI (AVES);WRÓBLOWE (PASSERIFORMES);jarzębatka;Sylvia nisoria;;scisla;;2;Dz.U. 2016 poz. 2183;
1;429;PTAKI (AVES);WRÓBLOWE (PASSERIFORMES);piegża;Sylvia curruca;;scisla;;2;Dz.U. 2016 poz. 2183;
1;430;PTAKI (AVES);WRÓBLOWE (PASSERIFORMES);pokrzewka wąsata;Sylvia cantillans;;scisla;;2;Dz.U. 2016 poz. 2183;
1;431;PTAKI (AVES);WRÓBLOWE (PASSERIFORMES);pokrzewka aksamitna;Sylvia melanocephala;;scisla;;2;Dz.U. 2016 poz. 2183;
1;432;PTAKI (AVES);WRÓBLOWE (PASSERIFORMES);cierniówka;Sylvia communis;;scisla;;2;Dz.U. 2016 poz. 2183;
1;433;PTAKI (AVES);WRÓBLOWE (PASSERIFORMES);mysikrólik;Regulus regulus;;scisla;;2;Dz.U. 2016 poz. 2183;
1;434;PTAKI (AVES);WRÓBLOWE (PASSERIFORMES);zniczek;Regulus ignicapilla;;scisla;;2;Dz.U. 2016 poz. 2183;
1;435;PTAKI (AVES);WRÓBLOWE (PASSERIFORMES);jemiołuszka;Bombycilla garrulus;;scisla;;2;Dz.U. 2016 poz. 2183;
1;436;PTAKI (AVES);WRÓBLOWE (PASSERIFORMES);pełzacz leśny;Certhia familiaris;;scisla;;2;Dz.U. 2016 poz. 2183;
1;437;PTAKI (AVES);WRÓBLOWE (PASSERIFORMES);pełzacz ogrodowy;Certhia brachydactyla;;scisla;;2;Dz.U. 2016 poz. 2183;
1;438;PTAKI (AVES);WRÓBLOWE (PASSERIFORMES);kowalik;Sitta europaea;;scisla;;2;Dz.U. 2016 poz. 2183;
1;439;PTAKI (AVES);WRÓBLOWE (PASSERIFORMES);pomurnik;Tichodroma muraria;;scisla;;23;Dz.U. 2016 poz. 2183;
1;440;PTAKI (AVES);WRÓBLOWE (PASSERIFORMES);strzyżyk;Troglodytes troglodytes;;scisla;;2;Dz.U. 2016 poz. 2183;
1;441;PTAKI (AVES);WRÓBLOWE (PASSERIFORMES);szpak;Sturnus vulgaris;;scisla;;2;Dz.U. 2016 poz. 2183;
1;442;PTAKI (AVES);WRÓBLOWE (PASSERIFORMES);pasterz;Pastor roseus;;scisla;;2;Dz.U. 2016 poz. 2183;
1;443;PTAKI (AVES);WRÓBLOWE (PASSERIFORMES);pluszcz;Cinclus cinclus;;scisla;;2;Dz.U. 2016 poz. 2183;
1;444;PTAKI (AVES);WRÓBLOWE (PASSERIFORMES);muchołówka szara;Muscicapa striata;;scisla;;2;Dz.U. 2016 poz. 2183;
1;445;PTAKI (AVES);WRÓBLOWE (PASSERIFORMES);rudzik;Erithacus rubecula;;scisla;;2;Dz.U. 2016 poz. 2183;
1;446;PTAKI (AVES);WRÓBLOWE (PASSERIFORMES);słowik syberyjski;Larvivora sibilans;;scisla;;2;Dz.U. 2016 poz. 2183;
1;447;PTAKI (AVES);WRÓBLOWE (PASSERIFORMES);słowik szary;Luscinia luscinia;;scisla;;2;Dz.U. 2016 poz. 2183;
1;448;PTAKI (AVES);WRÓBLOWE (PASSERIFORMES);słowik rdzawy;Luscinia megarhynchos;;scisla;;2;Dz.U. 2016 poz. 2183;
1;449;PTAKI (AVES);WRÓBLOWE (PASSERIFORMES);podróżniczek;Luscinia svecica;;scisla;;2;Dz.U. 2016 poz. 2183;
1;450;PTAKI (AVES);WRÓBLOWE (PASSERIFORMES);modraczek;Tarsiger cyanurus;;scisla;;2;Dz.U. 2016 poz. 2183;
1;451;PTAKI (AVES);WRÓBLOWE (PASSERIFORMES);muchołówka mała;Ficedula parva;;scisla;;2;Dz.U. 2016 poz. 2183;
1;452;PTAKI (AVES);WRÓBLOWE (PASSERIFORMES);muchołówka żałobna;Ficedula hypoleuca;;scisla;;2;Dz.U. 2016 poz. 2183;
1;453;PTAKI (AVES);WRÓBLOWE (PASSERIFORMES);muchołówka białoszyja;Ficedula albicollis;;scisla;;2;Dz.U. 2016 poz. 2183;
1;454;PTAKI (AVES);WRÓBLOWE (PASSERIFORMES);pleszka;Phoenicurus phoenicurus;;scisla;;2;Dz.U. 2016 poz. 2183;
1;455;PTAKI (AVES);WRÓBLOWE (PASSERIFORMES);kopciuszek;Phoenicurus ochruros;;scisla;;2;Dz.U. 2016 poz. 2183;
1;456;PTAKI (AVES);WRÓBLOWE (PASSERIFORMES);nagórnik;Monticola saxatilis;;scisla;;23;Dz.U. 2016 poz. 2183;
1;457;PTAKI (AVES);WRÓBLOWE (PASSERIFORMES);pokląskwa;Saxicola rubetra;;scisla;;2;Dz.U. 2016 poz. 2183;
1;458;PTAKI (AVES);WRÓBLOWE (PASSERIFORMES);kląskawka;Saxicola rubicola;;scisla;;2;Dz.U. 2016 poz. 2183;
1;459;PTAKI (AVES);WRÓBLOWE (PASSERIFORMES);kląskawka syberyjska;Saxicola maurus;;scisla;;2;Dz.U. 2016 poz. 2183;
1;460;PTAKI (AVES);WRÓBLOWE (PASSERIFORMES);białorzytka saharyjska;Oenanthe leucopyga;;scisla;;2;Dz.U. 2016 poz. 2183;
1;461;PTAKI (AVES);WRÓBLOWE (PASSERIFORMES);białorzytka;Oenanthe oenanthe;;scisla;;2;Dz.U. 2016 poz. 2183;
1;462;PTAKI (AVES);WRÓBLOWE (PASSERIFORMES);białorzytka płowa;Oenanthe isabellina;;scisla;;2;Dz.U. 2016 poz. 2183;
1;463;PTAKI (AVES);WRÓBLOWE (PASSERIFORMES);białorzytka pustynna;Oenanthe deserti;;scisla;;2;Dz.U. 2016 poz. 2183;
1;464;PTAKI (AVES);WRÓBLOWE (PASSERIFORMES);białorzytka rdzawa;Oenanthe hispanica;;scisla;;2;Dz.U. 2016 poz. 2183;
1;465;PTAKI (AVES);WRÓBLOWE (PASSERIFORMES);białorzytka pstra;Oenanthe pleschanka;;scisla;;2;Dz.U. 2016 poz. 2183;
1;466;PTAKI (AVES);WRÓBLOWE (PASSERIFORMES);drozdoń pstry;Zoothera dauma;;scisla;;2;Dz.U. 2016 poz. 2183;
1;467;PTAKI (AVES);WRÓBLOWE (PASSERIFORMES);drozdaczek ciemny;Geokichla sibirica;;scisla;;2;Dz.U. 2016 poz. 2183;
1;468;PTAKI (AVES);WRÓBLOWE (PASSERIFORMES);paszkot;Turdus viscivorus;;scisla;;2;Dz.U. 2016 poz. 2183;
1;469;PTAKI (AVES);WRÓBLOWE (PASSERIFORMES);śpiewak;Turdus philomelos;;scisla;;2;Dz.U. 2016 poz. 2183;
1;470;PTAKI (AVES);WRÓBLOWE (PASSERIFORMES);droździk;Turdus iliacus;;scisla;;2;Dz.U. 2016 poz. 2183;
1;471;PTAKI (AVES);WRÓBLOWE (PASSERIFORMES);kos;Turdus merula;;scisla;;2;Dz.U. 2016 poz. 2183;
1;472;PTAKI (AVES);WRÓBLOWE (PASSERIFORMES);drozd oliwkowy;Turdus obscurus;;scisla;;2;Dz.U. 2016 poz. 2183;
1;473;PTAKI (AVES);WRÓBLOWE (PASSERIFORMES);kwiczoł;Turdus pilaris;;scisla;;2;Dz.U. 2016 poz. 2183;
1;474;PTAKI (AVES);WRÓBLOWE (PASSERIFORMES);drozd obrożny;Turdus torquatus;;scisla;;2;Dz.U. 2016 poz. 2183;
1;475;PTAKI (AVES);WRÓBLOWE (PASSERIFORMES);drozd rdzawy;Turdus naumanni;;scisla;;2;Dz.U. 2016 poz. 2183;
1;476;PTAKI (AVES);WRÓBLOWE (PASSERIFORMES);drozd rdzawoskrzydły;Turdus eunomus;;scisla;;2;Dz.U. 2016 poz. 2183;
1;477;PTAKI (AVES);WRÓBLOWE (PASSERIFORMES);drozd czarnogardły;Turdus atrogularis;;scisla;;2;Dz.U. 2016 poz. 2183;
1;478;PTAKI (AVES);WRÓBLOWE (PASSERIFORMES);drozd rdzawogardły;Turdus ruficollis;;scisla;;2;Dz.U. 2016 poz. 2183;
1;479;PTAKI (AVES);inne gatunki ptaków;Pozostałe gatunki ptaków (inne niż: gatunki łowne, gatunki objęte ochroną częściową oraz wymienione w lp. 52-478 gatunki objęte ochroną ścisłą) występujące naturalnie na terytorium państw Unii Europejskiej, przebywające na terytorium Rzeczypospolitej Polskiej;;;scisla;;;Dz.U. 2016 poz. 2183;"pozycja zbiorcza; osobny reżim zakazów wg § 8 ust. 1"
1;480;GADY (REPTILIA);ŁUSKONOŚNE (SQUAMATA);gniewosz plamisty;Coronella austriaca;;scisla;1;1;Dz.U. 2016 poz. 2183;
1;481;GADY (REPTILIA);ŁUSKONOŚNE (SQUAMATA);zaskroniec rybołów;Natrix tesselata;;scisla;;1;Dz.U. 2016 poz. 2183;
1;482;GADY (REPTILIA);ŁUSKONOŚNE (SQUAMATA);wąż Eskulapa;Zamenis longissimus;;scisla;1;1;Dz.U. 2016 poz. 2183;
1;483;GADY (REPTILIA);ŁUSKONOŚNE (SQUAMATA);jaszczurka zielona;Lacerta viridis;;scisla;;1;Dz.U. 2016 poz. 2183;
1;484;GADY (REPTILIA);ŻÓŁWIE (TESTUDINATA);żółw błotny;Emys orbicularis;;scisla;1;1;Dz.U. 2016 poz. 2183;
1;485;PŁAZY (AMPHIBIA);PŁAZY BEZOGONOWE (ANURA);kumak nizinny;Bombina bombina;;scisla;1;1;Dz.U. 2016 poz. 2183;
1;486;PŁAZY (AMPHIBIA);PŁAZY BEZOGONOWE (ANURA);kumak górski;Bombina variegata;;scisla;1;1;Dz.U. 2016 poz. 2183;
1;487;PŁAZY (AMPHIBIA);PŁAZY BEZOGONOWE (ANURA);ropucha paskówka;Epidalea calamita;;scisla;;1;Dz.U. 2016 poz. 2183;
1;488;PŁAZY (AMPHIBIA);PŁAZY BEZOGONOWE (ANURA);ropucha zielona;Pseudepidalea viridis;;scisla;;1;Dz.U. 2016 poz. 2183;
1;489;PŁAZY (AMPHIBIA);PŁAZY BEZOGONOWE (ANURA);rzekotka drzewna;Hyla arborea;;scisla;1;1;Dz.U. 2016 poz. 2183;
1;490;PŁAZY (AMPHIBIA);PŁAZY BEZOGONOWE (ANURA);grzebiuszka ziemna;Pelobates fuscus;;scisla;;1;Dz.U. 2016 poz. 2183;
1;491;PŁAZY (AMPHIBIA);PŁAZY BEZOGONOWE (ANURA);żaba moczarowa;Rana arvalis;;scisla;;1;Dz.U. 2016 poz. 2183;
1;492;PŁAZY (AMPHIBIA);PŁAZY BEZOGONOWE (ANURA);żaba zwinka;Rana dalmatina;;scisla;;1;Dz.U. 2016 poz. 2183;
1;493;PŁAZY (AMPHIBIA);PŁAZY OGONIASTE (CAUDATA);traszka karpacka;Lissotriton montandoni;;scisla;1;1;Dz.U. 2016 poz. 2183;
1;494;PŁAZY (AMPHIBIA);PŁAZY OGONIASTE (CAUDATA);traszka grzebieniasta;Triturus cristatus;;scisla;1;1;Dz.U. 2016 poz. 2183;
1;495;RYBY PROMIENIOPŁETWE (ACTINOPTERYGII);JESIOTROKSZTAŁTNE (ACIPENSERIFORMES);jesiotr ostronosy;Acipenser oxyrinchus;;scisla;1;1;Dz.U. 2016 poz. 2183;
1;496;RYBY PROMIENIOPŁETWE (ACTINOPTERYGII);KARPIOKSZTAŁTNE (CYPRINIFORMES);koza złotawa;Sabanejewia aurata;;scisla;;;Dz.U. 2016 poz. 2183;
1;497;RYBY PROMIENIOPŁETWE (ACTINOPTERYGII);KARPIOKSZTAŁTNE (CYPRINIFORMES);strzebla błotna;Eupallasella percnurus;;scisla;1;;Dz.U. 2016 poz. 2183;
1;498;RYBY PROMIENIOPŁETWE (ACTINOPTERYGII);ŁOSOSIOKSZTAŁTNE (SALMONIFORMES);głowacica - osobniki występujące w;Hucho hucho;;scisla;;;Dz.U. 2016 poz. 2183;
1;499;RYBY (CEPHALASPIDOMORPHI);** (PETROMYZONTIFORMES);minóg morski;Petromyzon marinus;;scisla;1;;Dz.U. 2016 poz. 2183;
1;500;MAŁŻE (BIVALVIA);** (VENEROIDA);gałeczka żeberkowana;Sphaerium solidum;;scisla;;;Dz.U. 2016 poz. 2183;
1;501;MAŁŻE (BIVALVIA);** (UNIONOIDEA);perłoródka rzeczna;Margaritifera margaritifera;;scisla;1;;Dz.U. 2016 poz. 2183;
1;502;MAŁŻE (BIVALVIA);** (UNIONOIDEA);skójka gruboskorupowa;Unio crassus;;scisla;1;1;Dz.U. 2016 poz. 2183;
1;503;ŚLIMAKI (GASTROPODA);** (NEOTAENIOGLOSSA);niepozorka ojcowska;Falniowskia neglectissima;;scisla;;;Dz.U. 2016 poz. 2183;
1;504;ŚLIMAKI (GASTROPODA);PŁUCODYSZNE (PULMONATA);poczwarówka pagórkowa;Granaria frumentum;;scisla;;;Dz.U. 2016 poz. 2183;
1;505;ŚLIMAKI (GASTROPODA);PŁUCODYSZNE (PULMONATA);świdrzyk łamliwy;Balea perversa;;scisla;;;Dz.U. 2016 poz. 2183;
1;506;ŚLIMAKI (GASTROPODA);PŁUCODYSZNE (PULMONATA);świdrzyk ozdobny;Charpentieria ornata;;scisla;1;;Dz.U. 2016 poz. 2183;
1;507;ŚLIMAKI (GASTROPODA);PŁUCODYSZNE (PULMONATA);świdrzyk śląski;Cochlodina costata;;scisla;;;Dz.U. 2016 poz. 2183;
1;508;ŚLIMAKI (GASTROPODA);PŁUCODYSZNE (PULMONATA);świdrzyk kasztanowaty;Macrogastra badia;;scisla;;;Dz.U. 2016 poz. 2183;
1;509;ŚLIMAKI (GASTROPODA);PŁUCODYSZNE (PULMONATA);świdrzyk siedmiogrodzki;Vestia elata;;scisla;;;Dz.U. 2016 poz. 2183;
1;510;ŚLIMAKI (GASTROPODA);PŁUCODYSZNE (PULMONATA);ślimak tatrzański;Faustina cingullelum;;scisla;;;Dz.U. 2016 poz. 2183;
1;511;ŚLIMAKI (GASTROPODA);PŁUCODYSZNE (PULMONATA);ślimak Rossmasslera;Faustina rossmaessleri;;scisla;;;Dz.U. 2016 poz. 2183;
1;512;ŚLIMAKI (GASTROPODA);PŁUCODYSZNE (PULMONATA);ślimak obrzeżony;Helicodonta obvoluta;;scisla;;;Dz.U. 2016 poz. 2183;
1;513;ŚLIMAKI (GASTROPODA);PŁUCODYSZNE (PULMONATA);**;Caseolus calculus;;scisla;;1;Dz.U. 2016 poz. 2183;
1;514;ŚLIMAKI (GASTROPODA);PŁUCODYSZNE (PULMONATA);ślimak żeberkowany;Helicopsis striata;;scisla;;;Dz.U. 2016 poz. 2183;
1;515;ŚLIMAKI (GASTROPODA);PŁUCODYSZNE (PULMONATA);poczwarówka pagoda;Pagodulina pagodula;;scisla;;;Dz.U. 2016 poz. 2183;
1;516;ŚLIMAKI (GASTROPODA);PŁUCODYSZNE (PULMONATA);szklarka podziemna;Mediterranea inopinata;;scisla;;;Dz.U. 2016 poz. 2183;
1;517;ŚLIMAKI (GASTROPODA);PŁUCODYSZNE (PULMONATA);zatoczek łamliwy;Anisus vorticulus;;scisla;;1;Dz.U. 2016 poz. 2183;
1;518;ŚLIMAKI (GASTROPODA);PŁUCODYSZNE (PULMONATA);poczwarówka kolumienka;Columella columella;;scisla;;;Dz.U. 2016 poz. 2183;
1;519;ŚLIMAKI (GASTROPODA);PŁUCODYSZNE (PULMONATA);poczwarówka górska;Pupilla alpicola;;scisla;;;Dz.U. 2016 poz. 2183;
1;520;ŚLIMAKI (GASTROPODA);PŁUCODYSZNE (PULMONATA);poczwarówka zębata;Truncatellina claustralis;;scisla;;;Dz.U. 2016 poz. 2183;
1;521;ŚLIMAKI (GASTROPODA);PŁUCODYSZNE (PULMONATA);poczwarówka zwężona;Vertigo angustior;;scisla;;;Dz.U. 2016 poz. 2183;
1;522;ŚLIMAKI (GASTROPODA);PŁUCODYSZNE (PULMONATA);poczwarówka północna;Vertigo arctica;;scisla;;;Dz.U. 2016 poz. 2183;
1;523;ŚLIMAKI (GASTROPODA);PŁUCODYSZNE (PULMONATA);poczwarówka jajowata;Vertigo moulinsiana;;scisla;;;Dz.U. 2016 poz. 2183;
1;524;PAJĘCZAKI (ARACHNIDA);PAJĄKI (ARANEAE);gryziel zachodni;Atypus affinis;;scisla;;;Dz.U. 2016 poz. 2183;
1;525;PAJĘCZAKI (ARACHNIDA);PAJĄKI (ARANEAE);gryziel stepowy;Atypus muralis;;scisla;;;Dz.U. 2016 poz. 2183;
1;526;PAJĘCZAKI (ARACHNIDA);PAJĄKI (ARANEAE);gryziel tapetnik;Atypus piceus;;scisla;;;Dz.U. 2016 poz. 2183;
1;527;PAJĘCZAKI (ARACHNIDA);PAJĄKI (ARANEAE);**;Mughiphantes pulcher;;scisla;;;Dz.U. 2016 poz. 2183;
1;528;PAJĘCZAKI (ARACHNIDA);PAJĄKI (ARANEAE);**;Agroeca dentigera;;scisla;;;Dz.U. 2016 poz. 2183;
1;529;PAJĘCZAKI (ARACHNIDA);PAJĄKI (ARANEAE);strojniś nadobny;Philaeus chrysops;;scisla;;;Dz.U. 2016 poz. 2183;
1;530;PAJĘCZAKI (ARACHNIDA);KOSARZE (ŁABUŃCE) (OPILIONES);**;Siro carpaticus;;scisla;;;Dz.U. 2016 poz. 2183;
1;531;PAJĘCZAKI (ARACHNIDA);ZALESZCZOTKI (PSEUDOSCORPIONIDA);**;Neobisium polonicum;;scisla;;;Dz.U. 2016 poz. 2183;
1;532;SKRZELONOGI (BRANCHIOPODA);** (ANOSTRACA);skrzelopływka bagienna;Branchinecta paludosa;;scisla;1;;Dz.U. 2016 poz. 2183;
1;533;SKRZELONOGI (BRANCHIOPODA);** (ANOSTRACA);**;Chirocephalus diaphanus;;scisla;;;Dz.U. 2016 poz. 2183;
1;534;SKRZELONOGI (BRANCHIOPODA);** (ANOSTRACA);**;Pristicephalus shadini;;scisla;;;Dz.U. 2016 poz. 2183;
1;535;SKRZELONOGI (BRANCHIOPODA);** (ANOSTRACA);**;Streptocephalus torvicornis;;scisla;;;Dz.U. 2016 poz. 2183;
1;536;OWADY (INSECTA);CHRZĄSZCZE (COLEOPTERA);ponurek Schneidera;Boros schneideri;;scisla;;;Dz.U. 2016 poz. 2183;
1;537;OWADY (INSECTA);CHRZĄSZCZE (COLEOPTERA);bogatek wspaniały;Buprestis splendens;;scisla;;1;Dz.U. 2016 poz. 2183;
1;538;OWADY (INSECTA);CHRZĄSZCZE (COLEOPTERA);tęcznik ziarenkowaty (liszkarz;Calosoma investigator;;scisla;;;Dz.U. 2016 poz. 2183;
1;539;OWADY (INSECTA);CHRZĄSZCZE (COLEOPTERA);tęcznik marszczony (liszkarz;Calosoma reticulatum;;scisla;;;Dz.U. 2016 poz. 2183;
1;540;OWADY (INSECTA);CHRZĄSZCZE (COLEOPTERA);biegacz Bessera;Carabus besseri;;scisla;;;Dz.U. 2016 poz. 2183;
1;541;OWADY (INSECTA);CHRZĄSZCZE (COLEOPTERA);biegacz Fabrycjusza;Carabus fabricii;;scisla;;;Dz.U. 2016 poz. 2183;
1;542;OWADY (INSECTA);CHRZĄSZCZE (COLEOPTERA);biegacz urozmaicony;Carabus variolosus;;scisla;;1;Dz.U. 2016 poz. 2183;
1;543;OWADY (INSECTA);CHRZĄSZCZE (COLEOPTERA);biegacz Zawadzkiego;Carabus zawadzkii;;scisla;;1;Dz.U. 2016 poz. 2183;
1;544;OWADY (INSECTA);CHRZĄSZCZE (COLEOPTERA);kozioróg dębosz;Cerambyx cerdo;;scisla;1;1;Dz.U. 2016 poz. 2183;
1;545;OWADY (INSECTA);CHRZĄSZCZE (COLEOPTERA);średzinka;Mesosa myops;;scisla;;;Dz.U. 2016 poz. 2183;
1;546;OWADY (INSECTA);CHRZĄSZCZE (COLEOPTERA);sichrawa karpacka;Pseudogaurotina excellens;;scisla;1;1;Dz.U. 2016 poz. 2183;
1;547;OWADY (INSECTA);CHRZĄSZCZE (COLEOPTERA);nadobnica alpejska;Rosalia alpina;;scisla;1;1;Dz.U. 2016 poz. 2183;
1;548;OWADY (INSECTA);CHRZĄSZCZE (COLEOPTERA);zgniotek cynobrowy;Cucujus cinnaberinnus;;scisla;;1;Dz.U. 2016 poz. 2183;
1;549;OWADY (INSECTA);CHRZĄSZCZE (COLEOPTERA);zgniotek szkarłatny;Cucujus haematodes;;scisla;;;Dz.U. 2016 poz. 2183;
1;550;OWADY (INSECTA);CHRZĄSZCZE (COLEOPTERA);pływak szerokobrzeżek;Dytiscus latissimus;;scisla;;1;Dz.U. 2016 poz. 2183;
1;551;OWADY (INSECTA);CHRZĄSZCZE (COLEOPTERA);kreślinek nizinny;Graphoderus bilineatus;;scisla;;1;Dz.U. 2016 poz. 2183;
1;552;OWADY (INSECTA);CHRZĄSZCZE (COLEOPTERA);**;Bolbelasmus unicornis;;scisla;;;Dz.U. 2016 poz. 2183;
1;553;OWADY (INSECTA);CHRZĄSZCZE (COLEOPTERA);krawiec głowacz;Lethrus apterus;;scisla;;;Dz.U. 2016 poz. 2183;
1;554;OWADY (INSECTA);CHRZĄSZCZE (COLEOPTERA);konarek tajgowy;Phryganophilus ruficollis;;scisla;;1;Dz.U. 2016 poz. 2183;
1;555;OWADY (INSECTA);CHRZĄSZCZE (COLEOPTERA);rozmiazg kolweński;Pytho kolwensis;;scisla;;1;Dz.U. 2016 poz. 2183;
1;556;OWADY (INSECTA);CHRZĄSZCZE (COLEOPTERA);zagłębek bruzdkowany;Rhysodes sulcatus;;scisla;;1;Dz.U. 2016 poz. 2183;
1;557;OWADY (INSECTA);CHRZĄSZCZE (COLEOPTERA);pachnica dębowa;Osmoderma eremita;;scisla;1;1;Dz.U. 2016 poz. 2183;
1;558;OWADY (INSECTA);CHRZĄSZCZE (COLEOPTERA);** - pozostałe gatunki z rodzaju;Osmoderma spp.;;scisla;1;1;Dz.U. 2016 poz. 2183;
1;559;OWADY (INSECTA);CHRZĄSZCZE (COLEOPTERA);pogrzybnica Mannerheima;Oxyporus mannerheimii;;scisla;;;Dz.U. 2016 poz. 2183;
1;560;OWADY (INSECTA);PLUSKWIAKI (HEMIPTERA);piewik podolski;Cicadetta podolica;;scisla;;;Dz.U. 2016 poz. 2183;
1;561;OWADY (INSECTA);BŁONKOSKRZYDŁE (HYMENOPTERA);zadrzechnia czarnoroga;Xylocopa valga;;scisla;;;Dz.U. 2016 poz. 2183;
1;562;OWADY (INSECTA);MOTYLE (LEPIDOPTERA);krasopani hera;Callimorpha quadripunctaria;;scisla;;;Dz.U. 2016 poz. 2183;
1;563;OWADY (INSECTA);MOTYLE (LEPIDOPTERA);barczatka kataks;Eriogaster catax;;scisla;;1;Dz.U. 2016 poz. 2183;
1;564;OWADY (INSECTA);MOTYLE (LEPIDOPTERA);czerwończyk nieparek;Lycaena dispar;;scisla;;1;Dz.U. 2016 poz. 2183;
1;565;OWADY (INSECTA);MOTYLE (LEPIDOPTERA);czerwończyk fioletek;Lycaena helle;;scisla;;1;Dz.U. 2016 poz. 2183;
1;566;OWADY (INSECTA);MOTYLE (LEPIDOPTERA);modraszek arion;Phengaris arion;Maculinea arion;scisla;1;1;Dz.U. 2016 poz. 2183;
1;567;OWADY (INSECTA);MOTYLE (LEPIDOPTERA);modraszek nausitous;Phengaris nausithous;Maculinea nausithous;scisla;1;1;Dz.U. 2016 poz. 2183;wiersz łamany w PDF, przepisany ręcznie
1;568;OWADY (INSECTA);MOTYLE (LEPIDOPTERA);modraszek telejus;Phengaris teleius;Maculinea telejus;scisla;1;1;Dz.U. 2016 poz. 2183;
1;569;OWADY (INSECTA);MOTYLE (LEPIDOPTERA);modraszek eros (m. eroides);Polyommatus eros;P. eroides;scisla;1;1;Dz.U. 2016 poz. 2183;
1;570;OWADY (INSECTA);MOTYLE (LEPIDOPTERA);modraszek gniady;Polyommatus ripartii;;scisla;1;;Dz.U. 2016 poz. 2183;
1;571;OWADY (INSECTA);MOTYLE (LEPIDOPTERA);ksylomka strix;Xylomoia strix;;scisla;;1;Dz.U. 2016 poz. 2183;
1;572;OWADY (INSECTA);MOTYLE (LEPIDOPTERA);strzępotek hero;Coenonympha hero;;scisla;;1;Dz.U. 2016 poz. 2183;
1;573;OWADY (INSECTA);MOTYLE (LEPIDOPTERA);strzępotek edypus;Coenonympha oedippus;;scisla;;1;Dz.U. 2016 poz. 2183;
1;574;OWADY (INSECTA);MOTYLE (LEPIDOPTERA);górówka sudecka;Erebia sudetica;;scisla;;1;Dz.U. 2016 poz. 2183;
1;575;OWADY (INSECTA);MOTYLE (LEPIDOPTERA);przeplatka aurinia;Euphydryas aurinia;;scisla;1;;Dz.U. 2016 poz. 2183;
1;576;OWADY (INSECTA);MOTYLE (LEPIDOPTERA);przeplatka maturna;Euphydryas maturna;;scisla;;1;Dz.U. 2016 poz. 2183;
1;577;OWADY (INSECTA);MOTYLE (LEPIDOPTERA);osadnik wielkooki;Lopinga achine;;scisla;;1;Dz.U. 2016 poz. 2183;
1;578;OWADY (INSECTA);MOTYLE (LEPIDOPTERA);niepylak apollo;Parnassius apollo;;scisla;1;1;Dz.U. 2016 poz. 2183;
1;579;OWADY (INSECTA);MOTYLE (LEPIDOPTERA);niepylak mnemozyna;Parnassius mnemosyne;;scisla;1;1;Dz.U. 2016 poz. 2183;
1;580;OWADY (INSECTA);MOTYLE (LEPIDOPTERA);postojak wiesiołkowiec;Proserpinus proserpina;;scisla;;1;Dz.U. 2016 poz. 2183;
1;581;OWADY (INSECTA);MOTYLE (LEPIDOPTERA);szlaczkoń szafraniec;Colias myrmidone;;scisla;;1;Dz.U. 2016 poz. 2183;
1;582;OWADY (INSECTA);MODLISZKI (MANTODEA);modliszka zwyczajna;Mantis religiosa;;scisla;;;Dz.U. 2016 poz. 2183;
1;583;OWADY (INSECTA);WAŻKI (ODONATA);żagnica północna;Aeshna caerulea;;scisla;;;Dz.U. 2016 poz. 2183;
1;584;OWADY (INSECTA);WAŻKI (ODONATA);żagnica zielona;Aeshna viridis;;scisla;;1;Dz.U. 2016 poz. 2183;
1;585;OWADY (INSECTA);WAŻKI (ODONATA);trzepla zielona;Ophiogomphus cecilia;;scisla;;1;Dz.U. 2016 poz. 2183;
1;586;OWADY (INSECTA);WAŻKI (ODONATA);zalotka białoczelna;Leucorrhinia albifrons;;scisla;;1;Dz.U. 2016 poz. 2183;
1;587;OWADY (INSECTA);WAŻKI (ODONATA);zalotka spłaszczona;Leucorrhinia caudalis;;scisla;;1;Dz.U. 2016 poz. 2183;
1;588;OWADY (INSECTA);WAŻKI (ODONATA);zalotka większa;Leucorrhinia pectoralis;;scisla;;1;Dz.U. 2016 poz. 2183;
1;589;OWADY (INSECTA);WAŻKI (ODONATA);łątka ozdobna;Coenagrion ornatum;;scisla;;;Dz.U. 2016 poz. 2183;
1;590;OWADY (INSECTA);WAŻKI (ODONATA);iglica mała;Nehalennia speciosa;;scisla;1;;Dz.U. 2016 poz. 2183;
1;591;OWADY (INSECTA);PROSTOSKRZYDŁE (ORTHOPTERA);**;Isophya stysi;;scisla;;1;Dz.U. 2016 poz. 2183;
1;592;OWADY (INSECTA);PROSTOSKRZYDŁE (ORTHOPTERA);stepówka;Gampsocleis glabra;;scisla;;;Dz.U. 2016 poz. 2183;
2;1;SSAKI (MAMMALIA);DRAPIEŻNE (CARNIVORA);gronostaj;Mustela erminea;;czesciowa;;1;Dz.U. 2016 poz. 2183;
2;2;SSAKI (MAMMALIA);DRAPIEŻNE (CARNIVORA);łasica;Mustela nivalis;;czesciowa;;1;Dz.U. 2016 poz. 2183;
2;3;SSAKI (MAMMALIA);DRAPIEŻNE (CARNIVORA);wydra;Lutra lutra;;czesciowa;;1;Dz.U. 2016 poz. 2183;
2;4;SSAKI (MAMMALIA);JEŻOKSZTAŁTNE (ERINACEOMORPHA);jeż wschodni;Erinaceus roumanicus;;czesciowa;;1;Dz.U. 2016 poz. 2183;
2;5;SSAKI (MAMMALIA);JEŻOKSZTAŁTNE (ERINACEOMORPHA);jeż zachodni;Erinaceus europaeus;;czesciowa;;1;Dz.U. 2016 poz. 2183;
2;6;SSAKI (MAMMALIA);GRYZONIE (RODENTIA);bóbr europejski;Castor fiber;;czesciowa;;1;Dz.U. 2016 poz. 2183;
2;7;SSAKI (MAMMALIA);GRYZONIE (RODENTIA);karczownik mniejszy - osobniki;Arvicola scherman;;czesciowa;;;Dz.U. 2016 poz. 2183;
2;8;SSAKI (MAMMALIA);GRYZONIE (RODENTIA);karczownik ziemnowodny - osobniki;Arvicola amphibius;;czesciowa;;;Dz.U. 2016 poz. 2183;
2;9;SSAKI (MAMMALIA);GRYZONIE (RODENTIA);badylarka;Micromys minutus;;czesciowa;;;Dz.U. 2016 poz. 2183;
2;10;SSAKI (MAMMALIA);GRYZONIE (RODENTIA);mysz zaroślowa;Apodemus sylvaticus;;czesciowa;;;Dz.U. 2016 poz. 2183;
2;11;SSAKI (MAMMALIA);GRYZONIE (RODENTIA);mysz zielna (m. małooka);Apodemus uralensis;;czesciowa;;;Dz.U. 2016 poz. 2183;
2;12;SSAKI (MAMMALIA);GRYZONIE (RODENTIA);wiewiórka pospolita;Sciurus vulgaris;;czesciowa;;1;Dz.U. 2016 poz. 2183;
2;13;SSAKI (MAMMALIA);GRYZONIE (RODENTIA);popielica;Glis glis;;czesciowa;;1;Dz.U. 2016 poz. 2183;
2;14;SSAKI (MAMMALIA);RYJÓWKOKSZTAŁTNE (SORICOMORPHA);ryjówka aksamitna;Sorex araneus;;czesciowa;;1;Dz.U. 2016 poz. 2183;
2;15;SSAKI (MAMMALIA);RYJÓWKOKSZTAŁTNE (SORICOMORPHA);ryjówka średnia (r. białowieska);Sorex caecutiens;;czesciowa;;1;Dz.U. 2016 poz. 2183;
2;16;SSAKI (MAMMALIA);RYJÓWKOKSZTAŁTNE (SORICOMORPHA);ryjówka malutka;Sorex minutus;;czesciowa;;1;Dz.U. 2016 poz. 2183;
2;17;SSAKI (MAMMALIA);RYJÓWKOKSZTAŁTNE (SORICOMORPHA);ryjówka górska;Sorex alpinus;;czesciowa;;1;Dz.U. 2016 poz. 2183;
2;18;SSAKI (MAMMALIA);RYJÓWKOKSZTAŁTNE (SORICOMORPHA);rzęsorek rzeczek;Neomys fodiens;;czesciowa;;1;Dz.U. 2016 poz. 2183;
2;19;SSAKI (MAMMALIA);RYJÓWKOKSZTAŁTNE (SORICOMORPHA);rzęsorek mniejszy;Neomys anomalus;;czesciowa;;1;Dz.U. 2016 poz. 2183;
2;20;SSAKI (MAMMALIA);RYJÓWKOKSZTAŁTNE (SORICOMORPHA);zębiełek białawy;Crocidura leucodon;;czesciowa;;1;Dz.U. 2016 poz. 2183;
2;21;SSAKI (MAMMALIA);RYJÓWKOKSZTAŁTNE (SORICOMORPHA);zębiełek karliczek;Crocidura suaveolens;;czesciowa;;1;Dz.U. 2016 poz. 2183;
2;22;SSAKI (MAMMALIA);RYJÓWKOKSZTAŁTNE (SORICOMORPHA);kret - osobniki znajdujące się poza;Talpa europaea;;czesciowa;;1;Dz.U. 2016 poz. 2183;
2;23;PTAKI (AVES);GOŁĘBIOWE (COLUMBIFORMES);gołąb miejski;Columba livia forma urbana;;czesciowa;;2;Dz.U. 2016 poz. 2183;
2;24;PTAKI (AVES);SIEWKOWE (CHARADRIIFORMES);mewa srebrzysta;Larus argentatus;;czesciowa;;2;Dz.U. 2016 poz. 2183;
2;25;PTAKI (AVES);SIEWKOWE (CHARADRIIFORMES);mewa białogłowa;Larus cachinnans;;czesciowa;;2;Dz.U. 2016 poz. 2183;
2;26;PTAKI (AVES);PELIKANOWE (PELECANIFORMES);czapla siwa;Ardea cinerea;;czesciowa;;2;Dz.U. 2016 poz. 2183;
2;27;PTAKI (AVES);PELIKANOWE (PELECANIFORMES);kormoran;Phalacrocorax carbo;;czesciowa;;2;Dz.U. 2016 poz. 2183;
2;28;PTAKI (AVES);WRÓBLOWE (PASSERIFORMES);sroka;Pica pica;;czesciowa;;2;Dz.U. 2016 poz. 2183;
2;29;PTAKI (AVES);WRÓBLOWE (PASSERIFORMES);gawron - osobniki w obszarze;Corvus frugilegus;;czesciowa;;2;Dz.U. 2016 poz. 2183;
2;30;PTAKI (AVES);WRÓBLOWE (PASSERIFORMES);kruk;Corvus corax;;czesciowa;;2;Dz.U. 2016 poz. 2183;
2;31;PTAKI (AVES);WRÓBLOWE (PASSERIFORMES);wrona siwa;Corvus cornix;;czesciowa;;2;Dz.U. 2016 poz. 2183;
2;32;GADY (REPTILIA);ŁUSKONOŚNE (SQUAMATA);padalec zwyczajny;Anguis fragilis;;czesciowa;;1;Dz.U. 2016 poz. 2183;
2;33;GADY (REPTILIA);ŁUSKONOŚNE (SQUAMATA);zaskroniec zwyczajny;Natrix natrix;;czesciowa;;1;Dz.U. 2016 poz. 2183;
2;34;GADY (REPTILIA);ŁUSKONOŚNE (SQUAMATA);jaszczurka zwinka;Lacerta agilis;;czesciowa;;1;Dz.U. 2016 poz. 2183;
2;35;GADY (REPTILIA);ŁUSKONOŚNE (SQUAMATA);jaszczurka żyworodna;Zootoca vivipara;;czesciowa;;1;Dz.U. 2016 poz. 2183;
2;36;GADY (REPTILIA);ŁUSKONOŚNE (SQUAMATA);żmija zygzakowata;Vipera berus;;czesciowa;;14;Dz.U. 2016 poz. 2183;
2;37;PŁAZY (AMPHIBIA);PŁAZY BEZOGONOWE (ANURA);ropucha szara;Bufo bufo;;czesciowa;;1;Dz.U. 2016 poz. 2183;
2;38;PŁAZY (AMPHIBIA);PŁAZY BEZOGONOWE (ANURA);żaba wodna;Pelophylax esculentus;;czesciowa;;14;Dz.U. 2016 poz. 2183;
2;39;PŁAZY (AMPHIBIA);PŁAZY BEZOGONOWE (ANURA);żaba jeziorkowa;Pelophylax lessonae;;czesciowa;;14;Dz.U. 2016 poz. 2183;
2;40;PŁAZY (AMPHIBIA);PŁAZY BEZOGONOWE (ANURA);żaba śmieszka;Pelophylax ridibundus;;czesciowa;;14;Dz.U. 2016 poz. 2183;
2;41;PŁAZY (AMPHIBIA);PŁAZY BEZOGONOWE (ANURA);żaba trawna;Rana temporaria;;czesciowa;;1;Dz.U. 2016 poz. 2183;
2;42;PŁAZY (AMPHIBIA);PŁAZY OGONIASTE (CAUDATA);traszka zwyczajna;Lissotriton vulgaris;;czesciowa;;1;Dz.U. 2016 poz. 2183;
2;43;PŁAZY (AMPHIBIA);PŁAZY OGONIASTE (CAUDATA);traszka górska;Ichthyosaura alpestris;;czesciowa;;1;Dz.U. 2016 poz. 2183;
2;44;PŁAZY (AMPHIBIA);PŁAZY OGONIASTE (CAUDATA);salamandra plamista;Salamandra salamandra;;czesciowa;;1;Dz.U. 2016 poz. 2183;
2;45;RYBY PROMIENIOPŁETWE (ACTINOPTERYGII);ŚLEDZIOKSZTAŁTNE (CLUPEIFORMES);aloza;Alosa alosa;;czesciowa;;;Dz.U. 2016 poz. 2183;
2;46;RYBY PROMIENIOPŁETWE (ACTINOPTERYGII);ŚLEDZIOKSZTAŁTNE (CLUPEIFORMES);parposz;Alosa fallax;;czesciowa;;;Dz.U. 2016 poz. 2183;
2;47;RYBY PROMIENIOPŁETWE (ACTINOPTERYGII);KARPIOKSZTAŁTNE (CYPRINIFORMES);śliz pospolity;Barbatula barbatula;;czesciowa;;;Dz.U. 2016 poz. 2183;
2;48;RYBY PROMIENIOPŁETWE (ACTINOPTERYGII);KARPIOKSZTAŁTNE (CYPRINIFORMES);koza dunajska;Cobitis elongatoides;;czesciowa;;;Dz.U. 2016 poz. 2183;
2;49;RYBY PROMIENIOPŁETWE (ACTINOPTERYGII);KARPIOKSZTAŁTNE (CYPRINIFORMES);koza pospolita;Cobitis taenia;;czesciowa;;;Dz.U. 2016 poz. 2183;
2;50;RYBY PROMIENIOPŁETWE (ACTINOPTERYGII);KARPIOKSZTAŁTNE (CYPRINIFORMES);piskorz;Misgurnus fossilis;;czesciowa;;;Dz.U. 2016 poz. 2183;
2;51;RYBY PROMIENIOPŁETWE (ACTINOPTERYGII);KARPIOKSZTAŁTNE (CYPRINIFORMES);piekielnica;Alburnoides bipunctatus;;czesciowa;;;Dz.U. 2016 poz. 2183;
2;52;RYBY PROMIENIOPŁETWE (ACTINOPTERYGII);KARPIOKSZTAŁTNE (CYPRINIFORMES);brzanka;Barbus peloponnesius;B. carpthicus, B. meridionalis;czesciowa;;;Dz.U. 2016 poz. 2183;"wiersz łamany w PDF; pisownia synonimu jak w akcie (carpthicus)"
2;53;RYBY PROMIENIOPŁETWE (ACTINOPTERYGII);KARPIOKSZTAŁTNE (CYPRINIFORMES);ciosa - osobniki poza populacją;Pelecus cultratus;;czesciowa;;;Dz.U. 2016 poz. 2183;
2;54;RYBY PROMIENIOPŁETWE (ACTINOPTERYGII);KARPIOKSZTAŁTNE (CYPRINIFORMES);różanka;Rhodeus amarus;Rhodeus sericeus;czesciowa;;;Dz.U. 2016 poz. 2183;
2;55;RYBY PROMIENIOPŁETWE (ACTINOPTERYGII);KARPIOKSZTAŁTNE (CYPRINIFORMES);kiełb białopłetwy;Romanogobio albipinnatus;;czesciowa;;;Dz.U. 2016 poz. 2183;
2;56;RYBY PROMIENIOPŁETWE (ACTINOPTERYGII);KARPIOKSZTAŁTNE (CYPRINIFORMES);kiełb Kesslera;Romanogobio kessleri;;czesciowa;;;Dz.U. 2016 poz. 2183;
2;57;RYBY PROMIENIOPŁETWE (ACTINOPTERYGII);CIERNIKOKSZTAŁTNE (GASTEROSTEIFORMES);pocierniec;Spinachia spinachia;;czesciowa;;;Dz.U. 2016 poz. 2183;
2;58;RYBY PROMIENIOPŁETWE (ACTINOPTERYGII);OKONIOKSZTAŁTNE (PERCIFORMES);babka czarna;Gobius niger;;czesciowa;;;Dz.U. 2016 poz. 2183;
2;59;RYBY PROMIENIOPŁETWE (ACTINOPTERYGII);OKONIOKSZTAŁTNE (PERCIFORMES);babka czarnoplamka;Gobiusculus flavescens;;czesciowa;;;Dz.U. 2016 poz. 2183;
2;60;RYBY PROMIENIOPŁETWE (ACTINOPTERYGII);OKONIOKSZTAŁTNE (PERCIFORMES);babka piaskowa;Pomatoschistus microps;;czesciowa;;;Dz.U. 2016 poz. 2183;
2;61;RYBY PROMIENIOPŁETWE (ACTINOPTERYGII);OKONIOKSZTAŁTNE (PERCIFORMES);babka mała;Pomatoschistus minutus;;czesciowa;;;Dz.U. 2016 poz. 2183;
2;62;RYBY PROMIENIOPŁETWE (ACTINOPTERYGII);OKONIOKSZTAŁTNE (PERCIFORMES);taśmiak długi;Lumpenus lampretaeformis;;czesciowa;;;Dz.U. 2016 poz. 2183;
2;63;RYBY PROMIENIOPŁETWE (ACTINOPTERYGII);IGLICZNIOKSZTAŁTNE (SYNGNATHIFORMES);wężynka;Nerophis ophidion;;czesciowa;;;Dz.U. 2016 poz. 2183;
2;64;RYBY PROMIENIOPŁETWE (ACTINOPTERYGII);IGLICZNIOKSZTAŁTNE (SYNGNATHIFORMES);iglicznia;Syngnathus typhle;;czesciowa;;;Dz.U. 2016 poz. 2183;
2;65;RYBY PROMIENIOPŁETWE (ACTINOPTERYGII);SKORPENOKSZTAŁTNE (SCORPAENIFORMES);głowacz białopłetwy;Cottus gobio;;czesciowa;;;Dz.U. 2016 poz. 2183;
2;66;RYBY PROMIENIOPŁETWE (ACTINOPTERYGII);SKORPENOKSZTAŁTNE (SCORPAENIFORMES);głowacz pręgopłetwy;Cottus poecilopus;;czesciowa;;;Dz.U. 2016 poz. 2183;
2;67;RYBY PROMIENIOPŁETWE (ACTINOPTERYGII);SKORPENOKSZTAŁTNE (SCORPAENIFORMES);kur rogacz;Myoxocephalus quadricornis;;czesciowa;;;Dz.U. 2016 poz. 2183;
2;68;RYBY PROMIENIOPŁETWE (ACTINOPTERYGII);SKORPENOKSZTAŁTNE (SCORPAENIFORMES);dennik;Liparis liparis;;czesciowa;;;Dz.U. 2016 poz. 2183;
2;69;RYBY (CEPHALASPIDOMORPHI);MINOGOKSZTAŁTNE (PETROMYZONTIFORMES);minóg ukraiński;Eudontomyzon mariae;;czesciowa;;;Dz.U. 2016 poz. 2183;
2;70;RYBY (CEPHALASPIDOMORPHI);MINOGOKSZTAŁTNE (PETROMYZONTIFORMES);minóg rzeczny;Lampetra fluviatilis;;czesciowa;;;Dz.U. 2016 poz. 2183;
2;71;RYBY (CEPHALASPIDOMORPHI);MINOGOKSZTAŁTNE (PETROMYZONTIFORMES);minóg strumieniowy;Lampetra planeri;;czesciowa;;;Dz.U. 2016 poz. 2183;
2;72;MAŁŻE (BIVALVIA);** (VENEROIDA);gałeczka rzeczna;Sphaerium rivicola;;czesciowa;;;Dz.U. 2016 poz. 2183;
2;73;MAŁŻE (BIVALVIA);** (VENEROIDA);groszkówka głębinowa;Pisidium conventus;;czesciowa;;;Dz.U. 2016 poz. 2183;
2;74;MAŁŻE (BIVALVIA);** (UNIONOIDEA);szczeżuja wielka;Anodonta cygnea;;czesciowa;;;Dz.U. 2016 poz. 2183;
2;75;MAŁŻE (BIVALVIA);** (UNIONOIDEA);szczeżuja spłaszczona;Pseudoanodonta complanata;;czesciowa;;;Dz.U. 2016 poz. 2183;
2;76;ŚLIMAKI (GASTROPODA);** (ARCHITAENIOGLOSSA);igliczek karpacki;Acicula parcelineata;;czesciowa;;;Dz.U. 2016 poz. 2183;
2;77;ŚLIMAKI (GASTROPODA);** (ECTOBRANCHIA);zawójka rzeczna;Borysthenia naticina;;czesciowa;;;Dz.U. 2016 poz. 2183;
2;78;ŚLIMAKI (GASTROPODA);** (NEOTAENIOGLOSSA);źródlarka czerwonawa;Bythinella metarubra;;czesciowa;;;Dz.U. 2016 poz. 2183;
2;79;ŚLIMAKI (GASTROPODA);** (NEOTAENIOGLOSSA);źródlarka żywiecka;Bythinella zyvionteki;;czesciowa;;;Dz.U. 2016 poz. 2183;
2;80;ŚLIMAKI (GASTROPODA);** (NEOTAENIOGLOSSA);źródlarka Micherdzińskiego;Bythinella micherdzinskii;;czesciowa;;;Dz.U. 2016 poz. 2183;
2;81;ŚLIMAKI (GASTROPODA);PŁUCODYSZNE (PULMONATA);pomrowik mołdawski;Deroceras moldavicum;;czesciowa;;;Dz.U. 2016 poz. 2183;
2;82;ŚLIMAKI (GASTROPODA);PŁUCODYSZNE (PULMONATA);ślimak ostrokrawędzisty;Helicigona lapicida;;czesciowa;;;Dz.U. 2016 poz. 2183;
2;83;ŚLIMAKI (GASTROPODA);PŁUCODYSZNE (PULMONATA);ślimak żółtawy;Helix lutescens;;czesciowa;;;Dz.U. 2016 poz. 2183;
2;84;ŚLIMAKI (GASTROPODA);PŁUCODYSZNE (PULMONATA);ślimak winniczek;Helix pomatia;;czesciowa;;4;Dz.U. 2016 poz. 2183;
2;85;ŚLIMAKI (GASTROPODA);PŁUCODYSZNE (PULMONATA);ślimak Bąkowskiego;Petasina bakowskii;;czesciowa;;;Dz.U. 2016 poz. 2183;
2;86;ŚLIMAKI (GASTROPODA);PŁUCODYSZNE (PULMONATA);ślimak Bielza;Petasina bielzi;;czesciowa;;;Dz.U. 2016 poz. 2183;
2;87;ŚLIMAKI (GASTROPODA);PŁUCODYSZNE (PULMONATA);ślimak wielkozębny;Perforatella dibothrion;;czesciowa;;;Dz.U. 2016 poz. 2183;
2;88;ŚLIMAKI (GASTROPODA);PŁUCODYSZNE (PULMONATA);błotniarka otułka;Myxas glutinosa;;czesciowa;;;Dz.U. 2016 poz. 2183;
2;89;ŚLIMAKI (GASTROPODA);PŁUCODYSZNE (PULMONATA);pomrowiec nakrapiany;Tandonia rustica;;czesciowa;;;Dz.U. 2016 poz. 2183;
2;90;ŚLIMAKI (GASTROPODA);PŁUCODYSZNE (PULMONATA);bursztynka piaskowa;Quickella arenaria;;czesciowa;;;Dz.U. 2016 poz. 2183;
2;91;ŚLIMAKI (GASTROPODA);PŁUCODYSZNE (PULMONATA);poczwarówka Geyera;Vertigo geyeri;;czesciowa;;;Dz.U. 2016 poz. 2183;
2;92;ŚLIMAKI (GASTROPODA);PŁUCODYSZNE (PULMONATA);poczwarówka zmienna;Vertigo genesii;;czesciowa;;;Dz.U. 2016 poz. 2183;
2;93;ŚLIMAKI (GASTROPODA);*** (SACOGLOSSA);alderia niepozorna;Alderia modesta;;czesciowa;;;Dz.U. 2016 poz. 2183;
2;94;PAJĘCZAKI (ARACHNIDA);PAJĄKI (ARANEAE);poskocz krasny;Eresus cinnaberinus;E. niger, E. kollari;czesciowa;;;Dz.U. 2016 poz. 2183;
2;95;PAJĘCZAKI (ARACHNIDA);PAJĄKI (ARANEAE);**;Bathyphantes eumenis;;czesciowa;;;Dz.U. 2016 poz. 2183;
2;96;PAJĘCZAKI (ARACHNIDA);PAJĄKI (ARANEAE);**;Yllenus arenarius;;czesciowa;;;Dz.U. 2016 poz. 2183;
2;97;SKRZELONOGI (BRANCHIOPODA);** (ANOSTRACA);zadychra pospolita;Branchipus schaefferi;;czesciowa;;;Dz.U. 2016 poz. 2183;
2;98;SKRZELONOGI (BRANCHIOPODA);** (SPINICAUDATA);małżynka czteroroga;Cyzicus tetracerus;;czesciowa;;;Dz.U. 2016 poz. 2183;
2;99;SKRZELONOGI (BRANCHIOPODA);** (SPINICAUDATA);**;Lynceus brachyurus;;czesciowa;;;Dz.U. 2016 poz. 2183;
2;100;SKRZELONOGI (BRANCHIOPODA);PRZEKOPNICE (NOTOSTRACA);przekopnica właściwa;Triops cancriformis;;czesciowa;;;Dz.U. 2016 poz. 2183;
2;101;PANCERZOWCE (MALACOSTRACA);OBUNOGI (AMPHIPODA);zmieraczek plażowy;Talitrus saltator;;czesciowa;;;Dz.U. 2016 poz. 2183;
2;102;PANCERZOWCE (MALACOSTRACA);DZIESIĘCIONOGI (DECAPODA);rak rzeczny (szlachetny);Astacus astacus;;czesciowa;;4;Dz.U. 2016 poz. 2183;
2;103;PANCERZOWCE (MALACOSTRACA);DZIESIĘCIONOGI (DECAPODA);rak stawowy (błotny);Astacus leptodactylus;;czesciowa;;4;Dz.U. 2016 poz. 2183;
2;104;OWADY (INSECTA);CHRZĄSZCZE (COLEOPTERA);poraj;Dicerca moesta;;czesciowa;;;Dz.U. 2016 poz. 2183;
2;105;OWADY (INSECTA);CHRZĄSZCZE (COLEOPTERA);pysznik jodłowy;Eurythyrea austriaca;;czesciowa;;;Dz.U. 2016 poz. 2183;
2;106;OWADY (INSECTA);CHRZĄSZCZE (COLEOPTERA);pysznik dębowy;Eurythyrea quercus;;czesciowa;;;Dz.U. 2016 poz. 2183;
2;107;OWADY (INSECTA);CHRZĄSZCZE (COLEOPTERA);tęcznik dołkowany (liszkarz;Calosoma auropunctatum;;czesciowa;;;Dz.U. 2016 poz. 2183;
2;108;OWADY (INSECTA);CHRZĄSZCZE (COLEOPTERA);tęcznik mniejszy;Calosoma inquisitor;;czesciowa;;;Dz.U. 2016 poz. 2183;
2;109;OWADY (INSECTA);CHRZĄSZCZE (COLEOPTERA);tęcznik liszkarz;Calosoma sycophanta;;czesciowa;;;Dz.U. 2016 poz. 2183;
2;110;OWADY (INSECTA);CHRZĄSZCZE (COLEOPTERA);biegacz zielonozłoty;Carabus auronitens;;czesciowa;;;Dz.U. 2016 poz. 2183;
2;111;OWADY (INSECTA);CHRZĄSZCZE (COLEOPTERA);biegacz bagienny;Carabus clathratus;;czesciowa;;;Dz.U. 2016 poz. 2183;
2;112;OWADY (INSECTA);CHRZĄSZCZE (COLEOPTERA);biegacz wypukły;Carabus convexus;;czesciowa;;;Dz.U. 2016 poz. 2183;
2;113;OWADY (INSECTA);CHRZĄSZCZE (COLEOPTERA);biegacz skórzasty;Carabus coriaceus;;czesciowa;;;Dz.U. 2016 poz. 2183;
2;114;OWADY (INSECTA);CHRZĄSZCZE (COLEOPTERA);biegacz wspaniały;Carabus excellens;;czesciowa;;;Dz.U. 2016 poz. 2183;
2;115;OWADY (INSECTA);CHRZĄSZCZE (COLEOPTERA);biegacz gładki;Carabus glabratus;;czesciowa;;;Dz.U. 2016 poz. 2183;
2;116;OWADY (INSECTA);CHRZĄSZCZE (COLEOPTERA);biegacz pomarszczony;Carabus intricatus;;czesciowa;;;Dz.U. 2016 poz. 2183;
2;117;OWADY (INSECTA);CHRZĄSZCZE (COLEOPTERA);biegacz dołkowany;Carabus irregularis;;czesciowa;;;Dz.U. 2016 poz. 2183;
2;118;OWADY (INSECTA);CHRZĄSZCZE (COLEOPTERA);biegacz obrzeżony;Carabus marginalis;;czesciowa;;;Dz.U. 2016 poz. 2183;
2;119;OWADY (INSECTA);CHRZĄSZCZE (COLEOPTERA);biegacz Menetriesa;Carabus menetriesi;;czesciowa;;;Dz.U. 2016 poz. 2183;
2;120;OWADY (INSECTA);CHRZĄSZCZE (COLEOPTERA);biegacz szykowny;Carabus nitens;;czesciowa;;;Dz.U. 2016 poz. 2183;
2;121;OWADY (INSECTA);CHRZĄSZCZE (COLEOPTERA);biegacz karpacki;Carabus obsoletus;;czesciowa;;;Dz.U. 2016 poz. 2183;
2;122;OWADY (INSECTA);CHRZĄSZCZE (COLEOPTERA);biegacz problematyczny;Carabus problematicus;;czesciowa;;;Dz.U. 2016 poz. 2183;
2;123;OWADY (INSECTA);CHRZĄSZCZE (COLEOPTERA);biegacz stepowy;Carabus scabriusculus;;czesciowa;;;Dz.U. 2016 poz. 2183;
2;124;OWADY (INSECTA);CHRZĄSZCZE (COLEOPTERA);biegacz Scheidlera;Carabus scheidleri;;czesciowa;;;Dz.U. 2016 poz. 2183;
2;125;OWADY (INSECTA);CHRZĄSZCZE (COLEOPTERA);biegacz leśny;Carabus sylvestris;;czesciowa;;;Dz.U. 2016 poz. 2183;
2;126;OWADY (INSECTA);CHRZĄSZCZE (COLEOPTERA);biegacz transylwański;Carabus transylvanicus;;czesciowa;;;Dz.U. 2016 poz. 2183;
2;127;OWADY (INSECTA);CHRZĄSZCZE (COLEOPTERA);biegacz Ulricha;Carabus ulrichii;;czesciowa;;;Dz.U. 2016 poz. 2183;
2;128;OWADY (INSECTA);CHRZĄSZCZE (COLEOPTERA);dąbrowiec samotnik;Akimerus schaefferi;;czesciowa;;;Dz.U. 2016 poz. 2183;
2;129;OWADY (INSECTA);CHRZĄSZCZE (COLEOPTERA);kozioróg bukowiec;Cerambyx scopolii;;czesciowa;;;Dz.U. 2016 poz. 2183;
2;130;OWADY (INSECTA);CHRZĄSZCZE (COLEOPTERA);taraniec płowy;Dorcadion fulvum;;czesciowa;;;Dz.U. 2016 poz. 2183;
2;131;OWADY (INSECTA);CHRZĄSZCZE (COLEOPTERA);taraniec jedwabisty;Dorcadion holosericeum;;czesciowa;;;Dz.U. 2016 poz. 2183;
2;132;OWADY (INSECTA);CHRZĄSZCZE (COLEOPTERA);taraniec paskowany;Dorcadion scopoli;;czesciowa;;;Dz.U. 2016 poz. 2183;
2;133;OWADY (INSECTA);CHRZĄSZCZE (COLEOPTERA);zmorsznik olbrzymi;Macroleptura thoracica;;czesciowa;;;Dz.U. 2016 poz. 2183;
2;134;OWADY (INSECTA);CHRZĄSZCZE (COLEOPTERA);zmorsznik białowieski;Stictoleptura variicornis;;czesciowa;;;Dz.U. 2016 poz. 2183;
2;135;OWADY (INSECTA);CHRZĄSZCZE (COLEOPTERA);gracz borowy;Tragosoma depsarium;;czesciowa;;;Dz.U. 2016 poz. 2183;
2;136;OWADY (INSECTA);CHRZĄSZCZE (COLEOPTERA);jeziornica rdestnicowa;Macroplea appendiculata;;czesciowa;;;Dz.U. 2016 poz. 2183;
2;137;OWADY (INSECTA);CHRZĄSZCZE (COLEOPTERA);jeziornica rupiowa;Macroplea mutica;;czesciowa;;;Dz.U. 2016 poz. 2183;
2;138;OWADY (INSECTA);CHRZĄSZCZE (COLEOPTERA);pływak lapoński;Dytiscus lapponicus;;czesciowa;;;Dz.U. 2016 poz. 2183;
2;139;OWADY (INSECTA);CHRZĄSZCZE (COLEOPTERA);tęgosz rdzawy;Elater ferrugineus;;czesciowa;;;Dz.U. 2016 poz. 2183;
2;140;OWADY (INSECTA);CHRZĄSZCZE (COLEOPTERA);pilnicznik fiołkowy;Limoniscus violaceus;;czesciowa;;;Dz.U. 2016 poz. 2183;
2;141;OWADY (INSECTA);CHRZĄSZCZE (COLEOPTERA);dębosz;Aesalus scarabaeoide;;czesciowa;;;Dz.U. 2016 poz. 2183;
2;142;OWADY (INSECTA);CHRZĄSZCZE (COLEOPTERA);wynurt;Ceruchus chrysomelinus;;czesciowa;;;Dz.U. 2016 poz. 2183;
2;143;OWADY (INSECTA);CHRZĄSZCZE (COLEOPTERA);jelonek rogacz;Lucanus cervus;;czesciowa;;;Dz.U. 2016 poz. 2183;
2;144;OWADY (INSECTA);CHRZĄSZCZE (COLEOPTERA);wygonak;Ochodaeus chrysomeloides;;czesciowa;;;Dz.U. 2016 poz. 2183;
2;145;OWADY (INSECTA);CHRZĄSZCZE (COLEOPTERA);kwietnica okazała;Protaetia aeruginosa;;czesciowa;;;Dz.U. 2016 poz. 2183;
2;146;OWADY (INSECTA);CHRZĄSZCZE (COLEOPTERA);**;Velleius dilatatus;;czesciowa;;;Dz.U. 2016 poz. 2183;
2;147;OWADY (INSECTA);BŁONKOSKRZYDŁE (HYMENOPTERA);porobnica mularka;Anthophora parietina;;czesciowa;;;Dz.U. 2016 poz. 2183;
2;148;OWADY (INSECTA);BŁONKOSKRZYDŁE (HYMENOPTERA);porobnica włochatka;Anthophora plumipes;;czesciowa;;;Dz.U. 2016 poz. 2183;
2;149;OWADY (INSECTA);BŁONKOSKRZYDŁE (HYMENOPTERA);porobnica opylona;Anthophora pubescens;;czesciowa;;;Dz.U. 2016 poz. 2183;
2;150;OWADY (INSECTA);BŁONKOSKRZYDŁE (HYMENOPTERA);trzmiel wielkooki;Bombus confusus;;czesciowa;;;Dz.U. 2016 poz. 2183;
2;151;OWADY (INSECTA);BŁONKOSKRZYDŁE (HYMENOPTERA);trzmiel ozdobny;Bombus distinguendus;;czesciowa;;;Dz.U. 2016 poz. 2183;
2;152;OWADY (INSECTA);BŁONKOSKRZYDŁE (HYMENOPTERA);trzmiel wyżynny;Bombus elegans;;czesciowa;;;Dz.U. 2016 poz. 2183;
2;153;OWADY (INSECTA);BŁONKOSKRZYDŁE (HYMENOPTERA);trzmiel olbrzymi;Bombus fragrans;;czesciowa;;;Dz.U. 2016 poz. 2183;
2;154;OWADY (INSECTA);BŁONKOSKRZYDŁE (HYMENOPTERA);trzmiel ogrodowy;Bombus hortorum;;czesciowa;;;Dz.U. 2016 poz. 2183;
2;155;OWADY (INSECTA);BŁONKOSKRZYDŁE (HYMENOPTERA);trzmiel zmienny;Bombus humilis;;czesciowa;;;Dz.U. 2016 poz. 2183;
2;156;OWADY (INSECTA);BŁONKOSKRZYDŁE (HYMENOPTERA);trzmiel parkowy;Bombus hypnorum;;czesciowa;;;Dz.U. 2016 poz. 2183;
2;157;OWADY (INSECTA);BŁONKOSKRZYDŁE (HYMENOPTERA);trzmiel tajgowy;Bombus jonellus;;czesciowa;;;Dz.U. 2016 poz. 2183;
2;158;OWADY (INSECTA);BŁONKOSKRZYDŁE (HYMENOPTERA);trzmiel stepowy;Bombus laesus;;czesciowa;;;Dz.U. 2016 poz. 2183;
2;159;OWADY (INSECTA);BŁONKOSKRZYDŁE (HYMENOPTERA);trzmiel kamiennik;Bombus lapidarius;;czesciowa;;;Dz.U. 2016 poz. 2183;
2;160;OWADY (INSECTA);BŁONKOSKRZYDŁE (HYMENOPTERA);trzmiel gajowy;Bombus lucorum;;czesciowa;;;Dz.U. 2016 poz. 2183;
2;161;OWADY (INSECTA);BŁONKOSKRZYDŁE (HYMENOPTERA);trzmiel grzbietoplamy;Bombus maculidorsis;;czesciowa;;;Dz.U. 2016 poz. 2183;
2;162;OWADY (INSECTA);BŁONKOSKRZYDŁE (HYMENOPTERA);trzmiel żółty;Bombus muscorum;;czesciowa;;;Dz.U. 2016 poz. 2183;
2;163;OWADY (INSECTA);BŁONKOSKRZYDŁE (HYMENOPTERA);trzmiel rudy;Bombus pascuorum;;czesciowa;;;Dz.U. 2016 poz. 2183;
2;164;OWADY (INSECTA);BŁONKOSKRZYDŁE (HYMENOPTERA);trzmiel rdzawoodwłokowy;Bombus pomorum;;czesciowa;;;Dz.U. 2016 poz. 2183;
2;165;OWADY (INSECTA);BŁONKOSKRZYDŁE (HYMENOPTERA);trzmiel leśny;Bombus pratorum;;czesciowa;;;Dz.U. 2016 poz. 2183;
2;166;OWADY (INSECTA);BŁONKOSKRZYDŁE (HYMENOPTERA);trzmiel pirenejski;Bombus pyrenaeus;;czesciowa;;;Dz.U. 2016 poz. 2183;
2;167;OWADY (INSECTA);BŁONKOSKRZYDŁE (HYMENOPTERA);trzmiel rudonogi;Bombus ruderarius;;czesciowa;;;Dz.U. 2016 poz. 2183;
2;168;OWADY (INSECTA);BŁONKOSKRZYDŁE (HYMENOPTERA);trzmiel ciemnopasy;Bombus ruderatus;;czesciowa;;;Dz.U. 2016 poz. 2183;
2;169;OWADY (INSECTA);BŁONKOSKRZYDŁE (HYMENOPTERA);trzmiel czarnopaskowany;Bombus schrencki;;czesciowa;;;Dz.U. 2016 poz. 2183;
2;170;OWADY (INSECTA);BŁONKOSKRZYDŁE (HYMENOPTERA);trzmiel wschodni;Bombus semenoviellus;;czesciowa;;;Dz.U. 2016 poz. 2183;
2;171;OWADY (INSECTA);BŁONKOSKRZYDŁE (HYMENOPTERA);trzmiel żółtopasy;Bombus sichelii;;czesciowa;;;Dz.U. 2016 poz. 2183;
2;172;OWADY (INSECTA);BŁONKOSKRZYDŁE (HYMENOPTERA);trzmiel różnobarwny;Bombus soroeensis;;czesciowa;;;Dz.U. 2016 poz. 2183;
2;173;OWADY (INSECTA);BŁONKOSKRZYDŁE (HYMENOPTERA);trzmiel paskowany;Bombus subterraneus;;czesciowa;;;Dz.U. 2016 poz. 2183;
2;174;OWADY (INSECTA);BŁONKOSKRZYDŁE (HYMENOPTERA);trzmiel rudoszary;Bombus sylvarum;;czesciowa;;;Dz.U. 2016 poz. 2183;
2;175;OWADY (INSECTA);BŁONKOSKRZYDŁE (HYMENOPTERA);trzmiel ziemny;Bombus terrestris;;czesciowa;;;Dz.U. 2016 poz. 2183;
2;176;OWADY (INSECTA);BŁONKOSKRZYDŁE (HYMENOPTERA);trzmiel szary;Bombus veteranus;;czesciowa;;;Dz.U. 2016 poz. 2183;
2;177;OWADY (INSECTA);BŁONKOSKRZYDŁE (HYMENOPTERA);trzmiel sześciozębny;Bombus wurfleini;;czesciowa;;;Dz.U. 2016 poz. 2183;
2;178;OWADY (INSECTA);BŁONKOSKRZYDŁE (HYMENOPTERA);rozrożka chabrowa;Tetralonia dentata;;czesciowa;;;Dz.U. 2016 poz. 2183;
2;179;OWADY (INSECTA);BŁONKOSKRZYDŁE (HYMENOPTERA);zadrzechnia fioletowa;Xylocopa violacea;;czesciowa;;;Dz.U. 2016 poz. 2183;
2;180;OWADY (INSECTA);BŁONKOSKRZYDŁE (HYMENOPTERA);mrówka północna;Formica aquilonia;;czesciowa;;4;Dz.U. 2016 poz. 2183;
2;181;OWADY (INSECTA);BŁONKOSKRZYDŁE (HYMENOPTERA);mrówka smętnica;Formica lugubris;;czesciowa;;4;Dz.U. 2016 poz. 2183;
2;182;OWADY (INSECTA);BŁONKOSKRZYDŁE (HYMENOPTERA);mrówka ćmawa;Formica polyctena;;czesciowa;;4;Dz.U. 2016 poz. 2183;
2;183;OWADY (INSECTA);BŁONKOSKRZYDŁE (HYMENOPTERA);mrówka łąkowa;Formica pratensis;;czesciowa;;4;Dz.U. 2016 poz. 2183;
2;184;OWADY (INSECTA);BŁONKOSKRZYDŁE (HYMENOPTERA);mrówka rudnica (m. ruda);Formica rufa;;czesciowa;;4;Dz.U. 2016 poz. 2183;
2;185;OWADY (INSECTA);BŁONKOSKRZYDŁE (HYMENOPTERA);mrówka pniakowa;Formica truncorum;;czesciowa;;4;Dz.U. 2016 poz. 2183;
2;186;OWADY (INSECTA);MOTYLE (LEPIDOPTERA);modraszek alkon;Phengaris alcon;Maculinea alcon;czesciowa;;;Dz.U. 2016 poz. 2183;
2;187;OWADY (INSECTA);MOTYLE (LEPIDOPTERA);modraszek Rebela;Maculinea rebeli;;czesciowa;;;Dz.U. 2016 poz. 2183;
2;188;OWADY (INSECTA);MOTYLE (LEPIDOPTERA);modraszek bagniczek;Plebeius optilete;;czesciowa;;;Dz.U. 2016 poz. 2183;
2;189;OWADY (INSECTA);MOTYLE (LEPIDOPTERA);modraszek orion;Scolitantides orion;;czesciowa;;;Dz.U. 2016 poz. 2183;
2;190;OWADY (INSECTA);MOTYLE (LEPIDOPTERA);wstęgówka bagienka;Catocala pacta;;czesciowa;;;Dz.U. 2016 poz. 2183;
2;191;OWADY (INSECTA);MOTYLE (LEPIDOPTERA);dostojka akwilonaris;Boloria aquilonaris;;czesciowa;;;Dz.U. 2016 poz. 2183;
2;192;OWADY (INSECTA);MOTYLE (LEPIDOPTERA);dostojka eunomia;Boloria eunomia;;czesciowa;;;Dz.U. 2016 poz. 2183;
2;193;OWADY (INSECTA);MOTYLE (LEPIDOPTERA);skalnik bryzeida;Chazara briseis;;czesciowa;;;Dz.U. 2016 poz. 2183;
2;194;OWADY (INSECTA);MOTYLE (LEPIDOPTERA);strzępotek soplaczek;Coenonympha tullia;;czesciowa;;;Dz.U. 2016 poz. 2183;
2;195;OWADY (INSECTA);MOTYLE (LEPIDOPTERA);skalnik alcyona;Hipparchia alcyone;;czesciowa;;;Dz.U. 2016 poz. 2183;
2;196;OWADY (INSECTA);MOTYLE (LEPIDOPTERA);skalnik driada;Minois dryas;;czesciowa;;;Dz.U. 2016 poz. 2183;
2;197;OWADY (INSECTA);MOTYLE (LEPIDOPTERA);pasyn lucylla;Neptis rivularis;;czesciowa;;;Dz.U. 2016 poz. 2183;
2;198;OWADY (INSECTA);MOTYLE (LEPIDOPTERA);mszarnik jutta;Oeneis jutta;;czesciowa;;;Dz.U. 2016 poz. 2183;
2;199;OWADY (INSECTA);MOTYLE (LEPIDOPTERA);przestrojnik titonus;Pyronia tithonus;;czesciowa;;;Dz.U. 2016 poz. 2183;
2;200;OWADY (INSECTA);MOTYLE (LEPIDOPTERA);paź żeglarz;Iphiclides podalirius;;czesciowa;;;Dz.U. 2016 poz. 2183;
2;201;OWADY (INSECTA);MOTYLE (LEPIDOPTERA);szlaczkoń torfowiec;Colias palaeno;;czesciowa;;;Dz.U. 2016 poz. 2183;
2;202;OWADY (INSECTA);WAŻKI (ODONATA);żagnica torfowcowa;Aeshna subarctica;;czesciowa;;;Dz.U. 2016 poz. 2183;
2;203;OWADY (INSECTA);WAŻKI (ODONATA);łątka zielona;Coenagrion armatum;;czesciowa;;;Dz.U. 2016 poz. 2183;
2;204;OWADY (INSECTA);WAŻKI (ODONATA);szklarnik leśny;Cordulegaster boltonii;;czesciowa;;;Dz.U. 2016 poz. 2183;
2;205;OWADY (INSECTA);WAŻKI (ODONATA);miedziopierś górska;Somatochlora alpestris;;czesciowa;;;Dz.U. 2016 poz. 2183;
2;206;OWADY (INSECTA);WAŻKI (ODONATA);miedziopierś północna;Somatochlora arctica;;czesciowa;;;Dz.U. 2016 poz. 2183;
2;207;OWADY (INSECTA);WAŻKI (ODONATA);gadziogłówka żółtonoga;Gomphus flavipes;;czesciowa;;1;Dz.U. 2016 poz. 2183;
2;208;OWADY (INSECTA);WAŻKI (ODONATA);straszka północna;Sympecma paedisca;;czesciowa;;1;Dz.U. 2016 poz. 2183;
2;209;OWADY (INSECTA);CHRUŚCIKI (TRICHOPTERA);krynicznia wilgotka;Crunoecia irrorata;;czesciowa;;;Dz.U. 2016 poz. 2183;
2;210;SIODEŁKOWCE (CLITELLATA);** (ARHYNCHOBDELLIDA);pijawka lekarska;Hirudo medicinalis;;czesciowa;;4;Dz.U. 2016 poz. 2183;
2;211;;inne gatunki;gatunki wymienione w załączniku IV do dyrektywy Rady 92/43/EWG z dnia 21 maja 1992 r. w sprawie ochrony siedlisk przyrodniczych oraz dzikiej fauny i flory (Dz. Urz. WE L 206 z 22.07.1992, str. 7, z późn. zm.) - inne niż gatunki objęte ochroną ścisłą na podstawie załącznika nr 1 do rozporządzenia oraz inne niż gatunki objęte ochroną częściową wymienione w lp. 1-210;;;czesciowa;;;Dz.U. 2016 poz. 2183;"pozycja zbiorcza; osobny reżim zakazów wg § 8 ust. 2"
3;1;SSAKI (MAMMALIA);GRYZONIE (RODENTIA);bóbr europejski;Castor fiber;;czesciowa_pozyskiwanie;;;Dz.U. 2016 poz. 2183;
3;2;ŚLIMAKI (GASTROPODA);PŁUCODYSZNE (PULMONATA);ślimak winniczek;Helix pomatia;;czesciowa_pozyskiwanie;;;Dz.U. 2016 poz. 2183;
