GRUPA,MD5,ROZMIAR,SCIEZKA,MTIME
1,ce0745923e7e236ee7d199a1182e0b09,9289917,/home/piotr/Pobrane/Gemini_Generated_Image_qggsj6qggsj6qggs (1).png,2026-06-01 15:13:51
1,ce0745923e7e236ee7d199a1182e0b09,9289917,/home/piotr/Pobrane/Gemini_Generated_Image_qggsj6qggsj6qggs.png,2026-06-01 15:13:19
2,f205a8ea19cd2c241fb0e223b8b9cf9f,6979152,/home/piotr/Pobrane/Mapa kolor wydruk(1).png,2025-10-21 10:17:05
2,f205a8ea19cd2c241fb0e223b8b9cf9f,6979152,/home/piotr/Pobrane/Mapa kolor wydruk(2).png,2025-10-29 15:52:22
2,f205a8ea19cd2c241fb0e223b8b9cf9f,6979152,/home/piotr/Pobrane/Mapa kolor wydruk(3).png,2025-10-29 15:54:45
2,f205a8ea19cd2c241fb0e223b8b9cf9f,6979152,/home/piotr/Pobrane/Mapa kolor wydruk.png,2025-10-21 10:16:15
3,93ec2ed2476e0ec02a3721cebc0563dd,6810734,/DATA/APPL/ZZW_Parki_2026/DATA/FOT/PTR/20260713_114626.jpg,2026-07-13 11:46:32
3,93ec2ed2476e0ec02a3721cebc0563dd,6810734,/home/piotr/Pobrane/20260713_114626.jpg,2026-07-15 13:14:10
4,5e6e14cf785549a55e6b84f00c48a832,6063188,/home/piotr/Pobrane/Warszawa BEMOWO.png obrazy_3(1).png,2025-10-29 17:15:22
4,5e6e14cf785549a55e6b84f00c48a832,6063188,/home/piotr/Pobrane/Warszawa BEMOWO.png obrazy_3.png,2025-10-29 16:24:06
5,6d834bfe6ffb7991851e1d83e0768280,5655965,/home/piotr/Pobrane/drzewa warszawa (1).png,2026-01-15 10:42:59
5,6d834bfe6ffb7991851e1d83e0768280,5655965,/home/piotr/Pobrane/drzewa warszawa.png,2025-10-29 16:06:56
6,d6460bc3c3cca78a793783895e4c8b70,4638670,/DATA/APPL/ZZW_Parki_2026/DATA/FOT/PTR/20260713_114511.jpg,2026-07-13 11:45:12
6,d6460bc3c3cca78a793783895e4c8b70,4638670,/home/piotr/Pobrane/20260713_114511.jpg,2026-07-15 13:14:05
7,501a06c56188fd360cd68855bf28ee69,4094486,/DATA/APPL/ZZW_Parki_2026/DATA/FOT/PTR/20260713_114600.jpg,2026-07-13 11:46:02
7,501a06c56188fd360cd68855bf28ee69,4094486,/home/piotr/Pobrane/20260713_114600.jpg,2026-07-15 13:14:10
8,98ae4397fb871ff2d7b6aaab38175837,3909769,/home/piotr/Pobrane/podstawy systemów informacji geograficznej zadanie 2 1na5(1).jpeg,2025-10-29 17:04:19
8,98ae4397fb871ff2d7b6aaab38175837,3909769,/home/piotr/Pobrane/podstawy systemów informacji geograficznej zadanie 2 1na5(2).jpeg,2025-10-29 17:04:56
8,98ae4397fb871ff2d7b6aaab38175837,3909769,/home/piotr/Pobrane/podstawy systemów informacji geograficznej zadanie 2 1na5.jpeg,2025-10-29 17:04:14
9,cc5418f96ccbf9af44106f2f731392bf,3266355,/DATA/APPL/ZZW_Parki_2026/DATA/FOT/PTR/20260713_120921.jpg,2026-07-13 12:09:22
9,cc5418f96ccbf9af44106f2f731392bf,3266355,/home/piotr/Pobrane/20260713_120921.jpg,2026-07-15 13:14:20
10,48c6811bb7dfc7f1d04d1d38682d9ac1,3214962,/DATA/APPL/ZZW_Parki_2026/DATA/FOT/PTR/20260713_120410.jpg,2026-07-13 12:04:11
10,48c6811bb7dfc7f1d04d1d38682d9ac1,3214962,/home/piotr/Pobrane/20260713_120410.jpg,2026-07-15 13:14:17
11,91496b5b4d5c770095041902d50a0d8e,3208995,/DATA/APPL/ZZW_Parki_2026/DATA/FOT/PTR/20260713_115146.jpg,2026-07-13 11:51:47
11,91496b5b4d5c770095041902d50a0d8e,3208995,/home/piotr/Pobrane/20260713_115146.jpg,2026-07-15 13:14:17
12,c8a6eff5d7e1b14f4098bf37b9e309e0,3132952,/DATA/APPL/ZZW_Parki_2026/DATA/FOT/PTR/20260713_114807.jpg,2026-07-13 11:48:07
12,c8a6eff5d7e1b14f4098bf37b9e309e0,3132952,/home/piotr/Pobrane/20260713_114807.jpg,2026-07-15 13:14:11
13,6e47b494f603b6e5fe92a95c4a95a91d,3119372,/DATA/APPL/ZZW_Parki_2026/DATA/FOT/PTR/20260713_120923.jpg,2026-07-13 12:09:23
13,6e47b494f603b6e5fe92a95c4a95a91d,3119372,/home/piotr/Pobrane/20260713_120923.jpg,2026-07-15 13:14:20
14,49ba13845d7ad451b7536b4ed08f643b,3100038,/DATA/APPL/ZZW_Parki_2026/DATA/FOT/PTR/20260713_114955.jpg,2026-07-13 11:49:56
14,49ba13845d7ad451b7536b4ed08f643b,3100038,/home/piotr/Pobrane/20260713_114955.jpg,2026-07-15 13:14:14
15,dca5b1ef600f7ec8c12d7d4d959e4737,3093935,/DATA/APPL/ZZW_Parki_2026/DATA/FOT/PTR/20260713_112800.jpg,2026-07-13 11:28:01
15,dca5b1ef600f7ec8c12d7d4d959e4737,3093935,/home/piotr/Pobrane/20260713_112800.jpg,2026-07-15 13:13:55
16,e0fd5e06149197119e218cf6602397e9,3079055,/DATA/APPL/ZZW_Parki_2026/DATA/FOT/PTR/20260713_114813.jpg,2026-07-13 11:48:14
16,e0fd5e06149197119e218cf6602397e9,3079055,/home/piotr/Pobrane/20260713_114813.jpg,2026-07-15 13:14:11
17,eaf4b3b3786b9a455d7b6f989a7b1dd0,3053416,/DATA/APPL/ZZW_Parki_2026/DATA/FOT/PTR/20260713_114825.jpg,2026-07-13 11:48:25
17,eaf4b3b3786b9a455d7b6f989a7b1dd0,3053416,/home/piotr/Pobrane/20260713_114825.jpg,2026-07-15 13:14:12
18,bfea6684a913e6a3f5aee31691743d94,3046025,/DATA/APPL/ZZW_Parki_2026/DATA/FOT/PTR/20260713_120929.jpg,2026-07-13 12:09:30
18,bfea6684a913e6a3f5aee31691743d94,3046025,/home/piotr/Pobrane/20260713_120929.jpg,2026-07-15 13:14:20
19,7f88f748c778d392353542a236638607,3031896,/DATA/APPL/ZZW_Parki_2026/DATA/FOT/PTR/20260713_120444.jpg,2026-07-13 12:04:45
19,7f88f748c778d392353542a236638607,3031896,/home/piotr/Pobrane/20260713_120444.jpg,2026-07-15 13:14:20
20,6d7683f15dd871f62c3ca1c2c12e45b0,3027329,/DATA/APPL/ZZW_Parki_2026/DATA/FOT/PTR/20260713_114944.jpg,2026-07-13 11:49:45
20,6d7683f15dd871f62c3ca1c2c12e45b0,3027329,/home/piotr/Pobrane/20260713_114944.jpg,2026-07-15 13:14:13
21,56b39aac64e29d3cd06da20d32b51909,3024950,/DATA/APPL/ZZW_Parki_2026/DATA/FOT/PTR/20260713_114249.jpg,2026-07-13 11:42:50
21,56b39aac64e29d3cd06da20d32b51909,3024950,/home/piotr/Pobrane/20260713_114249.jpg,2026-07-15 13:14:04
22,1ede91fdfef8dba6a6781706fcd6b30f,2991158,/DATA/APPL/ZZW_Parki_2026/DATA/FOT/PTR/20260713_114246.jpg,2026-07-13 11:42:47
22,1ede91fdfef8dba6a6781706fcd6b30f,2991158,/home/piotr/Pobrane/20260713_114246.jpg,2026-07-15 13:14:03
23,a276627c65e6fa8fe9650087095078bb,2987786,/DATA/APPL/ZZW_Parki_2026/DATA/FOT/PTR/20260713_114840.jpg,2026-07-13 11:48:41
23,a276627c65e6fa8fe9650087095078bb,2987786,/home/piotr/Pobrane/20260713_114840.jpg,2026-07-15 13:14:12
24,82729cb47647651469a9988f88b6645a,2981644,/DATA/APPL/ZZW_Parki_2026/DATA/FOT/PTR/20260713_110919.jpg,2026-07-13 11:09:20
24,82729cb47647651469a9988f88b6645a,2981644,/home/piotr/Pobrane/20260713_110919.jpg,2026-07-15 13:13:52
25,8160660ca74185872aa80adaa995d89b,2950104,/DATA/APPL/ZZW_Parki_2026/DATA/FOT/PTR/20260713_115039.jpg,2026-07-13 11:50:40
25,8160660ca74185872aa80adaa995d89b,2950104,/home/piotr/Pobrane/20260713_115039.jpg,2026-07-15 13:14:15
26,6abbf86f1cfc3c134b17c2051164aeb1,2928748,/DATA/APPL/ZZW_Parki_2026/DATA/FOT/PTR/20260713_114522.jpg,2026-07-13 11:45:23
26,6abbf86f1cfc3c134b17c2051164aeb1,2928748,/home/piotr/Pobrane/20260713_114522.jpg,2026-07-15 13:14:06
27,cc5a58c47510cf90b7d178d7d87fe090,2902079,/DATA/APPL/ZZW_Parki_2026/DATA/FOT/PTR/20260713_110951.jpg,2026-07-13 11:09:52
27,cc5a58c47510cf90b7d178d7d87fe090,2902079,/home/piotr/Pobrane/20260713_110951.jpg,2026-07-15 13:13:53
28,74edde2f1de319e98a1fae30a2d51b33,2873017,/DATA/APPL/ZZW_Parki_2026/DATA/FOT/PTR/20260713_112903.jpg,2026-07-13 11:29:04
28,74edde2f1de319e98a1fae30a2d51b33,2873017,/home/piotr/Pobrane/20260713_112903.jpg,2026-07-15 13:13:58
29,7743cea9b932e866366c6a6dd229f070,2867902,/DATA/APPL/ZZW_Parki_2026/DATA/FOT/PTR/20260713_110958.jpg,2026-07-13 11:09:58
29,7743cea9b932e866366c6a6dd229f070,2867902,/home/piotr/Pobrane/20260713_110958.jpg,2026-07-15 13:13:55
30,0038dafca5566c2450aced0ab0e5fc3c,2863718,/DATA/APPL/ZZW_Parki_2026/DATA/FOT/PTR/20260713_110947.jpg,2026-07-13 11:09:47
30,0038dafca5566c2450aced0ab0e5fc3c,2863718,/home/piotr/Pobrane/20260713_110947.jpg,2026-07-15 13:13:53
31,c0ca2f0c70dbd85d88b3405b327e3884,2861831,/DATA/APPL/ZZW_Parki_2026/DATA/FOT/PTR/20260713_114756.jpg,2026-07-13 11:47:57
31,c0ca2f0c70dbd85d88b3405b327e3884,2861831,/home/piotr/Pobrane/20260713_114756.jpg,2026-07-15 13:14:10
32,b76254c9dd9bdf804c02794fdc6d1601,2855944,/DATA/APPL/ZZW_Parki_2026/DATA/FOT/PTR/20260713_120427.jpg,2026-07-13 12:04:28
32,b76254c9dd9bdf804c02794fdc6d1601,2855944,/home/piotr/Pobrane/20260713_120427.jpg,2026-07-15 13:14:18
33,f95e5d1c296a6f25106fcd3739975afe,2854228,/DATA/APPL/ZZW_Parki_2026/DATA/FOT/PTR/20260713_114526.jpg,2026-07-13 11:45:26
33,f95e5d1c296a6f25106fcd3739975afe,2854228,/home/piotr/Pobrane/20260713_114526.jpg,2026-07-15 13:14:07
34,3f936b2a53c66b0f8a03cd8f84c57519,2851717,/DATA/APPL/ZZW_Parki_2026/DATA/FOT/PTR/20260713_114523.jpg,2026-07-13 11:45:24
34,3f936b2a53c66b0f8a03cd8f84c57519,2851717,/home/piotr/Pobrane/20260713_114523.jpg,2026-07-15 13:14:06
35,7960ecf6b8fbd952254cd55f8146922a,2836405,/DATA/APPL/ZZW_Parki_2026/DATA/FOT/PTR/20260713_110953.jpg,2026-07-13 11:09:54
35,7960ecf6b8fbd952254cd55f8146922a,2836405,/home/piotr/Pobrane/20260713_110953.jpg,2026-07-15 13:13:54
36,556d972acca3d5d6ecd5b0fb38bb6f8e,2827218,/DATA/APPL/ZZW_Parki_2026/DATA/FOT/PTR/20260713_112829.jpg,2026-07-13 11:28:29
36,556d972acca3d5d6ecd5b0fb38bb6f8e,2827218,/home/piotr/Pobrane/20260713_112829.jpg,2026-07-15 13:13:57
37,4531697888e05a5fd020ad71148483eb,2813667,/DATA/APPL/ZZW_Parki_2026/DATA/FOT/PTR/20260713_110903.jpg,2026-07-13 11:09:04
37,4531697888e05a5fd020ad71148483eb,2813667,/home/piotr/Pobrane/20260713_110903.jpg,2026-07-15 13:13:51
38,d003e52db2f2356e03fd654945182c51,2800842,/DATA/APPL/ZZW_Parki_2026/DATA/FOT/PTR/20260713_120909.jpg,2026-07-13 12:09:10
38,d003e52db2f2356e03fd654945182c51,2800842,/home/piotr/Pobrane/20260713_120909.jpg,2026-07-15 13:14:19
39,cae203d06cf40269ac38935c75d20b1b,2800589,/DATA/APPL/ZZW_Parki_2026/DATA/FOT/PTR/20260713_114532.jpg,2026-07-13 11:45:33
39,cae203d06cf40269ac38935c75d20b1b,2800589,/home/piotr/Pobrane/20260713_114532.jpg,2026-07-15 13:14:08
40,c66c2be245c487e8a919c87b7ef83ec9,2790090,/DATA/APPL/ZZW_Parki_2026/DATA/FOT/PTR/20260713_114536.jpg,2026-07-13 11:45:37
40,c66c2be245c487e8a919c87b7ef83ec9,2790090,/home/piotr/Pobrane/20260713_114536.jpg,2026-07-15 13:14:07
41,79a3f5e91d2a161837427bfe701162f1,2786575,/DATA/APPL/ZZW_Parki_2026/DATA/FOT/PTR/20260713_114904.jpg,2026-07-13 11:49:04
41,79a3f5e91d2a161837427bfe701162f1,2786575,/home/piotr/Pobrane/20260713_114904.jpg,2026-07-15 13:14:12
42,0cd08200998429cc735ba2ac7f125764,2786093,/DATA/APPL/ZZW_Parki_2026/DATA/FOT/PTR/20260713_112830.jpg,2026-07-13 11:28:31
42,0cd08200998429cc735ba2ac7f125764,2786093,/home/piotr/Pobrane/20260713_112830.jpg,2026-07-15 13:13:57
43,c7e872da5dcae853dfbef1bb42a5a524,2785947,/DATA/APPL/ZZW_Parki_2026/DATA/FOT/PTR/20260713_113142.jpg,2026-07-13 11:31:42
43,c7e872da5dcae853dfbef1bb42a5a524,2785947,/home/piotr/Pobrane/20260713_113142.jpg,2026-07-15 13:14:03
44,7cf6d8e0174dc8c5ef4d04d2ba3aacbd,2766239,/DATA/APPL/ZZW_Parki_2026/DATA/FOT/PTR/20260713_113150.jpg,2026-07-13 11:31:50
44,7cf6d8e0174dc8c5ef4d04d2ba3aacbd,2766239,/home/piotr/Pobrane/20260713_113150.jpg,2026-07-15 13:14:03
45,da7d9bca79e217e1abd717258d84d9f8,2765246,/DATA/APPL/ZZW_Parki_2026/DATA/FOT/PTR/20260713_110901.jpg,2026-07-13 11:09:02
45,da7d9bca79e217e1abd717258d84d9f8,2765246,/home/piotr/Pobrane/20260713_110901.jpg,2026-07-15 13:13:50
46,0468bc9693d4f7f03291fec860643a34,2760557,/DATA/APPL/ZZW_Parki_2026/DATA/FOT/PTR/20260713_122302.jpg,2026-07-13 12:23:02
46,0468bc9693d4f7f03291fec860643a34,2760557,/home/piotr/Pobrane/20260713_122302.jpg,2026-07-15 13:14:21
47,7ca18c74a6c9074d5252e571b33a0d63,2754143,/DATA/APPL/ZZW_Parki_2026/DATA/FOT/PTR/20260713_114258.jpg,2026-07-13 11:42:59
47,7ca18c74a6c9074d5252e571b33a0d63,2754143,/home/piotr/Pobrane/20260713_114258.jpg,2026-07-15 13:14:04
48,9a2e321dcac416c0166a65febdfa715b,2741170,/DATA/APPL/ZZW_Parki_2026/DATA/FOT/PTR/20260713_114558.jpg,2026-07-13 11:45:59
48,9a2e321dcac416c0166a65febdfa715b,2741170,/home/piotr/Pobrane/20260713_114558.jpg,2026-07-15 13:14:08
49,636763aa426c92b2f649dd8f272aad5a,2719379,/DATA/APPL/ZZW_Parki_2026/DATA/FOT/PTR/20260713_110949.jpg,2026-07-13 11:09:50
49,636763aa426c92b2f649dd8f272aad5a,2719379,/home/piotr/Pobrane/20260713_110949.jpg,2026-07-15 13:13:53
50,d892a988f58cc8ac552770b44be59a12,2705950,/DATA/APPL/ZZW_Parki_2026/DATA/FOT/PTR/20260713_115054.jpg,2026-07-13 11:50:55
50,d892a988f58cc8ac552770b44be59a12,2705950,/home/piotr/Pobrane/20260713_115054.jpg,2026-07-15 13:14:16
51,3b2cd91c13578417875e998e31d4ac10,2696271,/DATA/APPL/ZZW_Parki_2026/DATA/FOT/PTR/20260713_120416.jpg,2026-07-13 12:04:16
51,3b2cd91c13578417875e998e31d4ac10,2696271,/home/piotr/Pobrane/20260713_120416.jpg,2026-07-15 13:14:18
52,e7c15e1aa32cb4636877417fa301dcf7,2688241,/DATA/APPL/ZZW_Parki_2026/DATA/FOT/PTR/20260713_112919.jpg,2026-07-13 11:29:20
52,e7c15e1aa32cb4636877417fa301dcf7,2688241,/home/piotr/Pobrane/20260713_112919.jpg,2026-07-15 13:13:59
53,4ff34e16e815ef29e45d394ed1d8961f,2683222,/DATA/APPL/ZZW_Parki_2026/DATA/FOT/PTR/20260713_113046.jpg,2026-07-13 11:30:46
53,4ff34e16e815ef29e45d394ed1d8961f,2683222,/home/piotr/Pobrane/20260713_113046.jpg,2026-07-15 13:14:01
54,8c7bd0c14eee4653634def1718762e78,2681213,/DATA/APPL/ZZW_Parki_2026/DATA/FOT/PTR/20260713_114952.jpg,2026-07-13 11:49:53
54,8c7bd0c14eee4653634def1718762e78,2681213,/home/piotr/Pobrane/20260713_114952.jpg,2026-07-15 13:14:13
55,962981a38f90016608ad837bd4db0f3a,2678494,/DATA/APPL/ZZW_Parki_2026/DATA/FOT/PTR/20260713_114448.jpg,2026-07-13 11:44:50
55,962981a38f90016608ad837bd4db0f3a,2678494,/home/piotr/Pobrane/20260713_114448.jpg,2026-07-15 13:14:05
56,0f9677d0d0dc19d1f751713a2b2a9460,2678042,/DATA/APPL/ZZW_Parki_2026/DATA/FOT/PTR/20260713_112954.jpg,2026-07-13 11:29:54
56,0f9677d0d0dc19d1f751713a2b2a9460,2678042,/home/piotr/Pobrane/20260713_112954.jpg,2026-07-15 13:14:00
57,ecaf37c6c470ea67a2a2c93b2d7ffcbc,2672322,/DATA/APPL/ZZW_Parki_2026/DATA/FOT/PTR/20260713_115001.jpg,2026-07-13 11:50:01
57,ecaf37c6c470ea67a2a2c93b2d7ffcbc,2672322,/home/piotr/Pobrane/20260713_115001.jpg,2026-07-15 13:14:14
58,b457ed32deadc177a67d581da384fbe3,2657233,/DATA/APPL/ZZW_Parki_2026/DATA/FOT/PTR/20260713_113138.jpg,2026-07-13 11:31:39
58,b457ed32deadc177a67d581da384fbe3,2657233,/home/piotr/Pobrane/20260713_113138.jpg,2026-07-15 13:14:03
59,df3fa2236fae628ad28475f7164ae7ab,2648609,/DATA/APPL/ZZW_Parki_2026/DATA/FOT/PTR/20260713_110906.jpg,2026-07-13 11:09:06
59,df3fa2236fae628ad28475f7164ae7ab,2648609,/home/piotr/Pobrane/20260713_110906.jpg,2026-07-15 13:13:51
60,98e0a06e0b3e94eb32eebf82a5ddc88e,2640007,/DATA/APPL/ZZW_Parki_2026/DATA/FOT/PTR/20260713_115037.jpg,2026-07-13 11:50:38
60,98e0a06e0b3e94eb32eebf82a5ddc88e,2640007,/home/piotr/Pobrane/20260713_115037.jpg,2026-07-15 13:14:15
61,6afc270665136732018061a36d29892e,2632959,/home/piotr/Pobrane/Zrzut ekranu 2026-01-20 110950 (1).png,2026-02-16 19:11:58
61,6afc270665136732018061a36d29892e,2632959,/home/piotr/Pobrane/Zrzut ekranu 2026-01-20 110950.png,2026-02-03 12:52:58
62,3065b8f4e411c5e8877aa9e3f10034a4,2632097,/DATA/APPL/ZZW_Parki_2026/DATA/FOT/PTR/20260713_120846.jpg,2026-07-13 12:08:48
62,3065b8f4e411c5e8877aa9e3f10034a4,2632097,/home/piotr/Pobrane/20260713_120846.jpg,2026-07-15 13:14:19
63,5740df8a67cabcbd00b547f11052ae76,2628817,/DATA/APPL/ZZW_Parki_2026/DATA/FOT/PTR/20260713_115045.jpg,2026-07-13 11:50:45
63,5740df8a67cabcbd00b547f11052ae76,2628817,/home/piotr/Pobrane/20260713_115045.jpg,2026-07-15 13:14:16
64,fcb247b946f0a374d1d87f75ca943e9e,2579959,/DATA/APPL/ZZW_Parki_2026/DATA/FOT/PTR/20260713_115036.jpg,2026-07-13 11:50:37
64,fcb247b946f0a374d1d87f75ca943e9e,2579959,/home/piotr/Pobrane/20260713_115036.jpg,2026-07-15 13:14:15
65,fe7028ff71a00ad51b2d1ca3856cc926,2574268,/DATA/APPL/ZZW_Parki_2026/DATA/FOT/PTR/20260713_112832.jpg,2026-07-13 11:28:33
65,fe7028ff71a00ad51b2d1ca3856cc926,2574268,/home/piotr/Pobrane/20260713_112832.jpg,2026-07-15 13:13:57
66,e7a96c9d74060dc1ce501a50f053a2f1,2572101,/DATA/APPL/ZZW_Parki_2026/DATA/FOT/PTR/20260713_113028.jpg,2026-07-13 11:30:28
66,e7a96c9d74060dc1ce501a50f053a2f1,2572101,/home/piotr/Pobrane/20260713_113028.jpg,2026-07-15 13:14:01
67,b06ac89edaec5dddab332e9156917c92,2542281,/DATA/APPL/ZZW_Parki_2026/DATA/FOT/PTR/20260713_110936.jpg,2026-07-13 11:09:37
67,b06ac89edaec5dddab332e9156917c92,2542281,/home/piotr/Pobrane/20260713_110936.jpg,2026-07-15 13:13:53
68,4365da57f2fdcec0c4c2297bb41b99ae,2533167,/DATA/APPL/ZZW_Parki_2026/DATA/FOT/PTR/20260713_115004.jpg,2026-07-13 11:50:04
68,4365da57f2fdcec0c4c2297bb41b99ae,2533167,/home/piotr/Pobrane/20260713_115004.jpg,2026-07-15 13:14:15
69,fa9ad7b6b82e8b4faeb5d96bb46bbabb,2528224,/DATA/APPL/ZZW_Parki_2026/DATA/FOT/PTR/20260713_113020.jpg,2026-07-13 11:30:20
69,fa9ad7b6b82e8b4faeb5d96bb46bbabb,2528224,/home/piotr/Pobrane/20260713_113020.jpg,2026-07-15 13:14:00
70,a3fd57d2c88e13ce72553bb8b117c5ab,2499977,/DATA/APPL/ZZW_Parki_2026/DATA/FOT/PTR/20260713_114602.jpg,2026-07-13 11:46:04
70,a3fd57d2c88e13ce72553bb8b117c5ab,2499977,/home/piotr/Pobrane/20260713_114602.jpg,2026-07-15 13:14:08
71,60ecebc631dbbc3a460dc398bc576984,2483381,/home/piotr/Pobrane/mapaNMT (1) (1).png,2026-02-16 18:41:21
71,60ecebc631dbbc3a460dc398bc576984,2483381,/home/piotr/Pobrane/mapaNMT (1).png,2026-02-05 10:14:13
71,60ecebc631dbbc3a460dc398bc576984,2483381,/home/piotr/Pobrane/mapaNMT.png,2026-02-04 10:27:28
72,0cf0f5253385de8d80718724d7f3a3fc,2439582,/DATA/APPL/ZZW_Parki_2026/DATA/FOT/PTR/20260713_114440.jpg,2026-07-13 11:44:41
72,0cf0f5253385de8d80718724d7f3a3fc,2439582,/home/piotr/Pobrane/20260713_114440.jpg,2026-07-15 13:14:05
73,469f5b602f5fe35eb8e5cc3e9e01caac,2390128,/DATA/APPL/ZZW_Parki_2026/DATA/FOT/PTR/20260713_113023.jpg,2026-07-13 11:30:23
73,469f5b602f5fe35eb8e5cc3e9e01caac,2390128,/home/piotr/Pobrane/20260713_113023.jpg,2026-07-15 13:14:01
74,ccc05802fb81978cffa5b3ffee108acb,2366180,/DATA/APPL/ZZW_Parki_2026/DATA/FOT/PTR/20260713_113013.jpg,2026-07-13 11:30:13
74,ccc05802fb81978cffa5b3ffee108acb,2366180,/home/piotr/Pobrane/20260713_113013.jpg,2026-07-15 13:14:00
75,02d197a77d8efef3a2678cddd690a22c,2281396,/DATA/APPL/ZZW_Parki_2026/DATA/FOT/PTR/20260713_112922.jpg,2026-07-13 11:29:23
75,02d197a77d8efef3a2678cddd690a22c,2281396,/home/piotr/Pobrane/20260713_112922.jpg,2026-07-15 13:13:59
76,81a3481256718f105ec2fd725ded822e,2197905,/home/piotr/Pobrane/davinci_masterscript_ze_specyfikacj__projektu_wystawy__dla (1).png,2026-07-06 21:46:31
76,81a3481256718f105ec2fd725ded822e,2197905,/home/piotr/Pobrane/davinci_masterscript_ze_specyfikacj__projektu_wystawy__dla (3).png,2026-07-06 22:15:50
76,81a3481256718f105ec2fd725ded822e,2197905,/home/piotr/Pobrane/davinci_masterscript_ze_specyfikacj__projektu_wystawy__dla.png,2026-07-06 21:45:09
77,8ef74294ca565cc6449001c68a35f786,2172176,/home/piotr/Pobrane/22.10.2025 (1).png,2026-01-15 11:54:31
77,8ef74294ca565cc6449001c68a35f786,2172176,/home/piotr/Pobrane/22.10.2025.png,2026-01-15 11:51:01
78,7a2ece6c039e2720172dd422d31a4ba2,2092400,/DATA/APPL/ZZW_Parki_2026/DATA/FOT/PTR/20260713_114548.jpg,2026-07-13 11:45:49
78,7a2ece6c039e2720172dd422d31a4ba2,2092400,/home/piotr/Pobrane/20260713_114548.jpg,2026-07-15 13:14:07
79,236b7a27322fd13df41079c4a4aab209,2065716,/DATA/APPL/ZZW_Parki_2026/DATA/FOT/PTR/20260713_113052.jpg,2026-07-13 11:30:53
79,236b7a27322fd13df41079c4a4aab209,2065716,/home/piotr/Pobrane/20260713_113052.jpg,2026-07-15 13:14:02
80,064d041de68d9202574a1dc26b402f39,1933529,/home/piotr/Pobrane/2025-11-25.pikiety+warstwice.obraz1 (1).png,2026-01-20 08:22:15
80,064d041de68d9202574a1dc26b402f39,1933529,/home/piotr/Pobrane/2025-11-25.pikiety+warstwice.obraz1 (2).png,2026-02-06 11:47:57
80,064d041de68d9202574a1dc26b402f39,1933529,/home/piotr/Pobrane/2025-11-25.pikiety+warstwice.obraz1.png,2026-01-15 15:30:04
81,766a8b62db94790b8351f0462a806d4e,1785285,/home/piotr/Pobrane/20260117_113127-2.jpg,2026-01-17 11:38:53
81,766a8b62db94790b8351f0462a806d4e,1785285,/home/piotr/Pobrane/20260117_113127.jpg,2026-01-17 11:38:51
82,a9c0ed85446a6dffac0c7ed78fc3e38c,1261029,/home/piotr/Pobrane/zuziaaaaaaaaaaaaaaaaaaaaaaaaaaaaaaaaaaaaaaaaaaaaaaaaaaaa (1).png,2026-02-16 18:55:37
82,a9c0ed85446a6dffac0c7ed78fc3e38c,1261029,/home/piotr/Pobrane/zuziaaaaaaaaaaaaaaaaaaaaaaaaaaaaaaaaaaaaaaaaaaaaaaaaaaaa.png,2026-01-15 17:00:28
83,26dbc455b89f3aa7416801e42db525e8,1234554,/home/piotr/Pobrane/krzyski2 (1).png,2026-02-16 14:32:39
83,26dbc455b89f3aa7416801e42db525e8,1234554,/home/piotr/Pobrane/krzyski2.png,2026-02-16 14:28:34
84,9ced0c13a05a0c89c4066bc225df19d4,1190362,/home/piotr/Pobrane/mapa.obraz (1) (1).png,2026-02-16 18:41:13
84,9ced0c13a05a0c89c4066bc225df19d4,1190362,/home/piotr/Pobrane/mapa.obraz (1).png,2026-02-05 10:11:45
84,9ced0c13a05a0c89c4066bc225df19d4,1190362,/home/piotr/Pobrane/mapa.obraz.png,2026-02-04 10:26:19
85,e9c461bd0e367456e58010256a707c41,1156064,/home/piotr/Pobrane/Zadanie 5 punkty terenowe (1).png,2026-01-21 10:28:27
85,e9c461bd0e367456e58010256a707c41,1156064,/home/piotr/Pobrane/Zadanie 5 punkty terenowe (2).png,2026-01-21 10:32:49
85,e9c461bd0e367456e58010256a707c41,1156064,/home/piotr/Pobrane/Zadanie 5 punkty terenowe.png,2026-01-15 17:06:18
86,7dc865fbebfca212e280b730e7fdb082,793689,/home/piotr/Pobrane/zdjęcie z zajęć terenowych (1).png,2026-01-15 17:06:50
86,7dc865fbebfca212e280b730e7fdb082,793689,/home/piotr/Pobrane/zdjęcie z zajęć terenowych.png,2026-01-15 17:02:44
87,768114a22dc9db4977147efe3d7c2055,737526,/home/piotr/Pobrane/praca w terenie (1).png,2026-01-15 17:02:07
87,768114a22dc9db4977147efe3d7c2055,737526,/home/piotr/Pobrane/praca w terenie.png,2026-01-15 17:00:42
88,c74b497b9e164d30a442487d2f913ae9,505900,/home/piotr/Pobrane/zadanie5.4 (1).png,2026-01-15 17:03:32
88,c74b497b9e164d30a442487d2f913ae9,505900,/home/piotr/Pobrane/zadanie5.4.png,2026-01-15 17:00:17
89,ef637565f3a129ab572ffe7a3b0ffa96,479017,/home/piotr/Pobrane/Plan_de_Varsovie_dédié_à_[...]Ricaud_de_btv1b530391192_1(1).jpeg,2025-11-05 18:33:51
89,ef637565f3a129ab572ffe7a3b0ffa96,479017,/home/piotr/Pobrane/Plan_de_Varsovie_dédié_à_[...]Ricaud_de_btv1b530391192_1.jpeg,2025-11-05 18:33:51
90,19d0d8cd9a199586cad3a614ee969bfb,452070,"/home/piotr/Pobrane/Plan der Casimir-Kasernen, Warschau, Detail | Digitalisierung: Deutsche Fotothek | Datenpartner: Deutsche Fotothek | Lizenz: http:⁄⁄creativecommons.org⁄publicdomain⁄mark⁄1.0⁄ | URL: https:⁄⁄www.deutsche-digitale-bibliothek.de⁄item.jpeg",2025-11-03 20:42:34
90,19d0d8cd9a199586cad3a614ee969bfb,452070,/home/piotr/Pobrane/default(2).jpeg,2025-11-03 20:41:53
91,50cd18566aaa6d9936dc0b54e522f7dd,434087,/home/piotr/Pobrane/KUTE (1).png,2026-02-16 15:07:42
91,50cd18566aaa6d9936dc0b54e522f7dd,434087,/home/piotr/Pobrane/KUTE.png,2026-02-16 15:06:21
92,acac1a2eb9b1bcac9dfe8226a413e7b6,431341,/home/piotr/Pobrane/default(1).jpeg,2025-11-03 20:40:14
92,acac1a2eb9b1bcac9dfe8226a413e7b6,431341,/home/piotr/Pobrane/default.jpeg,2025-11-03 20:40:08
93,ca0030fdd74cb6d84c7de9e90a232da6,415219,/home/piotr/Pobrane/- obraz mapy z NMT z  warstwicami z niego otrzymanymi (1).png,2026-01-15 16:58:08
93,ca0030fdd74cb6d84c7de9e90a232da6,415219,/home/piotr/Pobrane/- obraz mapy z NMT z  warstwicami z niego otrzymanymi (2).png,2026-01-20 08:21:43
93,ca0030fdd74cb6d84c7de9e90a232da6,415219,/home/piotr/Pobrane/- obraz mapy z NMT z  warstwicami z niego otrzymanymi (3).png,2026-02-06 11:48:05
93,ca0030fdd74cb6d84c7de9e90a232da6,415219,/home/piotr/Pobrane/- obraz mapy z NMT z  warstwicami z niego otrzymanymi (4).png,2026-02-16 18:35:00
93,ca0030fdd74cb6d84c7de9e90a232da6,415219,/home/piotr/Pobrane/- obraz mapy z NMT z  warstwicami z niego otrzymanymi (5).png,2026-02-16 18:35:37
93,ca0030fdd74cb6d84c7de9e90a232da6,415219,/home/piotr/Pobrane/- obraz mapy z NMT z  warstwicami z niego otrzymanymi.png,2026-01-15 15:29:53
94,25e40097ecaa3b67f5203d9dbb7a81ab,394156,/home/piotr/Pobrane/Fig6_environmentality_EN (1).png,2026-07-17 14:03:10
94,25e40097ecaa3b67f5203d9dbb7a81ab,394156,/home/piotr/Pobrane/Fig6_environmentality_EN.png,2026-07-17 13:56:13
95,d25a38067f2f6077348ead42ff13c700,380696,/home/piotr/Pobrane/proximity_preview (1).png,2026-06-25 11:40:00
95,d25a38067f2f6077348ead42ff13c700,380696,/home/piotr/Pobrane/proximity_preview (2).png,2026-06-25 12:04:43
96,acebc007ed3e4eb6c869c2c3eefeddbe,206501,/home/piotr/Pobrane/zrzut (1).png,2026-04-08 10:10:30
96,acebc007ed3e4eb6c869c2c3eefeddbe,206501,/home/piotr/Pobrane/zrzut.png,2026-03-04 10:25:49
97,0f6aa3c149715ab4773db452f0f743cc,157649,/home/piotr/Pobrane/out (1).tif,2026-05-07 15:33:23
97,0f6aa3c149715ab4773db452f0f743cc,157649,/home/piotr/Pobrane/out (2).tif,2026-05-07 15:33:39
97,0f6aa3c149715ab4773db452f0f743cc,157649,/home/piotr/Pobrane/out (3).tif,2026-05-07 15:34:09
97,0f6aa3c149715ab4773db452f0f743cc,157649,/home/piotr/Pobrane/out (4).tif,2026-05-07 15:35:10
98,dabc8ab0d83e179e501ba3921d293734,155042,/home/piotr/Pobrane/1000032108 (1).jpg,2026-04-08 17:26:23
98,dabc8ab0d83e179e501ba3921d293734,155042,/home/piotr/Pobrane/1000032108.jpg,2026-04-08 17:26:09
99,58b821b2d667b9aa2d5e42625e257045,152774,/home/piotr/Pobrane/fig7_walidacja_1962 (1).pdf.png,2026-07-20 15:52:08
99,58b821b2d667b9aa2d5e42625e257045,152774,/home/piotr/Pobrane/fig7_walidacja_1962 (1).png,2026-07-20 15:52:08
99,58b821b2d667b9aa2d5e42625e257045,152774,/home/piotr/Pobrane/fig7_walidacja_1962.png,2026-07-20 15:41:37
100,1519c221769a1738c11f8fc684b7a2d7,151238,/home/piotr/Pobrane/sasiedzi_interakcja (1).png,2026-07-12 22:00:19
100,1519c221769a1738c11f8fc684b7a2d7,151238,/home/piotr/Pobrane/sasiedzi_interakcja.png,2026-06-15 18:57:24
101,da0bf7fcdbb074cec69a191b84b1537b,117706,/home/piotr/Pobrane/Zrzut ekranu 2026-03-11 104316 (1).png,2026-04-08 10:09:23
101,da0bf7fcdbb074cec69a191b84b1537b,117706,/home/piotr/Pobrane/Zrzut ekranu 2026-03-11 104316.png,2026-04-08 10:08:36
102,de49c645299a8a537dd0047f0a5cf83f,117561,/home/piotr/Pobrane/O Panie Ty nam dajesz 2 (1).png,2026-03-29 21:01:34
102,de49c645299a8a537dd0047f0a5cf83f,117561,/home/piotr/Pobrane/O Panie Ty nam dajesz 2 (2).png,2026-03-29 21:01:34
102,de49c645299a8a537dd0047f0a5cf83f,117561,/home/piotr/Pobrane/O Panie Ty nam dajesz 2.png,2026-03-29 21:01:34
103,e345d0869768a1e27a1d1426940b8dd3,99227,/home/piotr/Pobrane/autocad Mieszko Rak (1).png,2026-04-08 10:08:54
103,e345d0869768a1e27a1d1426940b8dd3,99227,/home/piotr/Pobrane/autocad Mieszko Rak.png,2026-04-08 10:07:51
104,a2b088c917590ccc7b36bc30e28dc5e2,83719,/home/piotr/Pobrane/Messenger_creation_72BECBFF-2C05-4DC6-B980-65C476E99C27-2.jpeg,2026-03-15 17:30:44
104,a2b088c917590ccc7b36bc30e28dc5e2,83719,/home/piotr/Pobrane/Messenger_creation_72BECBFF-2C05-4DC6-B980-65C476E99C27.jpeg,2026-03-15 17:29:49
105,943153f345033779ff4579505765e738,83700,/home/piotr/Pobrane/example_resolution_curves (1).png,2026-06-30 20:14:20
105,943153f345033779ff4579505765e738,83700,/home/piotr/Pobrane/example_resolution_curves.png,2026-06-30 18:30:02
106,cdbac7d1f66c6f0aa90f6eb251cded47,40444,/home/piotr/Pobrane/example_distal_field_heatmap (1).png,2026-06-30 20:48:08
106,cdbac7d1f66c6f0aa90f6eb251cded47,40444,/home/piotr/Pobrane/example_distal_field_heatmap.png,2026-06-30 20:48:07
107,e1b0d671cff66ee0cfc5fb5fd5eb47bf,13516,/home/piotr/Pobrane/412-0223 (1).tif,2026-02-04 10:00:05
107,e1b0d671cff66ee0cfc5fb5fd5eb47bf,13516,/home/piotr/Pobrane/412-0223 (2).tif,2026-02-05 12:22:16
107,e1b0d671cff66ee0cfc5fb5fd5eb47bf,13516,/home/piotr/Pobrane/412-0223 (3).tif,2026-02-06 11:57:56
107,e1b0d671cff66ee0cfc5fb5fd5eb47bf,13516,/home/piotr/Pobrane/412-0223.tif,2026-01-27 17:47:02
