GATUNEK;NAZWA_ZRODLOWA;RANGA;POWOD;GBIF_KEY;PROPOZYCJA;DECYZJA
Achillea;Achillea;GENUS;dopasowanie RODZAJ_OK;3119995;;
Achillea collna;Achillea collna;SPECIES;dopasowanie ALTERNATYWA;7767460;;
Achillea stricta;Achillea stricta;SPECIES;dopasowanie ALTERNATYWA;9727470;;
Achillea sudetica;Achillea sudetica;SPECIES;brak w tabeli dopasowań;;;
Aethusa cynapium subsp. segetalis;Aethusa cynapium ssp. segetalis;SUBSPECIES;brak w tabeli dopasowań;;;
Agropyron caninum;Agropyron caninum;SPECIES;brak w tabeli dopasowań;;;
Agrostis;Agrostis;GENUS;dopasowanie RODZAJ_OK;2706434;;
Alchemilla;Alchemilla;GENUS;dopasowanie RODZAJ_OK;3027437;;
Alchemilla acutiloba;Alchemilla acutiloba;SPECIES;dopasowanie ALTERNATYWA;3028926;;
Allium senescens subsp. montanum;Allium senescens ssp. montanum;SUBSPECIES;brak w tabeli dopasowań;;;
Allium vinceale;Allium vinceale;SPECIES;dopasowanie ALTERNATYWA;7792960;;
Alnus viridis;Alnus viridis;SPECIES;brak w tabeli dopasowań;;;
Althea officinalis;Althea officinalis;SPECIES;dopasowanie ALTERNATYWA;3152520;;
Amaranthus;Amaranthus;GENUS;dopasowanie RODZAJ_OK;3085074;;
Amaranthus lividus;Amaranthus lividus;SPECIES;dopasowanie ALTERNATYWA;8911082;;
Ammophila arenaria;Ammophila arenaria;SPECIES;brak w tabeli dopasowań;;;
Anagallis arvensis;Anagallis arvensis;SPECIES;brak w tabeli dopasowań;;;
Anagallis arvesis;Anagallis arvesis;SPECIES;dopasowanie ALTERNATYWA;9631539;;
Anagallis foemina;Anagallis foemina;SPECIES;brak w tabeli dopasowań;;;
Anchusa arvensis;Anchusa arvensis;SPECIES;brak w tabeli dopasowań;;;
Angelica archangelica subsp. archangelica;Angelica archangelica ssp. archangelica;SUBSPECIES;brak w tabeli dopasowań;;;
Angelica archangelica subsp. litoralis;Angelica archangelica ssp. litoralis;SUBSPECIES;brak w tabeli dopasowań;;;
Angelica silvestris;Angelica silvestris;SPECIES;dopasowanie ALTERNATYWA;5371818;;
Angelica sylvestris;Angelica sylvestris;SPECIES;dopasowanie ALTERNATYWA;5371818;;
Anserina argentina;Anserina argentina;SPECIES;brak w tabeli dopasowań;;;
Antchemis arvensis;Antchemis arvensis;SPECIES;dopasowanie ALTERNATYWA;3102781;;
Antchemis cotula;Antchemis cotula;SPECIES;dopasowanie ALTERNATYWA;8035698;;
Antchemis ruthenica;Antchemis ruthenica;SPECIES;dopasowanie ALTERNATYWA;3102823;;
Antchemis tinctoria;Antchemis tinctoria;SPECIES;dopasowanie ALTERNATYWA;7066062;;
Anthemis arvensis;Anthemis arvensis;SPECIES;dopasowanie ALTERNATYWA;3102781;;
Anthemis ruthenica;Anthemis ruthenica;SPECIES;dopasowanie ALTERNATYWA;3102823;;
Anthemis tinctoria;Anthemis tinctoria;SPECIES;brak w tabeli dopasowań;;;
Anthoxanthum alpinum;Anthoxanthum alpinum;SPECIES;dopasowanie ALTERNATYWA;2705975;;
Anthoxanthum odoratum;Anthoxanthum odoratum;SPECIES;dopasowanie ALTERNATYWA;2705975;;
Anthyllis alpestris;Anthyllis alpestris;SPECIES;brak w tabeli dopasowań;;;
Anthyllis vulneraria subsp. maritima;Anthyllis vulneraria ssp. maritima;SUBSPECIES;brak w tabeli dopasowań;;;
Aphanes inexspectata;Aphanes inexspectata;SPECIES;brak w tabeli dopasowań;;;
Apium inundatum;Apium inundatum;SPECIES;brak w tabeli dopasowań;;;
Arabis alpina subsp. alpina;Arabis alpina ssp. alpina;SUBSPECIES;brak w tabeli dopasowań;;;
Arabis arenosa;Arabis arenosa;SPECIES;brak w tabeli dopasowań;;;
Arabis glabra;Arabis glabra;SPECIES;brak w tabeli dopasowań;;;
Arabis hursuta;Arabis hursuta;SPECIES;dopasowanie ALTERNATYWA;9202524;;
Arabis recta;Arabis recta;SPECIES;brak w tabeli dopasowań;;;
Arabis soyeri subsp. subcoriacea;Arabis soyeri ssp. subcoriacea;SUBSPECIES;brak w tabeli dopasowań;;;
Arabis subcoriaceae;Arabis subcoriaceae;SPECIES;dopasowanie ALTERNATYWA;5374901;;
Arenaria graminifolia;Arenaria graminifolia;SPECIES;dopasowanie ALTERNATYWA;7498114;;
Armeria maritima subsp. elongata;Armeria maritima ssp. elongata;SUBSPECIES;brak w tabeli dopasowań;;;
Armeria maritima subsp. halleri;Armeria maritima ssp. halleri;SUBSPECIES;brak w tabeli dopasowań;;;
Armeria maritima subsp. maritima;Armeria maritima ssp. maritima;SUBSPECIES;brak w tabeli dopasowań;;;
Arrhenatherum;Arrhenatherum;GENUS;dopasowanie RODZAJ_OK;2704504;;
Artemisia astriaca;Artemisia astriaca;SPECIES;dopasowanie ALTERNATYWA;11774892;;
Aruncus sylvestris;Aruncus sylvestris;SPECIES;brak w tabeli dopasowań;;;
Asperula cynanchica;Asperula cynanchica;SPECIES;brak w tabeli dopasowań;;;
Asplenium ruta-muriria;Asplenium ruta-muriria;SPECIES;dopasowanie ALTERNATYWA;2650625;;
Aster;Aster s.l.;GENUS;dopasowanie ALTERNATYWA;11445018;;
Aster tradescantii;Aster tradescantii;SPECIES;brak w tabeli dopasowań;;;
Aster tripolium;Aster tripolium;SPECIES;brak w tabeli dopasowań;;;
Astragalus glycyphllos;Astragalus glycyphllos;SPECIES;dopasowanie ALTERNATYWA;5346998;;
Astragalus glycyphyllos;Astragalus glycyphyllos;SPECIES;dopasowanie ALTERNATYWA;5346998;;
Athyrium distentifolium;Athyrium distentifolium;SPECIES;brak w tabeli dopasowań;;;
Atriplex;Atriplex;GENUS;dopasowanie RODZAJ_OK;10651755;;
Atriplex nitens;Atriplex nitens;SPECIES;brak w tabeli dopasowań;;;
Atriplex prostrata subsp. prostrata;Atriplex prostrata ssp. prostrata;SUBSPECIES;brak w tabeli dopasowań;;;
Atropa bella-donna;Atropa bella-donna;SPECIES;brak w tabeli dopasowań;;;
Atropa belladonna;Atropa belladonna;SPECIES;dopasowanie ALTERNATYWA;3802655;;
Avenula pratensis;Avenula pratensis;SPECIES;brak w tabeli dopasowań;;;
Baeothryon alpinum;Baeothryon alpinum;SPECIES;brak w tabeli dopasowań;;;
Baeotryon alpinum;Baeotryon alpinum;SPECIES;dopasowanie ALTERNATYWA;2710560;;
Baeotryon caespitosum;Baeotryon caespitosum;SPECIES;dopasowanie ALTERNATYWA;2710592;;
Barbilophozia floerkei;Barbilophozia floerkei;SPECIES;brak w tabeli dopasowań;;;
Barbula;Barbula;GENUS;brak w tabeli dopasowań;;;
Bellis parennis;Bellis parennis;SPECIES;dopasowanie ALTERNATYWA;3117424;;
Bellis perennis;Bellis perennis;SPECIES;dopasowanie ALTERNATYWA;3117424;;
Betula pubescens subsp. carpatica;Betula pubescens ssp. carpatica;SUBSPECIES;brak w tabeli dopasowań;;;
Blechnum spicant;Blechnum spicant;SPECIES;brak w tabeli dopasowań;;;
Bolboschoenus maritimus;Bolboschoenus maritimus agg.;SPECIES;dopasowanie ALTERNATYWA;2718307;;
Bromus hordaceus;Bromus hordaceus;SPECIES;brak w tabeli dopasowań;;;
Bromus hordeaceus subsp. hordeaceus;Bromus hordeaceus ssp. hordeaceus;SUBSPECIES;brak w tabeli dopasowań;;;
Bryum bicolor;Bryum bicolor;SPECIES;brak w tabeli dopasowań;;;
Bryum pseudotriquetrum;Bryum pseudotriquetrum;SPECIES;brak w tabeli dopasowań;;;
Bryum schleicheri;Bryum schleicheri;SPECIES;brak w tabeli dopasowań;;;
Bryum subneodamense;Bryum subneodamense;SPECIES;brak w tabeli dopasowań;;;
Bucegia romanica;Bucegia romanica;SPECIES;brak w tabeli dopasowań;;;
Buckiella undulata;Buckiella undulata;SPECIES;brak w tabeli dopasowań;;;
Bulboschoenus maritimus;Bulboschoenus maritimus;SPECIES;dopasowanie ALTERNATYWA;2718307;;
Cakile maritima subsp. baltica;Cakile maritima ssp. baltica;SUBSPECIES;brak w tabeli dopasowań;;;
Calamagrostis;Calamagrostis;GENUS;dopasowanie RODZAJ_OK;2704858;;
Calamegrostis arundinacea;Calamegrostis arundinacea;SPECIES;dopasowanie ALTERNATYWA;4109084;;
Calamegrostis canescens;Calamegrostis canescens;SPECIES;dopasowanie ALTERNATYWA;4108861;;
Calamegrostis pseudiphragmites;Calamegrostis pseudiphragmites;SPECIES;dopasowanie ALTERNATYWA;4108217;;
Calamegrostis stricta;Calamegrostis stricta;SPECIES;dopasowanie ALTERNATYWA;2704899;;
Calamegrostis varia;Calamegrostis varia;SPECIES;dopasowanie ALTERNATYWA;4106903;;
Calamegrostis villosa;Calamegrostis villosa;SPECIES;dopasowanie ALTERNATYWA;4106690;;
Callitriche verna;Callitriche verna;SPECIES;brak w tabeli dopasowań;;;
Caltha laeta;Caltha laeta;SPECIES;brak w tabeli dopasowań;;;
Campanula platula;Campanula platula s.s.;SPECIES;dopasowanie ALTERNATYWA;5410564;;
Campanula polimorpha;Campanula polimorpha;SPECIES;dopasowanie ALTERNATYWA;5410033;;
Campanula raunculoides;Campanula raunculoides;SPECIES;dopasowanie ALTERNATYWA;7222081;;
Campanula scheichzeri;Campanula scheichzeri;SPECIES;dopasowanie ALTERNATYWA;5410226;;
Campanula scheuchzeri;Campanula scheuchzeri;SPECIES;dopasowanie ALTERNATYWA;5410226;;
Campanula serata;Campanula serata;SPECIES;dopasowanie ALTERNATYWA;5411208;;
Campylium polygamum;Campylium polygamum;SPECIES;brak w tabeli dopasowań;;;
Cardamine praternsis;Cardamine praternsis;SPECIES;dopasowanie ALTERNATYWA;7972010;;
Cardamine recedifolia;Cardamine recedifolia;SPECIES;dopasowanie ALTERNATYWA;3045872;;
Cardamine resedifolia;Cardamine resedifolia;SPECIES;dopasowanie ALTERNATYWA;3045872;;
Cardaminopsis arenosa subsp. borbasii;Cardaminopsis arenosa ssp. borbasii;SUBSPECIES;brak w tabeli dopasowań;;;
Cardaria draba;Cardaria draba;SPECIES;brak w tabeli dopasowań;;;
Carex bigelowii subsp. rigida;Carex bigelowii ssp. rigida;SUBSPECIES;brak w tabeli dopasowań;;;
Carex capiiaris;Carex capiiaris;SPECIES;dopasowanie ALTERNATYWA;2729936;;
Carex capillaris;Carex capillaris;SPECIES;dopasowanie ALTERNATYWA;2729936;;
Carex cuprina;Carex cuprina;SPECIES;brak w tabeli dopasowań;;;
Carex ericetrum;Carex ericetrum;SPECIES;dopasowanie ALTERNATYWA;2729081;;
Carex gracilis;Carex gracilis;SPECIES;brak w tabeli dopasowań;;;
Carex ligerica;Carex ligerica;SPECIES;brak w tabeli dopasowań;;;
Carex magellamica;Carex magellamica;SPECIES;dopasowanie ALTERNATYWA;2726416;;
Carex pallens;Carex pallens;SPECIES;dopasowanie ALTERNATYWA;2723686;;
Carex piarae;Carex piarae;SPECIES;dopasowanie ALTERNATYWA;2727765;;
Carex rigida;Carex rigida;SPECIES;dopasowanie ALTERNATYWA;2724481;;
Carex viridula;Carex viridula;SPECIES;brak w tabeli dopasowań;;;
Carlina longifolia;Carlina longifolia;SPECIES;dopasowanie ALTERNATYWA;9801519;;
Centaurea triumfetti;Centaurea triumfetti;SPECIES;dopasowanie ALTERNATYWA;3127633;;
Centaurea triumfettii;Centaurea triumfettii;SPECIES;dopasowanie ALTERNATYWA;3127633;;
Centaurium litorale;Centaurium litorale;SPECIES;dopasowanie ALTERNATYWA;5414469;;
Centaurium littorale;Centaurium littorale;SPECIES;dopasowanie ALTERNATYWA;5414469;;
Centunculus minimus;Centunculus minimus;SPECIES;brak w tabeli dopasowań;;;
Cephalozia connivens;Cephalozia connivens;SPECIES;brak w tabeli dopasowań;;;
Cephalozia macrostachya;Cephalozia macrostachya;SPECIES;brak w tabeli dopasowań;;;
Cerastium cerastodes;Cerastium cerastodes;SPECIES;dopasowanie ALTERNATYWA;5927687;;
Cerastium cerastoides;Cerastium cerastoides;SPECIES;brak w tabeli dopasowań;;;
Cerastium macrocarpum;Cerastium macrocarpum;SPECIES;dopasowanie ALTERNATYWA;8820721;;
Cerastium pumilum;Cerastium pumilum s.s;SPECIES;dopasowanie ALTERNATYWA;3808608;;
Cerasus avium;Cerasus avium;SPECIES;brak w tabeli dopasowań;;;
Cerasus fruticosa;Cerasus fruticosa;SPECIES;brak w tabeli dopasowań;;;
Chamaecyparis nootkatensis;Chamaecyparis nootkatensis;SPECIES;brak w tabeli dopasowań;;;
Chamaenerrion angustifolium;Chamaenerrion angustifolium;SPECIES;dopasowanie ALTERNATYWA;6428353;;
Chamaenerrion palustre;Chamaenerrion palustre;SPECIES;dopasowanie ALTERNATYWA;3189080;;
Chameadephne calyculata;Chameadephne calyculata;SPECIES;dopasowanie ALTERNATYWA;5333436;;
Chamomilla recutita;Chamomilla recutita;SPECIES;brak w tabeli dopasowań;;;
Chamomilla suaveolens;Chamomilla suaveolens;SPECIES;brak w tabeli dopasowań;;;
Chenopodium bonus-henricus;Chenopodium bonus-henricus;SPECIES;brak w tabeli dopasowań;;;
Chenopodium glaucum;Chenopodium glaucum;SPECIES;brak w tabeli dopasowań;;;
Chenopodium hybridum;Chenopodium hybridum;SPECIES;brak w tabeli dopasowań;;;
Chenopodium murale;Chenopodium murale;SPECIES;brak w tabeli dopasowań;;;
Chenopodium polyspermum;Chenopodium polyspermum;SPECIES;brak w tabeli dopasowań;;;
Chenopodium rubrum;Chenopodium rubrum;SPECIES;brak w tabeli dopasowań;;;
Chenopodium rurbrum;Chenopodium rurbrum;SPECIES;dopasowanie ALTERNATYWA;9708769;;
Chenopodium strictum;Chenopodium strictum;SPECIES;brak w tabeli dopasowań;;;
Chrysanthemum leucanthemum;Chrysanthemum leucanthemum;SPECIES;brak w tabeli dopasowań;;;
Cimicifuga europaea;Cimicifuga europaea;SPECIES;brak w tabeli dopasowań;;;
Cladonia alpestris;Cladonia alpestris;SPECIES;brak w tabeli dopasowań;;;
Cladonia cervicornis subsp. verticillata;Cladonia cervicornis ssp. verticillata;SUBSPECIES;brak w tabeli dopasowań;;;
Cnidium dubium;Cnidium dubium;SPECIES;brak w tabeli dopasowań;;;
Coeloglossum viride;Coeloglossum viride;SPECIES;brak w tabeli dopasowań;;;
Coeloglossum vride;Coeloglossum vride;SPECIES;dopasowanie ALTERNATYWA;5314467;;
Conringa orientalis;Conringa orientalis;SPECIES;dopasowanie ALTERNATYWA;3040913;;
Conringia orientalis;Conringia orientalis;SPECIES;dopasowanie ALTERNATYWA;3040913;;
Consolida regalis;Consolida regalis;SPECIES;brak w tabeli dopasowań;;;
Conyza canadensis;Conyza canadensis;SPECIES;brak w tabeli dopasowań;;;
Coronopus squamatus;Coronopus squamatus;SPECIES;brak w tabeli dopasowań;;;
Cotoneaster integrrimus;Cotoneaster integrrimus;SPECIES;dopasowanie ALTERNATYWA;3025576;;
Cotoneaster lucidus;Cotoneaster lucidus;SPECIES;brak w tabeli dopasowań;;;
Cotoneaster;Cotoneaster sp.;GENUS;brak w tabeli dopasowań;;;
Crataegus rhipidophyll;Crataegus rhipidophyll s.s.;SPECIES;dopasowanie ALTERNATYWA;9047268;;
Crataegus rhipidophylla;Crataegus rhipidophylla;SPECIES;dopasowanie ALTERNATYWA;9047268;;
Cuynoglossum officinale;Cuynoglossum officinale;SPECIES;dopasowanie ALTERNATYWA;2925815;;
Cynoglossum officinale;Cynoglossum officinale;SPECIES;dopasowanie ALTERNATYWA;2925815;;
Dactylis polygama;Dactylis polygama;SPECIES;brak w tabeli dopasowań;;;
Dactylorhiza fuchisii;Dactylorhiza fuchisii;SPECIES;dopasowanie ALTERNATYWA;2810689;;
Dactylorhiza traunsteineri subsp. traunsteineri;Dactylorhiza traunsteineri ssp. traunsteineri;SUBSPECIES;brak w tabeli dopasowań;;;
Dendranthema zawadzkii;Dendranthema zawadzkii;SPECIES;brak w tabeli dopasowań;;;
Dendranttthema zawadzkii;Dendranttthema zawadzkii;SPECIES;dopasowanie ALTERNATYWA;11063166;;
Dentaria bulbifera;Dentaria bulbifera;SPECIES;brak w tabeli dopasowań;;;
Dentaria eneeaphyllos;Dentaria eneeaphyllos;SPECIES;dopasowanie ALTERNATYWA;3046224;;
Dentaria enneaphyllos;Dentaria enneaphyllos;SPECIES;brak w tabeli dopasowań;;;
Dentaria glandulosa;Dentaria glandulosa;SPECIES;brak w tabeli dopasowań;;;
Deschampsia flexuosa;Deschampsia flexuosa;SPECIES;brak w tabeli dopasowań;;;
Dianthus cathusianorum;Dianthus cathusianorum;SPECIES;brak w tabeli dopasowań;;;
Dianthus plumarius subsp. praecox;Dianthus plumarius ssp. praecox;SUBSPECIES;brak w tabeli dopasowań;;;
Dianthus speciosus;Dianthus speciosus;SPECIES;brak w tabeli dopasowań;;;
Dianthus suoerbus;Dianthus suoerbus;SPECIES;brak w tabeli dopasowań;;;
Dianthus superbus subsp. superbus;Dianthus superbus ssp. superbus;SUBSPECIES;brak w tabeli dopasowań;;;
Digitaria;Digitaria;GENUS;dopasowanie RODZAJ_OK;2704525;;
Digitaria ischemum;Digitaria ischemum;SPECIES;brak w tabeli dopasowań;;;
Dorycnium germanicum;Dorycnium germanicum;SPECIES;brak w tabeli dopasowań;;;
Draba aizodes;Draba aizodes;SPECIES;dopasowanie ALTERNATYWA;3049799;;
Draba aizoides;Draba aizoides;SPECIES;dopasowanie ALTERNATYWA;3049799;;
Duchesnea ica;Duchesnea indica;SPECIES;brak w tabeli dopasowań;;;
Echinocyslis lobata;Echinocyslis lobata;SPECIES;dopasowanie ALTERNATYWA;5331404;;
Echium russicucum;Echium russicucum;SPECIES;dopasowanie ALTERNATYWA;4067889;;
Echium russicum;Echium russicum;SPECIES;dopasowanie ALTERNATYWA;4067889;;
Elodea canadensis;Elodea canadensis;SPECIES;dopasowanie ALTERNATYWA;2865448;;
Elymus farctus subsp. boreali-atlanticus;Elymus farctus ssp. boreali-atlanticus;SUBSPECIES;brak w tabeli dopasowań;;;
Elymus hispidus;Elymus hispidus;SPECIES;brak w tabeli dopasowań;;;
Epilobium angustifolium;Epilobium angustifolium;SPECIES;brak w tabeli dopasowań;;;
Epilobium ciliatum subsp. ciliatum;Epilobium ciliatum ssp. ciliatum;SUBSPECIES;brak w tabeli dopasowań;;;
Epilobium dodonaei;Epilobium dodonaei;SPECIES;brak w tabeli dopasowań;;;
Epilobium palustre;Epilobium palustre;SPECIES;dopasowanie ALTERNATYWA;3189080;;
Erigeron;Erigeron;GENUS;dopasowanie RODZAJ_OK;3146588;;
Erigeron ramosus;Erigeron ramosus;SPECIES;brak w tabeli dopasowań;;;
Erigeron strigosus;Erigeron strigosus;SPECIES;dopasowanie ALTERNATYWA;3146632;;
Eriophorum cicutarium;Eriophorum cicutarium;SPECIES;dopasowanie HIGHERRANK;2730118;;
Erophila verna;Erophila verna;SPECIES;dopasowanie ALTERNATYWA;8198872;;
Eruysimum cheiranthoides;Eruysimum cheiranthoides;SPECIES;dopasowanie ALTERNATYWA;3048266;;
Eruysimum hieracifolium;Eruysimum hieracifolium;SPECIES;dopasowanie ALTERNATYWA;3048678;;
Eruysimum odoratum;Eruysimum odoratum;SPECIES;dopasowanie ALTERNATYWA;3048357;;
Eruysimum pieninicum;Eruysimum pieninicum;SPECIES;dopasowanie ALTERNATYWA;3048474;;
Eruysimum wittmannii;Eruysimum wittmannii;SPECIES;dopasowanie ALTERNATYWA;3048470;;
Erysimum cheiranthoides;Erysimum cheiranthoides;SPECIES;dopasowanie ALTERNATYWA;3048266;;
Erysimum odoratum;Erysimum odoratum;SPECIES;dopasowanie ALTERNATYWA;3048357;;
Erysimum wittmannii;Erysimum wittmannii;SPECIES;brak w tabeli dopasowań;;;
Euonymous;Euonymous;GENUS;brak w tabeli dopasowań;;;
Euonymous europaea;Euonymous europaea;SPECIES;brak w tabeli dopasowań;;;
Euonymous verrucosa;Euonymous verrucosa;SPECIES;brak w tabeli dopasowań;;;
Euonymus europaeus;Euonymus europaeus;SPECIES;dopasowanie ALTERNATYWA;3169131;;
Euonymus verrucosus;Euonymus verrucosus;SPECIES;dopasowanie ALTERNATYWA;7723078;;
Eupatorium cannabium;Eupatorium cannabium;SPECIES;dopasowanie ALTERNATYWA;5402943;;
Euphorbia luicida;Euphorbia luicida;SPECIES;dopasowanie ALTERNATYWA;3069370;;
Euphorbia serrulata;Euphorbia serrulata;SPECIES;brak w tabeli dopasowań;;;
Euphorbia villosa;Euphorbia villosa;SPECIES;dopasowanie ALTERNATYWA;3066112;;
Euphrasia coerulea;Euphrasia coerulea;SPECIES;dopasowanie ALTERNATYWA;9042014;;
Euphrasia rostkoviana;Euphrasia rostkoviana;SPECIES;brak w tabeli dopasowań;;;
Fagus sylatica;Fagus sylatica;SPECIES;dopasowanie ALTERNATYWA;2882316;;
Fagus sylvatica;Fagus sylvatica;SPECIES;dopasowanie ALTERNATYWA;2882316;;
Fallopia cpnvolvulus;Fallopia cpnvolvulus;SPECIES;dopasowanie ALTERNATYWA;6391461;;
Festuca airodes;Festuca airodes;SPECIES;dopasowanie ALTERNATYWA;2704920;;
Festuca airoides;Festuca airoides;SPECIES;dopasowanie ALTERNATYWA;2704920;;
Festuca arundinacea;Festuca arundinacea;SPECIES;brak w tabeli dopasowań;;;
Festuca drymeia;Festuca drymeia;SPECIES;brak w tabeli dopasowań;;;
Festuca gigantea;Festuca gigantea;SPECIES;brak w tabeli dopasowań;;;
Festuca picta;Festuca picta;SPECIES;brak w tabeli dopasowań;;;
Festuca polesica;Festuca polesica;SPECIES;brak w tabeli dopasowań;;;
Festuca pratensis;Festuca pratensis;SPECIES;brak w tabeli dopasowań;;;
Festuca rubra;Festuca rubra;SPECIES;dopasowanie ALTERNATYWA;2704922;;
Festuca tenuifolia;Festuca tenuifolia;SPECIES;brak w tabeli dopasowań;;;
Festuca valesica;Festuca valesica;SPECIES;dopasowanie ALTERNATYWA;2704966;;
Festuca villosa;Festuca villosa;SPECIES;brak w tabeli dopasowań;;;
Filago avensis;Filago avensis;SPECIES;dopasowanie ALTERNATYWA;3115875;;
Filago minima;Filago minima;SPECIES;brak w tabeli dopasowań;;;
Filago vulgaris;Filago vulgaris;SPECIES;brak w tabeli dopasowań;;;
Flavocetraria cucullata;Flavocetraria cucullata;SPECIES;brak w tabeli dopasowań;;;
Flavocetraria nivalis;Flavocetraria nivalis;SPECIES;brak w tabeli dopasowań;;;
Fraxinus meleagris;Fraxinus meleagris;SPECIES;dopasowanie HIGHERRANK;3172323;;
Fumaria officinalis subsp. officinalis;Fumaria officinalis ssp. officinalis;SUBSPECIES;brak w tabeli dopasowań;;;
Gagea pretensis;Gagea pretensis;SPECIES;dopasowanie ALTERNATYWA;5300102;;
Galeobdolon luteum;Galeobdolon luteum;SPECIES;brak w tabeli dopasowań;;;
Galinsoga ciliata;Galinsoga ciliata;SPECIES;brak w tabeli dopasowań;;;
Galium;Galium;GENUS;dopasowanie RODZAJ_OK;2913027;;
Galium schultesii;Galium schultesii;SPECIES;brak w tabeli dopasowań;;;
Gentiana figida;Gentiana figida;SPECIES;dopasowanie ALTERNATYWA;3170111;;
Gentianella ciliata;Gentianella ciliata;SPECIES;brak w tabeli dopasowań;;;
Gladiolus imbricatum;Gladiolus imbricatum;SPECIES;dopasowanie ALTERNATYWA;2749827;;
Gladiolus imbricatus;Gladiolus imbricatus;SPECIES;dopasowanie ALTERNATYWA;2749827;;
Gladiolus paluster;Gladiolus paluster;SPECIES;dopasowanie ALTERNATYWA;2750279;;
Glyceria plicata;Glyceria plicata;SPECIES;brak w tabeli dopasowań;;;
Gnaphalium hoppeanum;Gnaphalium hoppeanum;SPECIES;brak w tabeli dopasowań;;;
Gnaphalium luteo-album;Gnaphalium luteo-album;SPECIES;brak w tabeli dopasowań;;;
Gnaphalium supinum;Gnaphalium supinum;SPECIES;brak w tabeli dopasowań;;;
Gratiola offcinalis;Gratiola offcinalis;SPECIES;dopasowanie ALTERNATYWA;3171915;;
Gratiola officinalis;Gratiola officinalis;SPECIES;dopasowanie ALTERNATYWA;3171915;;
Gypsophila muralis;Gypsophila muralis;SPECIES;brak w tabeli dopasowań;;;
Haracleum mantegazzianum;Haracleum mantegazzianum;SPECIES;dopasowanie ALTERNATYWA;3034825;;
Haracleum sphondylium;Haracleum sphondylium s.l.;SPECIES;dopasowanie ALTERNATYWA;3034830;;
Helianthemum alpestre subsp. rupifragum;Helianthemum alpestre ssp. rupifragum;SUBSPECIES;brak w tabeli dopasowań;;;
Helianthemum nummularium subsp. grandiflorum;Helianthemum nummularium ssp. grandiflorum;SUBSPECIES;brak w tabeli dopasowań;;;
Helianthemum nummularium subsp. nummularium;Helianthemum nummularium ssp. nummularium;SUBSPECIES;brak w tabeli dopasowań;;;
Helianthemum nummularium subsp. obscurum;Helianthemum nummularium ssp. obscurum;SUBSPECIES;brak w tabeli dopasowań;;;
Heliosperma quadridentatum;Heliosperma quadridentatum;SPECIES;brak w tabeli dopasowań;;;
Heracleum sphondylium;Heracleum sphondylium;SPECIES;dopasowanie ALTERNATYWA;3034830;;
Heracleum sphondylium subsp. glabrum;Heracleum sphondylium ssp. glabrum;SUBSPECIES;brak w tabeli dopasowań;;;
Heracleum sphondylium subsp. sphondylium;Heracleum sphondylium ssp. sphondylium;SUBSPECIES;brak w tabeli dopasowań;;;
Hieracium bracchiatum;Hieracium bracchiatum;SPECIES;dopasowanie ALTERNATYWA;8037844;;
Hieracium cymusum;Hieracium cymusum;SPECIES;dopasowanie ALTERNATYWA;9007908;;
Hieracium fuscicinareum;Hieracium fuscicinareum;SPECIES;dopasowanie ALTERNATYWA;3136533;;
Hieracium;Hieracium s.l.;GENUS;dopasowanie HIGHERRANK;3134951;;
Hieracium silesiacum;Hieracium silesiacum;SPECIES;brak w tabeli dopasowań;;;
Hieracium transsilvanicum;Hieracium transsilvanicum;SPECIES;brak w tabeli dopasowań;;;
Hieracium umbellatum var. dunense;Hieracium umbellatum var. dunense;VARIETY;brak w tabeli dopasowań;;;
Hiercium;Hiercium;GENUS;brak w tabeli dopasowań;;;
Hiercium lachenalii;Hiercium lachenalii;SPECIES;brak w tabeli dopasowań;;;
Hiercium pilosella;Hiercium pilosella;SPECIES;brak w tabeli dopasowań;;;
Hierochloe australis;Hierochloe australis;SPECIES;brak w tabeli dopasowań;;;
Hierochloe odorata;Hierochloe odorata;SPECIES;brak w tabeli dopasowań;;;
Holisperma quadridentatum;Holisperma quadridentatum;SPECIES;dopasowanie ALTERNATYWA;8027596;;
Holosteum umbrelatum;Holosteum umbrelatum;SPECIES;dopasowanie ALTERNATYWA;3085349;;
Homulus lupulus;Homulus lupulus;SPECIES;dopasowanie ALTERNATYWA;2984535;;
Humulus lupulus;Humulus lupulus;SPECIES;dopasowanie ALTERNATYWA;2984535;;
Hutchinsia alpina;Hutchinsia alpina;SPECIES;brak w tabeli dopasowań;;;
Hyoscyamnus niger;Hyoscyamnus niger;SPECIES;dopasowanie ALTERNATYWA;2928978;;
Hyoscyamus niger;Hyoscyamus niger;SPECIES;dopasowanie ALTERNATYWA;2928978;;
Hypericum;Hypericum;GENUS;dopasowanie RODZAJ_OK;3189452;;
Hypericum terapterum;Hypericum terapterum;SPECIES;dopasowanie ALTERNATYWA;11942892;;
Hypochaeris uniflora;Hypochaeris uniflora;SPECIES;brak w tabeli dopasowań;;;
Hypochoeris macalata;Hypochoeris macalata;SPECIES;dopasowanie ALTERNATYWA;7883344;;
Hypochoeris uniflora;Hypochoeris uniflora;SPECIES;dopasowanie ALTERNATYWA;7883344;;
Iiiecebrum verticillatum;IIIecebrum verticillatum;SPECIES;dopasowanie HIGHERRANK;6;;
Inula conyza;Inula conyza;SPECIES;brak w tabeli dopasowań;;;
Inula ensifolia;Inula ensifolia;SPECIES;brak w tabeli dopasowań;;;
Inula ermanica;Inula ermanica;SPECIES;dopasowanie ALTERNATYWA;9904952;;
Inula hirta;Inula hirta;SPECIES;brak w tabeli dopasowań;;;
Jovibarba sobolifera;Jovibarba sobolifera;SPECIES;brak w tabeli dopasowań;;;
Juncus alpino-articulatus;Juncus alpino-articulatus;SPECIES;dopasowanie ALTERNATYWA;2701930;;
Juncus alpinoarticulatus;Juncus alpinoarticulatus;SPECIES;dopasowanie ALTERNATYWA;2701930;;
Juncus gerardin;Juncus gerardin;SPECIES;dopasowanie ALTERNATYWA;6413621;;
Juncus trifidus;Juncus trifidus;SPECIES;brak w tabeli dopasowań;;;
Juniperus communis subsp. alpina;Juniperus communis ssp. alpina;SUBSPECIES;brak w tabeli dopasowań;;;
Kiaeria falcata;Kiaeria falcata;SPECIES;brak w tabeli dopasowań;;;
Kiaeria starkei;Kiaeria starkei;SPECIES;brak w tabeli dopasowań;;;
Kochia laniflora;Kochia laniflora;SPECIES;brak w tabeli dopasowań;;;
Koeleria;Koeleria;GENUS;dopasowanie RODZAJ_OK;2705912;;
Lactuca seriola;Lactuca seriola;SPECIES;dopasowanie ALTERNATYWA;3140490;;
Lactuca serriola;Lactuca serriola;SPECIES;dopasowanie ALTERNATYWA;3140490;;
Lamium purpurea;Lamium purpurea;SPECIES;brak w tabeli dopasowań;;;
Lamium squarrosa;Lamium squarrosa;SPECIES;dopasowanie ALTERNATYWA;3798235;;
Larix europaea;Larix europaea;SPECIES;brak w tabeli dopasowań;;;
Larix kaemfderi;Larix kaemfderi;SPECIES;brak w tabeli dopasowań;;;
Laserpitium archangelica;Laserpitium archangelica;SPECIES;dopasowanie ALTERNATYWA;9568743;;
Laserpitium prutenicum;Laserpitium prutenicum;SPECIES;brak w tabeli dopasowań;;;
Lathyrus japonicus subsp. maritimus;Lathyrus japonicus ssp. maritimus;SUBSPECIES;brak w tabeli dopasowań;;;
Lathyrus maritimus;Lathyrus maritimus;SPECIES;dopasowanie ALTERNATYWA;8167025;;
Lathyrus montanus;Lathyrus montanus;SPECIES;brak w tabeli dopasowań;;;
Lavatera thuringiaca;Lavatera thuringiaca;SPECIES;brak w tabeli dopasowań;;;
Ledum palustre;Ledum palustre;SPECIES;brak w tabeli dopasowań;;;
Leiomylia anomala;Leiomylia anomala;SPECIES;brak w tabeli dopasowań;;;
Lemna;Lemna;GENUS;brak w tabeli dopasowań;;;
Leontopodium alpinum;Leontopodium alpinum;SPECIES;dopasowanie ALTERNATYWA;3115828;;
Leucanthemopsis alpina subsp. tatrae;Leucanthemopsis alpina ssp. tatrae;SUBSPECIES;brak w tabeli dopasowań;;;
Leucanthemum waldsteinii;Leucanthemum waldsteinii;SPECIES;brak w tabeli dopasowań;;;
Leucoium vernum;Leucoium vernum;SPECIES;dopasowanie ALTERNATYWA;2860409;;
Libanotis pyrenaica;Libanotis pyrenaica;SPECIES;brak w tabeli dopasowań;;;
Limprichtia cossonii;Limprichtia cossonii;SPECIES;brak w tabeli dopasowań;;;
Limprichtia revolvens;Limprichtia revolvens;SPECIES;brak w tabeli dopasowań;;;
Linosyris vulgaris;Linosyris vulgaris;SPECIES;brak w tabeli dopasowań;;;
Linum extraaxillare;Linum extraaxillare;SPECIES;brak w tabeli dopasowań;;;
Liparis loeselli;Liparis loeselli;SPECIES;dopasowanie ALTERNATYWA;11712270;;
Lipinus polyphyllus;Lipinus polyphyllus;SPECIES;dopasowanie ALTERNATYWA;2964355;;
Listera cordata;Listera cordata;SPECIES;brak w tabeli dopasowań;;;
Listera ovata;Listera ovata;SPECIES;brak w tabeli dopasowań;;;
Lithospermum arvense;Lithospermum arvense;SPECIES;brak w tabeli dopasowań;;;
Lithospermum purpurocaeruleum;Lithospermum purpurocaeruleum;SPECIES;brak w tabeli dopasowań;;;
Lotus uliginosus;Lotus uliginosus;SPECIES;brak w tabeli dopasowań;;;
Luchnis flos-cuculi;Luchnis flos-cuculi;SPECIES;dopasowanie ALTERNATYWA;5384738;;
Luzula alpino-pilosa;Luzula alpino-pilosa;SPECIES;brak w tabeli dopasowań;;;
Lychnis flos-cuculi;Lychnis flos-cuculi;SPECIES;brak w tabeli dopasowań;;;
Lycopodium annotinum;Lycopodium annotinum;SPECIES;brak w tabeli dopasowań;;;
Lycopodium calvatum;Lycopodium calvatum;SPECIES;dopasowanie ALTERNATYWA;2688393;;
Lycopodium clavatum;Lycopodium clavatum;SPECIES;dopasowanie ALTERNATYWA;2688393;;
Lypocopus europaeus;Lypocopus europaeus;SPECIES;dopasowanie ALTERNATYWA;5341478;;
Lythrum hysspifolia;Lythrum hysspifolia;SPECIES;dopasowanie ALTERNATYWA;3188747;;
Malva ciripsa;Malva ciripsa;SPECIES;dopasowanie ALTERNATYWA;7428145;;
Malva thuringiaca;Malva thuringiaca;SPECIES;dopasowanie ALTERNATYWA;7428145;;
Marchantia polymorpha subsp. montivagans;Marchantia polymorpha ssp. montivagans;SUBSPECIES;brak w tabeli dopasowań;;;
Marchantia polymorpha subsp. ruderalis;Marchantia polymorpha ssp. ruderalis;SUBSPECIES;brak w tabeli dopasowań;;;
Matricaria inodora;Matricaria inodora;SPECIES;dopasowanie ALTERNATYWA;3104179;;
Matricaria maritima subsp. maritima;Matricaria maritima ssp. maritima;SUBSPECIES;brak w tabeli dopasowań;;;
Matricaria perforata;Matricaria perforata;SPECIES;brak w tabeli dopasowań;;;
Matteucia struthiopteris;Matteucia struthiopteris;SPECIES;dopasowanie ALTERNATYWA;2650999;;
Medicagi;Medicagi;GENUS;brak w tabeli dopasowań;;;
Medicago;Medicago;GENUS;dopasowanie RODZAJ_OK;2965200;;
Melandrium album;Melandrium album;SPECIES;brak w tabeli dopasowań;;;
Melandrium noctiflorum;Melandrium noctiflorum;SPECIES;brak w tabeli dopasowań;;;
Melandrium rubrum;Melandrium rubrum;SPECIES;brak w tabeli dopasowań;;;
Melilotus altissima;Melilotus altissima;SPECIES;brak w tabeli dopasowań;;;
Melilotus dentata;Melilotus dentata;SPECIES;dopasowanie ALTERNATYWA;8349589;;
Melilotus wolgica;Melilotus wolgica;SPECIES;dopasowanie ALTERNATYWA;2971068;;
Mimulus guttatus;Mimulus guttatus;SPECIES;brak w tabeli dopasowań;;;
Minuartia kitaibelli;Minuartia kitaibelli;SPECIES;dopasowanie ALTERNATYWA;9316432;;
Minuartia sedoides;Minuartia sedoides;SPECIES;brak w tabeli dopasowań;;;
Minuartia verna;Minuartia verna;SPECIES;brak w tabeli dopasowań;;;
Moerckia blyttii;Moerckia blyttii;SPECIES;brak w tabeli dopasowań;;;
Monotropa hypopitys;Monotropa hypopitys;SPECIES;brak w tabeli dopasowań;;;
Mutelinia purpurea;Mutelinia purpurea;SPECIES;dopasowanie ALTERNATYWA;7318319;;
Myosotis menorosa;Myosotis menorosa;SPECIES;dopasowanie ALTERNATYWA;7295175;;
Myosotis palustris;Myosotis palustris;SPECIES;brak w tabeli dopasowań;;;
Myosoton aquaticum;Myosoton aquaticum;SPECIES;brak w tabeli dopasowań;;;
Neottiante cucullata;Neottiante cucullata;SPECIES;dopasowanie ALTERNATYWA;12222157;;
Nymphaea peltata;Nymphaea peltata;SPECIES;dopasowanie ALTERNATYWA;9927008;;
Odontines litoralis;Odontines litoralis;SPECIES;dopasowanie ALTERNATYWA;7911410;;
Odontines lutea;Odontines lutea;SPECIES;dopasowanie ALTERNATYWA;7855120;;
Odontines serotina;Odontines serotina;SPECIES;dopasowanie ALTERNATYWA;8275471;;
Odontines verna;Odontines verna;SPECIES;dopasowanie ALTERNATYWA;8971475;;
Odontites litoralis;Odontites litoralis;SPECIES;dopasowanie ALTERNATYWA;7911410;;
Odontites verna;Odontites verna;SPECIES;brak w tabeli dopasowań;;;
Oenanthe aqualica;Oenanthe aqualica;SPECIES;dopasowanie ALTERNATYWA;5371888;;
Oenanthe aquatica;Oenanthe aquatica;SPECIES;dopasowanie ALTERNATYWA;5371888;;
Oenanthe lachenali;Oenanthe lachenali;SPECIES;dopasowanie ALTERNATYWA;5540332;;
Oenanthe lachenalii;Oenanthe lachenalii;SPECIES;dopasowanie ALTERNATYWA;5540332;;
Oenothera scorpioides;Oenothera scorpioides;SPECIES;dopasowanie HIGHERRANK;3188799;;
Onobrychis viciaefolia;Onobrychis viciaefolia;SPECIES;brak w tabeli dopasowań;;;
Ononis avensis;Ononis avensis;SPECIES;dopasowanie ALTERNATYWA;2977171;;
Ononis spinosa subsp. procurrens;Ononis spinosa ssp. procurrens;SUBSPECIES;brak w tabeli dopasowań;;;
Onopordon acanthium;Onopordon acanthium;SPECIES;brak w tabeli dopasowań;;;
Ophrys issectifera;Ophrys issectifera;SPECIES;dopasowanie ALTERNATYWA;11777085;;
Orchis palustris;Orchis palustris;SPECIES;brak w tabeli dopasowań;;;
Ornithogallum umbellatum;Ornithogallum umbellatum;SPECIES;brak w tabeli dopasowań;;;
Ornithogalum umbellatum;Ornithogalum umbellatum;SPECIES;dopasowanie ALTERNATYWA;2773448;;
Orobanche arenaria;Orobanche arenaria;SPECIES;dopasowanie ALTERNATYWA;3729246;;
Orobanche purpurea;Orobanche purpurea;SPECIES;dopasowanie ALTERNATYWA;8026978;;
Orthantha lutea;Orthantha lutea;SPECIES;brak w tabeli dopasowań;;;
Oxalis cornicu;Oxalis cornicu;SPECIES;dopasowanie HIGHERRANK;2891642;;
Oxalis dilleni;Oxalis dilleni;SPECIES;brak w tabeli dopasowań;;;
Oxalis dillenii;Oxalis dillenii;SPECIES;dopasowanie ALTERNATYWA;2891677;;
Oxalis fontana;Oxalis fontana;SPECIES;brak w tabeli dopasowań;;;
Oxycoccus microcarpus;Oxycoccus microcarpus;SPECIES;brak w tabeli dopasowań;;;
Oxycoccus palustris;Oxycoccus palustris;SPECIES;brak w tabeli dopasowań;;;
Pachypleurum simplex;Pachypleurum simplex;SPECIES;brak w tabeli dopasowań;;;
Padus avium;Padus avium;SPECIES;brak w tabeli dopasowań;;;
Padus petrace;Padus petrace;SPECIES;dopasowanie ALTERNATYWA;12024175;;
Padus petraea;Padus petraea;SPECIES;brak w tabeli dopasowań;;;
Padus serotina;Padus serotina;SPECIES;brak w tabeli dopasowań;;;
Palustriella commutata var. falcata;Palustriella commutata var. falcata;VARIETY;brak w tabeli dopasowań;;;
Papaver;Papaver;GENUS;dopasowanie RODZAJ_OK;2888431;;
Papaver argemone;Papaver argemone;SPECIES;brak w tabeli dopasowań;;;
Papaver rheas;Papaver rheas;SPECIES;brak w tabeli dopasowań;;;
Peplis portula;Peplis portula;SPECIES;brak w tabeli dopasowań;;;
Petrohagia prolifera;Petrohagia prolifera;SPECIES;dopasowanie ALTERNATYWA;3085619;;
Petrohagia saxifraga;Petrohagia saxifraga;SPECIES;dopasowanie ALTERNATYWA;3085623;;
Petrorhagia prolifera;Petrorhagia prolifera;SPECIES;dopasowanie ALTERNATYWA;3085619;;
Peucedanum alsaticum;Peucedanum alsaticum;SPECIES;dopasowanie ALTERNATYWA;7224204;;
Peucedanum cervaria;Peucedanum cervaria;SPECIES;brak w tabeli dopasowań;;;
Peucedanum oreoselinum;Peucedanum oreoselinum;SPECIES;brak w tabeli dopasowań;;;
Peucedanum ostruthim;Peucedanum ostruthim;SPECIES;dopasowanie ALTERNATYWA;5538108;;
Peucedanum palustre;Peucedanum palustre;SPECIES;brak w tabeli dopasowań;;;
Phleum commutatum;Phleum commutatum;SPECIES;dopasowanie ALTERNATYWA;8952395;;
Phleum hubbardi;Phleum hubbardi;SPECIES;brak w tabeli dopasowań;;;
Phyllitis solopendrium;Phyllitis solopendrium;SPECIES;dopasowanie ALTERNATYWA;7310677;;
Physalis alkekengi;Physalis alkekengi;SPECIES;dopasowanie ALTERNATYWA;5341775;;
Pingiucula alpina;Pingiucula alpina;SPECIES;dopasowanie ALTERNATYWA;5667864;;
Pingiucula vulgaris;Pingiucula vulgaris s.l.;SPECIES;dopasowanie ALTERNATYWA;5415065;;
Pinguicula vulgaris subsp. vulgaris;Pinguicula vulgaris ssp. vulgaris;SUBSPECIES;brak w tabeli dopasowań;;;
Pinus rotundata;Pinus rotundata;SPECIES;brak w tabeli dopasowań;;;
Pinus silvestris;Pinus silvestris;SPECIES;brak w tabeli dopasowań;;;
Pinus sylvestris;Pinus sylvestris;SPECIES;dopasowanie ALTERNATYWA;5285637;;
Pisum satium;Pisum satium;SPECIES;dopasowanie ALTERNATYWA;5347846;;
Pisum sativum;Pisum sativum;SPECIES;brak w tabeli dopasowań;;;
Plantago atrata subsp. carpatica;Plantago atrata ssp. carpatica;SUBSPECIES;brak w tabeli dopasowań;;;
Plantago coronpus;Plantago coronpus;SPECIES;dopasowanie ALTERNATYWA;3189739;;
Pleurosperum austriacum;Pleurosperum austriacum;SPECIES;dopasowanie ALTERNATYWA;3632864;;
Poa aplina;Poa aplina;SPECIES;dopasowanie ALTERNATYWA;2704234;;
Poa supima;Poa supima;SPECIES;dopasowanie ALTERNATYWA;2704322;;
Poa supina;Poa supina;SPECIES;dopasowanie ALTERNATYWA;2704322;;
Polistichum aculeatum;Polistichum aculeatum;SPECIES;dopasowanie ALTERNATYWA;7319269;;
Polistichum brauni;Polistichum brauni;SPECIES;dopasowanie ALTERNATYWA;2651092;;
Polistichum lonchitis;Polistichum lonchitis;SPECIES;dopasowanie ALTERNATYWA;2651113;;
Polygala amara subsp. brachyptera;Polygala amara ssp. brachyptera;SUBSPECIES;brak w tabeli dopasowań;;;
Polygala oxyptera;Polygala oxyptera;SPECIES;brak w tabeli dopasowań;;;
Polygonatum ordoratum;Polygonatum ordoratum;SPECIES;dopasowanie ALTERNATYWA;2770228;;
Polygonum;Polygonum;GENUS;dopasowanie RODZAJ_OK;2889077;;
Polygonum amphibium;Polygonum amphibium;SPECIES;brak w tabeli dopasowań;;;
Polygonum convolvulus;Polygonum convolvulus;SPECIES;brak w tabeli dopasowań;;;
Polygonum hydropiper;Polygonum hydropiper;SPECIES;brak w tabeli dopasowań;;;
Polygonum lapathifolium;Polygonum lapathifolium agg.;SPECIES;brak w tabeli dopasowań;;;
Polygonum lapathifolium subsp. brittingeri;Polygonum lapathifolium ssp. brittingeri;SUBSPECIES;brak w tabeli dopasowań;;;
Polygonum lapathifolium subsp. lapathifolium;Polygonum lapathifolium ssp. lapathifolium;SUBSPECIES;brak w tabeli dopasowań;;;
Polygonum lapathifolium subsp. pallidum;Polygonum lapathifolium ssp. pallidum;SUBSPECIES;brak w tabeli dopasowań;;;
Polygonum minus;Polygonum minus;SPECIES;brak w tabeli dopasowań;;;
Polygonum mite;Polygonum mite;SPECIES;brak w tabeli dopasowań;;;
Polygonum viviparum;Polygonum viviparum;SPECIES;dopasowanie ALTERNATYWA;2889299;;
Polystichum aculeatum;Polystichum aculeatum;SPECIES;dopasowanie ALTERNATYWA;7319269;;
Polystichum braunii;Polystichum braunii;SPECIES;dopasowanie ALTERNATYWA;2651092;;
Polystichum lonchitis;Polystichum lonchitis;SPECIES;dopasowanie ALTERNATYWA;2651113;;
Populus euramericana;Populus × euramericana;SPECIES;brak w tabeli dopasowań;;;
Potamogeton cripus;Potamogeton cripus;SPECIES;dopasowanie ALTERNATYWA;5301162;;
Potamogeton crispus;Potamogeton crispus;SPECIES;dopasowanie ALTERNATYWA;5301162;;
Potamogeton pertoliatus;Potamogeton pertoliatus;SPECIES;dopasowanie ALTERNATYWA;5301200;;
Potamogeton zizii;Potamogeton x zizii;SPECIES;dopasowanie ALTERNATYWA;5301140;;
Potentilla anserina;Potentilla anserina;SPECIES;brak w tabeli dopasowań;;;
Potentilla arenaria;Potentilla arenaria;SPECIES;brak w tabeli dopasowań;;;
Potentilla heptaphulla;Potentilla heptaphulla;SPECIES;dopasowanie ALTERNATYWA;5366112;;
Potentilla heptaphylla;Potentilla heptaphylla;SPECIES;dopasowanie ALTERNATYWA;5366112;;
Potentilla impolita;Potentilla impolita;SPECIES;brak w tabeli dopasowań;;;
Potentilla ilinata;Potentilla incilinata;SPECIES;dopasowanie ALTERNATYWA;5365888;;
Potentilla neumanniana;Potentilla neumanniana;SPECIES;brak w tabeli dopasowań;;;
Potentilla rupestris;Potentilla rupestris;SPECIES;dopasowanie ALTERNATYWA;5364370;;
Pteridium aquillinum;Pteridium aquillinum;SPECIES;dopasowanie ALTERNATYWA;5275012;;
Pulsatilla alba;Pulsatilla alba;SPECIES;brak w tabeli dopasowań;;;
Pulsatilla slavica;Pulsatilla slavica;SPECIES;brak w tabeli dopasowań;;;
Pyrola chloranytha;Pyrola chloranytha;SPECIES;dopasowanie ALTERNATYWA;2888276;;
Ranunculus;Ranunculus;GENUS;dopasowanie RODZAJ_OK;3033294;;
Ranunculus nemorosus;Ranunculus nemorosus;SPECIES;dopasowanie ALTERNATYWA;3033263;;
Ranunculus scelaretus;Ranunculus scelaretus;SPECIES;dopasowanie ALTERNATYWA;3033374;;
Ranunculus sceleratus;Ranunculus sceleratus;SPECIES;dopasowanie ALTERNATYWA;3033374;;
Ranunculus strigulosus;Ranunculus strigulosus;SPECIES;brak w tabeli dopasowań;;;
Rhamnus catharticus;Rhamnus catharticus;SPECIES;dopasowanie ALTERNATYWA;3039491;;
Rhinanthus alpinus;Rhinanthus alpinus;SPECIES;brak w tabeli dopasowań;;;
Rhytidiadelphus triquetrus;Rhytidiadelphus triquetrus;SPECIES;brak w tabeli dopasowań;;;
Ribes spictatum;Ribes spictatum;SPECIES;dopasowanie ALTERNATYWA;2986129;;
Rosa mocrantha;Rosa mocrantha;SPECIES;dopasowanie ALTERNATYWA;3002154;;
Rubus glandulosus;Rubus glandulosus;SPECIES;brak w tabeli dopasowań;;;
Rubus grabowski;Rubus grabowski;SPECIES;dopasowanie ALTERNATYWA;8181078;;
Rubus hitrus;Rubus hitrus s.l.;SPECIES;dopasowanie ALTERNATYWA;2989697;;
Rubus ideeus;Rubus ideeus;SPECIES;dopasowanie ALTERNATYWA;7769228;;
Rubus nessensis;Rubus nessensis;SPECIES;brak w tabeli dopasowań;;;
Rubus sprengelli;Rubus sprengelli;SPECIES;dopasowanie ALTERNATYWA;2990014;;
Rumex alpestris;Rumex alpestris;SPECIES;brak w tabeli dopasowań;;;
Rumex hydrolapathun;Rumex hydrolapathun;SPECIES;dopasowanie ALTERNATYWA;7291247;;
Rumex palustros;Rumex palustros;SPECIES;dopasowanie ALTERNATYWA;4037603;;
Rumex sangiuneus;Rumex sangiuneus;SPECIES;dopasowanie ALTERNATYWA;2888960;;
Rumex sanguineus;Rumex sanguineus;SPECIES;dopasowanie ALTERNATYWA;2888960;;
Rumex ucrainicus;Rumex ucrainicus;SPECIES;dopasowanie ALTERNATYWA;4035144;;
Salix myrtillodes;Salix myrtillodes;SPECIES;dopasowanie ALTERNATYWA;7482782;;
Salix repens subsp. repens;Salix repens ssp. repens var. arenaria;SUBSPECIES;brak w tabeli dopasowań;;;
Salix repens subsp. rosmarinifolia;Salix repens ssp. rosmarinifolia;SUBSPECIES;brak w tabeli dopasowań;;;
Salix sterkeana;Salix sterkeana;SPECIES;dopasowanie ALTERNATYWA;7266759;;
Salix triandra subsp. discolor;Salix triandra ssp. discolor;SUBSPECIES;brak w tabeli dopasowań;;;
Salsola kali subsp. kali;Salsola kali ssp. kali;SUBSPECIES;brak w tabeli dopasowań;;;
Salsola kali subsp. ruthenica;Salsola kali ssp. ruthenica;SUBSPECIES;brak w tabeli dopasowań;;;
Salvia pretensis;Salvia pretensis;SPECIES;dopasowanie ALTERNATYWA;2927007;;
Sambucus ebulis;Sambucus ebulis;SPECIES;dopasowanie ALTERNATYWA;2888722;;
Sambucus ebulus;Sambucus ebulus;SPECIES;dopasowanie ALTERNATYWA;2888722;;
Samolus valeriandi;Samolus valeriandi;SPECIES;dopasowanie ALTERNATYWA;3169313;;
Sarothamnus scoparius;Sarothamnus scoparius;SPECIES;brak w tabeli dopasowań;;;
Sarothamunus scoparius;Sarothamunus scoparius;SPECIES;dopasowanie ALTERNATYWA;5354656;;
Sassurea alpina;Sassurea alpina;SPECIES;dopasowanie ALTERNATYWA;5404542;;
Sassurea pygmaea;Sassurea pygmaea;SPECIES;dopasowanie ALTERNATYWA;5404169;;
Saussurea alpina;Saussurea alpina;SPECIES;dopasowanie ALTERNATYWA;5404542;;
Saxifraga aiziodes;Saxifraga aiziodes;SPECIES;dopasowanie ALTERNATYWA;8165236;;
Saxifraga aizoides;Saxifraga aizoides;SPECIES;dopasowanie ALTERNATYWA;8165236;;
Saxifraga carpathica;Saxifraga carpathica;SPECIES;dopasowanie ALTERNATYWA;3754890;;
Saxifraga hieracifolia;Saxifraga hieracifolia;SPECIES;dopasowanie ALTERNATYWA;5567671;;
Saxifraga nivalis;Saxifraga nivalis;SPECIES;dopasowanie ALTERNATYWA;5567570;;
Saxifraga oppsitifolia;Saxifraga oppsitifolia;SPECIES;dopasowanie ALTERNATYWA;5567639;;
Saxifraga sponhemica;Saxifraga sponhemica;SPECIES;brak w tabeli dopasowań;;;
Scabiosa ochroeuca;Scabiosa ochroeuca;SPECIES;dopasowanie ALTERNATYWA;2888806;;
Scabiosa ochroleuca;Scabiosa ochroleuca;SPECIES;dopasowanie ALTERNATYWA;2888806;;
Scirpus silvaticus;Scirpus silvaticus;SPECIES;brak w tabeli dopasowań;;;
Scirpus sylvaticus;Scirpus sylvaticus;SPECIES;dopasowanie ALTERNATYWA;2720080;;
Scolochloa carniolica;Scolochloa carniolica;SPECIES;dopasowanie HIGHERRANK;5289768;;
Scolochloa festucacea;Scolochloa festucacea;SPECIES;dopasowanie ALTERNATYWA;5289769;;
Sedum reflexum;Sedum reflexum;SPECIES;brak w tabeli dopasowań;;;
Senecio aurantiacus;Senecio aurantiacus;SPECIES;dopasowanie ALTERNATYWA;4218946;;
Senecio capitatus;Senecio capitatus;SPECIES;brak w tabeli dopasowań;;;
Senecio carniolicus;Senecio carniolicus;SPECIES;brak w tabeli dopasowań;;;
Senecio carpaticus;Senecio carpaticus;SPECIES;brak w tabeli dopasowań;;;
Senecio erucifolius;Senecio erucifolius;SPECIES;brak w tabeli dopasowań;;;
Senecio fluviatilis;Senecio fluviatilis;SPECIES;brak w tabeli dopasowań;;;
Senecio nemorensis subsp. nemorensis;Senecio nemorensis ssp. nemorensis;SUBSPECIES;brak w tabeli dopasowań;;;
Senecio paludosus;Senecio paludosus;SPECIES;brak w tabeli dopasowań;;;
Senecio rivularis;Senecio rivularis;SPECIES;dopasowanie ALTERNATYWA;3108730;;
Setaria vertocillata;Setaria vertocillata;SPECIES;dopasowanie ALTERNATYWA;5289686;;
Silene;Silene;GENUS;dopasowanie RODZAJ_OK;3085897;;
Silene botysthenica;Silene botysthenica;SPECIES;dopasowanie ALTERNATYWA;7267230;;
Silene inflata;Silene inflata;SPECIES;brak w tabeli dopasowań;;;
Silene lithuanica;Silene lithuanica;SPECIES;brak w tabeli dopasowań;;;
Sinapsis arvensis;Sinapsis arvensis;SPECIES;dopasowanie ALTERNATYWA;3047598;;
Sisymbrium oriantale;Sisymbrium oriantale;SPECIES;dopasowanie ALTERNATYWA;3046812;;
Solidago;Solidago;GENUS;dopasowanie RODZAJ_OK;5388868;;
Solidago alpestris;Solidago alpestris;SPECIES;brak w tabeli dopasowań;;;
Solidago virgaurea;Solidago virgaurea;SPECIES;dopasowanie ALTERNATYWA;6077006;;
Sophora japonica;Sophora japonica;SPECIES;brak w tabeli dopasowań;;;
Sorbus aria;Sorbus aria;SPECIES;brak w tabeli dopasowań;;;
Sorbus intermedia;Sorbus intermedia;SPECIES;brak w tabeli dopasowań;;;
Sorbus torminalis;Sorbus torminalis;SPECIES;brak w tabeli dopasowań;;;
Sparganium neglectum;Sparganium neglectum;SPECIES;brak w tabeli dopasowań;;;
Spergularia salina;Spergularia salina;SPECIES;brak w tabeli dopasowań;;;
Spirodela polyrrhiza;Spirodela polyrrhiza;SPECIES;dopasowanie ALTERNATYWA;4097481;;
Stellaria;Stellaria;GENUS;dopasowanie RODZAJ_OK;3085667;;
Stellaria holostea;Stellaria holostea;SPECIES;brak w tabeli dopasowań;;;
Stellaria uliginosa;Stellaria uliginosa;SPECIES;brak w tabeli dopasowań;;;
Stipa pennata subsp. pennata;Stipa pennata ssp. pennata;SUBSPECIES;brak w tabeli dopasowań;;;
Syntrichia ruraliformis;Syntrichia ruraliformis;SPECIES;brak w tabeli dopasowań;;;
Tanacetum;Tanacetum;GENUS;dopasowanie RODZAJ_OK;3118160;;
Tanacetum alpinum;Tanacetum alpinum;SPECIES;dopasowanie ALTERNATYWA;7066268;;
Taraxacum laevigatum;Taraxacum laevigatum;SPECIES;brak w tabeli dopasowań;;;
Teesdalea nudicaulis;Teesdalea nudicaulis;SPECIES;brak w tabeli dopasowań;;;
Tetragonolobus maritimus;Tetragonolobus maritimus;SPECIES;brak w tabeli dopasowań;;;
Thalictrum flaum;Thalictrum flaum;SPECIES;dopasowanie ALTERNATYWA;7953007;;
Thalictrum minus subsp. minus;Thalictrum minus ssp. minus;SUBSPECIES;brak w tabeli dopasowań;;;
Thlaspi perfoliatum;Thlaspi perfoliatum;SPECIES;brak w tabeli dopasowań;;;
Thymus austriacus;Thymus austriacus;SPECIES;brak w tabeli dopasowań;;;
Thymus carpaticus;Thymus carpaticus;SPECIES;dopasowanie ALTERNATYWA;7306766;;
Thymus glabrescens;Thymus glabrescens;SPECIES;brak w tabeli dopasowań;;;
Thymus pulcherrimus;Thymus pulcherrimus;SPECIES;dopasowanie ALTERNATYWA;7306766;;
Thypra angustifolia;Thypra angustifolia;SPECIES;dopasowanie ALTERNATYWA;5289461;;
Thypra latifolia;Thypra latifolia;SPECIES;dopasowanie ALTERNATYWA;5289423;;
Tozzia carpatica;Tozzia carpatica;SPECIES;dopasowanie ALTERNATYWA;7657198;;
Trientalis europaea;Trientalis europaea;SPECIES;brak w tabeli dopasowań;;;
Trifolium banium;Trifolium banium;SPECIES;dopasowanie ALTERNATYWA;5359018;;
Trifolium dubim;Trifolium dubim;SPECIES;dopasowanie ALTERNATYWA;5359429;;
Trifolium dubium;Trifolium dubium;SPECIES;dopasowanie ALTERNATYWA;5359429;;
Triglochin maritimum;Triglochin maritimum;SPECIES;dopasowanie ALTERNATYWA;2865368;;
Triglochin palustre;Triglochin palustre;SPECIES;brak w tabeli dopasowań;;;
Tripleurospermum onodorum;Tripleurospermum onodorum;SPECIES;brak w tabeli dopasowań;;;
Trisetum fascum;Trisetum fascum;SPECIES;dopasowanie ALTERNATYWA;4112815;;
Trisetum fuscum;Trisetum fuscum;SPECIES;dopasowanie ALTERNATYWA;4112815;;
Trollius altissimus;Trollius altissimus;SPECIES;brak w tabeli dopasowań;;;
Typha angustifolia;Typha angustifolia;SPECIES;dopasowanie ALTERNATYWA;5289461;;
Typha latifolia;Typha latifolia;SPECIES;dopasowanie ALTERNATYWA;5289423;;
Valeriana angustifolia;Valeriana angustifolia;SPECIES;brak w tabeli dopasowań;;;
Valeriana excelsa subsp. sambucifolia;Valeriana excelsa ssp. sambucifolia;SUBSPECIES;brak w tabeli dopasowań;;;
Valeriana offcinalis;Valeriana offcinalis;SPECIES;dopasowanie ALTERNATYWA;2888763;;
Valeriana officinalis;Valeriana officinalis;SPECIES;dopasowanie ALTERNATYWA;2888763;;
Valeriana simplicifolia;Valeriana simplicifolia;SPECIES;brak w tabeli dopasowań;;;
Veratum album;Veratum album;SPECIES;dopasowanie ALTERNATYWA;2742119;;
Veratum lobelianum;Veratum lobelianum;SPECIES;dopasowanie ALTERNATYWA;2742050;;
Veratum nigrum;Veratum nigrum;SPECIES;dopasowanie ALTERNATYWA;2742096;;
Verbascum chaixii subsp. austriacum;Verbascum chaixii ssp. austriacum;SUBSPECIES;brak w tabeli dopasowań;;;
Veronica baccabunga;Veronica baccabunga;SPECIES;dopasowanie ALTERNATYWA;3172062;;
Veronica beccabunga;Veronica beccabunga;SPECIES;dopasowanie ALTERNATYWA;3172062;;
Veronica paniculata;Veronica paniculata s.l.;SPECIES;dopasowanie ALTERNATYWA;6711373;;
Veronica sperpyllifolia;Veronica sperpyllifolia;SPECIES;dopasowanie ALTERNATYWA;3172082;;
Vicia angustifolia;Vicia angustifolia;SPECIES;brak w tabeli dopasowań;;;
Vicia dasycapra;Vicia dasycapra;SPECIES;dopasowanie HIGHERRANK;2974751;;
Vicia lathyroides;Vicia lathyroides;SPECIES;dopasowanie ALTERNATYWA;2975076;;
Vicia sativa subsp. sativa;Vicia sativa ssp. sativa;SUBSPECIES;brak w tabeli dopasowań;;;
Vincetoxicum hirundianaria;Vincetoxicum hirundianaria;SPECIES;dopasowanie ALTERNATYWA;5414548;;
Vincetoxicum hirundinaria;Vincetoxicum hirundinaria;SPECIES;dopasowanie ALTERNATYWA;5414548;;
Viola lutea subsp. sudetica;Viola lutea ssp. sudetica;SUBSPECIES;brak w tabeli dopasowań;;;
Viola rechenbachiana;Viola rechenbachiana;SPECIES;brak w tabeli dopasowań;;;
Viola reichenbachiana;Viola reichenbachiana;SPECIES;dopasowanie ALTERNATYWA;5663962;;
Viscum album subsp. austriacum;Viscum album ssp. austriacum;SUBSPECIES;brak w tabeli dopasowań;;;
Vulpia bromoides;Vulpia bromoides;SPECIES;brak w tabeli dopasowań;;;
Vulpia myuros;Vulpia myuros;SPECIES;brak w tabeli dopasowań;;;
Warnstorfia exannulata;Warnstorfia exannulata;SPECIES;brak w tabeli dopasowań;;;
Warnstorfia sarmentosa;Warnstorfia sarmentosa;SPECIES;brak w tabeli dopasowań;;;
Zannichellia palustris subsp. palustris;Zannichellia palustris ssp. palustris;SUBSPECIES;brak w tabeli dopasowań;;;
