KLUCZ;NAZWA_ZRODLOWA;ILE_SKLEJONYCH;DECYZJA
achillea millefolium;Achillea millefolium;2;
achillea millefolium;Achillea millefolium s.l.;2;
agrostis canina;Agrostis canina;2;
agrostis canina;Agrostis canina s.str.;2;
agrostis stolonifera;Agrostis stolonifera;2;
agrostis stolonifera;Agrostis stolonifera s.l.;2;
anthoxanthum odoratum;Anthoxanthum odoratum;2;
anthoxanthum odoratum;Anthoxanthum odoratum s.str.;2;
bellidiastrum michelii;Bellidiastrum michelii;2;
bellidiastrum michelii;Bellidiastrum michelii orth.var.;2;
betula pubescens;Betula pubescens;2;
betula pubescens;Betula pubescens s.s.;2;
calammophila baltica;Calammophila baltica;2;
calammophila baltica;×Calammophila baltica;2;
caltha palustris;Caltha palustris;3;
caltha palustris;Caltha palustris s.l.;3;
caltha palustris;Caltha palustris s.s.;3;
cardamine amara;Cardamine amara;2;
cardamine amara;Cardamine amara s.s.;2;
carex atrata;Carex atrata;2;
carex atrata;Carex atrata s.str.;2;
carex buxbaumii;Carex buxbaumii agg.;2;
carex buxbaumii;Carex buxbaumii s.l.;2;
carex pendula;Carex pendula;2;
carex pendula;Carex pendula s.l.;2;
carex sempervirens;Carex sempervirens;2;
carex sempervirens;Carex sempervirens s.l.;2;
carlina vulgaris;Carlina vulgaris;2;
carlina vulgaris;Carlina vulgaris s.str.;2;
cerastium pumilum;Cerastium pumilum s.s;2;
cerastium pumilum;Cerastium pumilum s.str.;2;
chenopodium album;Chenopodium album;2;
chenopodium album;Chenopodium album s.str.;2;
crepis mollis;Crepis mollis;2;
crepis mollis;Crepis mollis s.str.;2;
dactylorhiza majalis;Dactylorhiza majalis;2;
dactylorhiza majalis;Dactylorhiza majalis s.l.;2;
dryopteris dilatata;Dryopteris dilatata agg.;2;
dryopteris dilatata;Dryopteris dilatata s.s.;2;
eleocharis mamillata;Eleocharis mamillata;2;
eleocharis mamillata;Eleocharis mamillata s.s.;2;
epipactis helleborine;Epipactis helleborine;2;
epipactis helleborine;Epipactis helleborine s.str.;2;
fagus sylvatica;Fagus sylvatica;2;
fagus sylvatica;Fagus sylvatica s.str.;2;
festuca ovina;Festuca ovina;3;
festuca ovina;Festuca ovina agg.;3;
festuca ovina;Festuca ovina s.s.;3;
festuca rubra;Festuca rubra;2;
festuca rubra;Festuca rubra agg.;2;
ficaria verna;Ficaria verna;2;
ficaria verna;Ficaria verna s.l.;2;
galeobdolon luteum;Galeobdolon luteum;2;
galeobdolon luteum;Galeobdolon luteum s.l.;2;
galium mollugo;Galium mollugo;3;
galium mollugo;Galium mollugo s.i.;3;
galium mollugo;Galium mollugo s.str.;3;
galium verum;Galium verum;2;
galium verum;Galium verum s.str.;2;
gentiana verna;Gentiana verna;2;
gentiana verna;Gentiana verna s.l.;2;
hieracium alpinum;Hieracium alpinum;2;
hieracium alpinum;Hieracium alpinum agg.;2;
hieracium bupleuroides;Hieracium bupleuroides;2;
hieracium bupleuroides;Hieracium bupleuroides agg.;2;
hieracium nigrescens;Hieracium nigrescens;2;
hieracium nigrescens;Hieracium nigrescens agg.;2;
juniperus communis;Juniperus communis;2;
juniperus communis;Juniperus communis s.s.;2;
larix decidua;Larix decidua;2;
larix decidua;Larix decidua s.s.;2;
lathraea squamaria;Lathraea squamaria;2;
lathraea squamaria;Lathraea squamaria s.l.;2;
leontodon autumnalis;Leontodon autumnalis;2;
leontodon autumnalis;Leontodon autumnalis s.l.;2;
leontodon hispidus;Leontodon hispidus;2;
leontodon hispidus;Leontodon hispidus s.l.;2;
leucanthemum vulgare;Leucanthemum vulgare;2;
leucanthemum vulgare;Leucanthemum vulgare s.l.;2;
molinia arundinacea;Molinia arundinacea;2;
molinia arundinacea;Molinia arundinacea s.str.;2;
monotropa hypopitys;Monotropa hypopitys;2;
monotropa hypopitys;Monotropa hypopitys s.s.;2;
montia fontana;Montia fontana;2;
montia fontana;Montia fontana s.l.;2;
myosotis palustris;Myosotis palustris;2;
myosotis palustris;Myosotis palustris s.l.;2;
oenothera biennis;Oenothera biennis;2;
oenothera biennis;Oenothera biennis s.str.;2;
phleum pratense;Phleum pratense;2;
phleum pratense;Phleum pratense s.str.;2;
poa compressa;Poa compressa;2;
poa compressa;Poa compressa s.l.;2;
poa nemoralis;Poa nemoralis;2;
poa nemoralis;Poa nemoralis s.l.;2;
polygonum aviculare;Polygonum aviculare;3;
polygonum aviculare;Polygonum aviculare agg.;3;
polygonum aviculare;Polygonum aviculare s.l.;3;
polygonum lapathifolium;Polygonum lapathifolium agg.;2;
polygonum lapathifolium;Polygonum lapathifolium s.l.;2;
polypodium vulgare;Polypodium vulgare;2;
polypodium vulgare;Polypodium vulgare s.l.;2;
populus;Populus;3;
populus;Populus Serotina;3;
populus;Populus ×;3;
populus canescens;Populus x canescens;2;
populus canescens;Populus ×canescens;2;
potamogeton nitens;Potamogeton x nitens;2;
potamogeton nitens;Potamogeton ×nitens;2;
potentilla argentea;Potentilla argentea;2;
potentilla argentea;Potentilla argentea agg.;2;
potentilla collina;Potentilla collina;2;
potentilla collina;Potentilla collina agg.;2;
pulmonaria officinalis;Pulmonaria officinalis;2;
pulmonaria officinalis;Pulmonaria officinalis s.s.;2;
ranunculus acris;Ranunculus acris;3;
ranunculus acris;Ranunculus acris s.s.;3;
ranunculus acris;Ranunculus acris s.str.;3;
ranunculus auricomus;Ranunculus auricomus s.l.;2;
ranunculus auricomus;Ranunculus auricomus s.str.;2;
rhinanthus alectorolophus;Rhinanthus alectorolophus;2;
rhinanthus alectorolophus;Rhinanthus alectorolophus s.s.;2;
rumex acetosella;Rumex acetosella;2;
rumex acetosella;Rumex acetosella s.l.;2;
salsola kali;Salsola kali;2;
salsola kali;Salsola kali s.s.;2;
scabiosa columbaria;Scabiosa columbaria;2;
scabiosa columbaria;Scabiosa columbaria s.s.;2;
silene nutans;Silene nutans;2;
silene nutans;Silene nutans s.l.;2;
solidago virgaurea;Solidago virgaurea;3;
solidago virgaurea;Solidago virgaurea s.s.;3;
solidago virgaurea;Solidago virgaurea s.str.;3;
sonchus arvensis;Sonchus arvensis;2;
sonchus arvensis;Sonchus arvensis s.l.;2;
sorbus aria;Sorbus aria;2;
sorbus aria;Sorbus aria s.l.;2;
sparganium erectum;Sparganium erectum;2;
sparganium erectum;Sparganium erectum s.s.;2;
swertia perennis;Swertia perennis;2;
swertia perennis;Swertia perennis s.s.;2;
tanacetum corymbosum;Tanacetum corymbosum;2;
tanacetum corymbosum;Tanacetum corymbosum s.s.;2;
taraxacum officinale;Taraxacum officinale;2;
taraxacum officinale;Taraxacum officinale coll.;2;
taraxacum palustre;Taraxacum palustre;2;
taraxacum palustre;Taraxacum palustre agg.;2;
taxus media;Taxus x media;2;
taxus media;Taxus ×media;2;
tragopogon pratensis;Tragopogon pratensis;3;
tragopogon pratensis;Tragopogon pratensis agg.;3;
tragopogon pratensis;Tragopogon pratensis s.s.;3;
trapa natans;Trapa natans;2;
trapa natans;Trapa natans s.l.;2;
trifolium fragiferum;Trifolium fragiferum;2;
trifolium fragiferum;Trifolium fragiferum s.l.;2;
trifolium hybridum;Trifolium hybridum agg.;2;
trifolium hybridum;Trifolium hybridum s.l.;2;
trifolium repens;Trifolium repens;2;
trifolium repens;Trifolium repens s.l.;2;
valeriana tripteris;Valeriana tripteris;2;
valeriana tripteris;Valeriana tripteris s.l.;2;
veronica chamaedrys;Veronica chamaedrys;2;
veronica chamaedrys;Veronica chamaedrys s.str.;2;
veronica hederifolia;Veronica hederifolia;3;
veronica hederifolia;Veronica hederifolia agg.;3;
veronica hederifolia;Veronica hederifolia s.s.;3;
veronica spicata;Veronica spicata;2;
veronica spicata;Veronica spicata s.l.;2;
viola canina;Viola canina;3;
viola canina;Viola canina s.l.;3;
viola canina;Viola canina s.str.;3;
viola tricolor;Viola tricolor;3;
viola tricolor;Viola tricolor s.l.;3;
viola tricolor;Viola tricolor s.str.;3;
zannichellia palustris;Zannichellia palustris;2;
zannichellia palustris;Zannichellia palustris s.l.;2;
