NAZWA_A;NAZWA_B;PODOBIENSTWO;POZIOM;DECYZJA
Achillea collina;Achillea collna;0.968;ten sam rodzaj;
Agrostis alpina;Agrostis canina;0.867;ten sam rodzaj;
Althaea;Althea;0.923;nazwa rodzajowa;
Anagallis arvensis;Anagallis arvesis;0.971;ten sam rodzaj;
Angelica silvestris;Angelica sylvestris;0.947;ten sam rodzaj;
Antchemis;Anthemis;0.941;nazwa rodzajowa;
Arabis hirsuta;Arabis hursuta;0.929;ten sam rodzaj;
Asplenium ruta-muraria;Asplenium ruta-muriria;0.955;ten sam rodzaj;
Astragalus glycyphllos;Astragalus glycyphyllos;0.978;ten sam rodzaj;
Atropa bella-donna;Atropa belladonna;0.971;ten sam rodzaj;
Baeothryon;Baeotryon;0.947;nazwa rodzajowa;
Bellis parennis;Bellis perennis;0.933;ten sam rodzaj;
Bolboschoenus;Bulboschoenus;0.923;nazwa rodzajowa;
Bromus racemosus;Bromus ramosus;0.933;ten sam rodzaj;
Bupleurum longifolium;Bupleurum rotundifolium;0.864;ten sam rodzaj;
Calamagrostis;Calamegrostis;0.923;nazwa rodzajowa;
Calamagrostis epigeios;Calamagrostis epigejos;0.955;ten sam rodzaj;
Campanula patula;Campanula platula;0.97;ten sam rodzaj;
Campanula rapunculoides;Campanula raunculoides;0.978;ten sam rodzaj;
Campanula scheichzeri;Campanula scheuchzeri;0.952;ten sam rodzaj;
Cardamine pratensis;Cardamine praternsis;0.974;ten sam rodzaj;
Cardamine recedifolia;Cardamine resedifolia;0.952;ten sam rodzaj;
Cardamine recedifolia;Cardamine trifolia;0.872;ten sam rodzaj;
Cardamine resedifolia;Cardamine trifolia;0.872;ten sam rodzaj;
Carex capiiaris;Carex capillaris;0.903;ten sam rodzaj;
Carex cuprina;Carex supina;0.88;ten sam rodzaj;
Carex elata;Carex elongata;0.88;ten sam rodzaj;
Carex ericetorum;Carex ericetrum;0.968;ten sam rodzaj;
Carex flacca;Carex flava;0.87;ten sam rodzaj;
Carex pairae;Carex piarae;0.917;ten sam rodzaj;
Carex pallens;Carex pallescens;0.897;ten sam rodzaj;
Carex parviflora;Carex pauciflora;0.875;ten sam rodzaj;
Carex supina;Carex vulpina;0.88;ten sam rodzaj;
Centaurea triumfetti;Centaurea triumfettii;0.976;ten sam rodzaj;
Centaurium litorale;Centaurium littorale;0.974;ten sam rodzaj;
Cerastium cerastodes;Cerastium cerastoides;0.976;ten sam rodzaj;
Ceratophyllum demersum;Ceratophyllum submersum;0.889;ten sam rodzaj;
Chenopodium botryodes;Chenopodium botrys;0.923;ten sam rodzaj;
Chenopodium rubrum;Chenopodium rurbrum;0.973;ten sam rodzaj;
Chenopodium rubrum;Chenopodium urbicum;0.865;ten sam rodzaj;
Chenopodium rurbrum;Chenopodium urbicum;0.895;ten sam rodzaj;
Chenopodium strictum;Chenopodium urbicum;0.872;ten sam rodzaj;
Chenopodium suecicum;Chenopodium urbicum;0.872;ten sam rodzaj;
Cirsium rivulare;Cirsium vulgare;0.903;ten sam rodzaj;
Coeloglossum viride;Coeloglossum vride;0.973;ten sam rodzaj;
Conringa;Conringia;0.941;nazwa rodzajowa;
Cotoneaster integerrimus;Cotoneaster integrrimus;0.979;ten sam rodzaj;
Crataegus rhipidophyll;Crataegus rhipidophylla;0.978;ten sam rodzaj;
Cuynoglossum;Cynoglossum;0.957;nazwa rodzajowa;
Dendranthema;Dendranttthema;0.923;nazwa rodzajowa;
Dentaria eneeaphyllos;Dentaria enneaphyllos;0.952;ten sam rodzaj;
Deschampsia caespitosa;Deschampsia cespitosa;0.977;ten sam rodzaj;
Dianthus carthusianorum;Dianthus cathusianorum;0.978;ten sam rodzaj;
Dianthus suoerbus;Dianthus superbus;0.941;ten sam rodzaj;
Dicranum scoparium;Dicranum spurium;0.882;ten sam rodzaj;
Digitaria ischaemum;Digitaria ischemum;0.973;ten sam rodzaj;
Diphasiastrum issleri;Diphasiastrum zeilleri;0.884;ten sam rodzaj;
Draba aizodes;Draba aizoides;0.963;ten sam rodzaj;
Echium russicucum;Echium russicum;0.938;ten sam rodzaj;
Epilobium alpestre;Epilobium palustre;0.889;ten sam rodzaj;
Eriophorum angustifolium;Eriophorum latifolium;0.889;ten sam rodzaj;
Eruysimum;Erysimum;0.941;nazwa rodzajowa;
Euonymous;Euonymus;0.941;nazwa rodzajowa;
Eupatorium cannabinum;Eupatorium cannabium;0.976;ten sam rodzaj;
Euphorbia lucida;Euphorbia luicida;0.97;ten sam rodzaj;
Euphorbia villosa;Euphorbia virgultosa;0.865;ten sam rodzaj;
Euphrasia picta;Euphrasia stricta;0.875;ten sam rodzaj;
Fagus sylatica;Fagus sylvatica;0.966;ten sam rodzaj;
Fallopia convolvulus;Fallopia cpnvolvulus;0.95;ten sam rodzaj;
Festuca airodes;Festuca airoides;0.968;ten sam rodzaj;
Festuca polesica;Festuca valesica;0.875;ten sam rodzaj;
Festuca valesiaca;Festuca valesica;0.97;ten sam rodzaj;
Filago arvensis;Filago avensis;0.966;ten sam rodzaj;
Filipendula ulmaria;Filipendula vulgaris;0.872;ten sam rodzaj;
Gagea pratensis;Gagea pretensis;0.933;ten sam rodzaj;
Gentiana figida;Gentiana frigida;0.968;ten sam rodzaj;
Gladiolus imbricatum;Gladiolus imbricatus;0.95;ten sam rodzaj;
Gratiola offcinalis;Gratiola officinalis;0.974;ten sam rodzaj;
Haracleum;Heracleum;0.889;nazwa rodzajowa;
Hieracium;Hiercium;0.941;nazwa rodzajowa;
Hieracium atratum;Hieracium barbatum;0.914;ten sam rodzaj;
Hieracium caesium;Hieracium caespitosum;0.895;ten sam rodzaj;
Hieracium umbellatum;Hieracium unbellatum;0.95;ten sam rodzaj;
Hyoscyamnus;Hyoscyamus;0.952;nazwa rodzajowa;
Hypericum terapterum;Hypericum tetrapterum;0.976;ten sam rodzaj;
Hypochaeris;Hypochoeris;0.909;nazwa rodzajowa;
Juncus alpino-articulatus;Juncus alpinoarticulatus;0.98;ten sam rodzaj;
Juncus atratus;Juncus capitatus;0.867;ten sam rodzaj;
Juncus gerardi;Juncus gerardin;0.966;ten sam rodzaj;
Juniperus alpina;Juniperus sabina;0.875;ten sam rodzaj;
Lactuca seriola;Lactuca serriola;0.968;ten sam rodzaj;
Lamium purpurea;Lamium purpureum;0.903;ten sam rodzaj;
Lathyrus japonicus;Lathyrus pannonicus;0.865;ten sam rodzaj;
Liparis loeselii;Liparis loeselli;0.938;ten sam rodzaj;
Lycopodium calvatum;Lycopodium clavatum;0.947;ten sam rodzaj;
Lycopus;Lypocopus;0.875;nazwa rodzajowa;
Lythrum hyssopifolia;Lythrum hysspifolia;0.974;ten sam rodzaj;
Matteuccia;Matteucia;0.947;nazwa rodzajowa;
Medicagi;Medicago;0.875;nazwa rodzajowa;
Melampyrum arvense;Melampyrum pratense;0.865;ten sam rodzaj;
Molinia caerulea;Molinia coerulea;0.938;ten sam rodzaj;
Myosotis alpestris;Myosotis palustris;0.889;ten sam rodzaj;
Odontines;Odontites;0.889;nazwa rodzajowa;
Oenanthe aqualica;Oenanthe aquatica;0.941;ten sam rodzaj;
Oenanthe lachenali;Oenanthe lachenalii;0.973;ten sam rodzaj;
Onobrychis viciaefolia;Onobrychis viciifolia;0.93;ten sam rodzaj;
Ornithogallum;Ornithogalum;0.96;nazwa rodzajowa;
Oxalis cornicu;Oxalis corniculata;0.875;ten sam rodzaj;
Oxalis dilleni;Oxalis dillenii;0.966;ten sam rodzaj;
Padus petrace;Padus petraea;0.923;ten sam rodzaj;
Papaver rheas;Papaver rhoeas;0.963;ten sam rodzaj;
Petrohagia;Petrorhagia;0.952;nazwa rodzajowa;
Pingiucula;Pinguicula;0.9;nazwa rodzajowa;
Pinus silvestris;Pinus sylvestris;0.938;ten sam rodzaj;
Pisum satium;Pisum sativum;0.96;ten sam rodzaj;
Plantago coronopus;Plantago coronpus;0.971;ten sam rodzaj;
Pleurospermum;Pleurosperum;0.96;nazwa rodzajowa;
Poa alpina;Poa aplina;0.9;ten sam rodzaj;
Poa supima;Poa supina;0.9;ten sam rodzaj;
Polistichum;Polystichum;0.909;nazwa rodzajowa;
Polygala amara;Polygala amarella;0.903;ten sam rodzaj;
Polygonatum;Polygonum;0.9;nazwa rodzajowa;
Polygonatum odoratum;Polygonatum ordoratum;0.976;ten sam rodzaj;
Polygonum lapathifolium subsp. lapathifolium;Polygonum lapathifolium subsp. pallidum;0.892;ten sam rodzaj;
Polystichum;Polytrichum;0.909;nazwa rodzajowa;
Potamogeton cripus;Potamogeton crispus;0.973;ten sam rodzaj;
Potamogeton cripus;Potamogeton rutilus;0.865;ten sam rodzaj;
Potamogeton natans;Potamogeton nitens;0.889;ten sam rodzaj;
Potamogeton pectinatus;Potamogeton pertoliatus;0.889;ten sam rodzaj;
Potamogeton perfoliatus;Potamogeton pertoliatus;0.957;ten sam rodzaj;
Potamogeton pusillus;Potamogeton rutilus;0.872;ten sam rodzaj;
Potentilla anglica;Potentilla ica;0.875;ten sam rodzaj;
Potentilla aurea;Potentilla recta;0.875;ten sam rodzaj;
Potentilla erecta;Potentilla recta;0.97;ten sam rodzaj;
Potentilla heptaphulla;Potentilla heptaphylla;0.955;ten sam rodzaj;
Potentilla ica;Potentilla recta;0.867;ten sam rodzaj;
Potentilla ilinata;Potentilla impolita;0.865;ten sam rodzaj;
Potentilla recta;Potentilla reptans;0.882;ten sam rodzaj;
Pteridium aquilinum;Pteridium aquillinum;0.974;ten sam rodzaj;
Ptilidium;Ptilium;0.875;nazwa rodzajowa;
Pulsatilla patens;Pulsatilla pratensis;0.919;ten sam rodzaj;
Pyrola chlorantha;Pyrola chloranytha;0.971;ten sam rodzaj;
Ranunculus repens;Ranunculus reptans;0.914;ten sam rodzaj;
Ranunculus repens;Ranunculus serpens;0.914;ten sam rodzaj;
Ranunculus scelaretus;Ranunculus sceleratus;0.905;ten sam rodzaj;
Reseda lutea;Reseda luteola;0.923;ten sam rodzaj;
Rhamnus cathartica;Rhamnus catharticus;0.919;ten sam rodzaj;
Ribes spicatum;Ribes spictatum;0.966;ten sam rodzaj;
Rosa micrantha;Rosa mocrantha;0.929;ten sam rodzaj;
Rubus idaeus;Rubus ideeus;0.917;ten sam rodzaj;
Rubus sprengelii;Rubus sprengelli;0.938;ten sam rodzaj;
Rumex acetosa;Rumex acetosella;0.897;ten sam rodzaj;
Rumex hydrolapathum;Rumex hydrolapathun;0.947;ten sam rodzaj;
Rumex sangiuneus;Rumex sanguineus;0.938;ten sam rodzaj;
Salvia pratensis;Salvia pretensis;0.938;ten sam rodzaj;
Sambucus ebulis;Sambucus ebulus;0.933;ten sam rodzaj;
Sarothamnus;Sarothamunus;0.957;nazwa rodzajowa;
Sassurea;Saussurea;0.941;nazwa rodzajowa;
Saxifraga aiziodes;Saxifraga aizoides;0.944;ten sam rodzaj;
Saxifraga granulata;Saxifraga paniculata;0.872;ten sam rodzaj;
Saxifraga oppositifolia;Saxifraga oppsitifolia;0.978;ten sam rodzaj;
Scabiosa ochroeuca;Scabiosa ochroleuca;0.973;ten sam rodzaj;
Scirpus silvaticus;Scirpus sylvaticus;0.944;ten sam rodzaj;
Scutellaria;Stellaria;0.9;nazwa rodzajowa;
Senecio aquaticus;Senecio aurantiacus;0.889;ten sam rodzaj;
Senecio aurantiacus;Senecio carpaticus;0.865;ten sam rodzaj;
Senecio rivularis;Senecio vulgaris;0.909;ten sam rodzaj;
Setaria verticillata;Setaria vertocillata;0.95;ten sam rodzaj;
Silene borysthenica;Silene botysthenica;0.947;ten sam rodzaj;
Sinapis;Sinapsis;0.933;nazwa rodzajowa;
Sparganium erectum;Sparganium neglectum;0.895;ten sam rodzaj;
Spirodela polyrhiza;Spirodela polyrrhiza;0.974;ten sam rodzaj;
Syntrichia ruraliformis;Syntrichia ruralis;0.878;ten sam rodzaj;
Thalictrum flaum;Thalictrum flavum;0.97;ten sam rodzaj;
Trifolium alpestre;Trifolium campestre;0.919;ten sam rodzaj;
Trifolium banium;Trifolium dubium;0.875;ten sam rodzaj;
Trifolium dubim;Trifolium dubium;0.968;ten sam rodzaj;
Trifolium dubium;Trifolium medium;0.875;ten sam rodzaj;
Trifolium patens;Trifolium pratense;0.941;ten sam rodzaj;
Trifolium patens;Trifolium repens;0.875;ten sam rodzaj;
Trifolium repens;Trifolium rubens;0.875;ten sam rodzaj;
Triglochin maritima;Triglochin maritimum;0.923;ten sam rodzaj;
Trisetum fascum;Trisetum fuscum;0.933;ten sam rodzaj;
Valeriana offcinalis;Valeriana officinalis;0.976;ten sam rodzaj;
Veratrum;Veratum;0.933;nazwa rodzajowa;
Veronica agrestis;Veronica arvensis;0.882;ten sam rodzaj;
Veronica baccabunga;Veronica beccabunga;0.947;ten sam rodzaj;
Veronica serpyllifolia;Veronica sperpyllifolia;0.978;ten sam rodzaj;
Vincetoxicum hirundianaria;Vincetoxicum hirundinaria;0.98;ten sam rodzaj;
Viola rechenbachiana;Viola reichenbachiana;0.976;ten sam rodzaj;
